run_id,distance_m,group,frame,sensor,arrival_monotonic,message_stamp,detected,measured_distance_m,signed_error_m,valid_count,inf_count,nan_count,tf_ok,contact_events_in_group
blind_zone_20260814_125953,1.20005053866559,1,1,scan,96840.878431305,846.813,True,1.1998043307116957,-0.00024620795389429517,465,255,0,True,0
blind_zone_20260814_125953,1.20005053866559,1,2,scan,96841.013034252,846.952,True,1.1986180894440648,-0.0014324492215251894,466,254,0,True,0
blind_zone_20260814_125953,1.20005053866559,1,3,scan,96841.179581928,847.091,True,1.1956235250204899,-0.00442701364510012,465,255,0,True,0
blind_zone_20260814_125953,1.20005053866559,1,4,scan,96841.346025449,847.235,True,1.199944290174432,-0.00010624849115803414,466,254,0,True,0
blind_zone_20260814_125953,1.20005053866559,1,5,scan,96841.489172754,847.377,True,1.1991606963124897,-0.0008898423531003008,466,254,0,True,0
blind_zone_20260814_125953,1.20005053866559,1,6,scan,96841.963010257,847.818,True,1.1980338755669313,-0.0020166630986586664,466,254,0,True,0
blind_zone_20260814_125953,1.20005053866559,1,7,scan,96842.136285295,847.965,True,1.1960589738599336,-0.0039915648056563224,466,254,0,True,0
blind_zone_20260814_125953,1.20005053866559,1,8,scan,96842.292587693,848.118,True,1.1967640565807935,-0.003286482084796427,466,254,0,True,0
blind_zone_20260814_125953,1.20005053866559,1,9,scan,96842.443139216,848.272,True,1.197729096260873,-0.002321442404716878,465,255,0,True,0
blind_zone_20260814_125953,1.20005053866559,1,10,scan,96842.602879224,848.415,True,1.1977575712293678,-0.002292967436222204,465,255,0,True,0
blind_zone_20260814_125953,1.20005053866559,1,11,scan,96842.779776948,848.56,True,1.1964637832139944,-0.0035867554515955913,465,255,0,True,0
blind_zone_20260814_125953,1.20005053866559,1,12,scan,96843.070667438,848.843,True,1.1971759163090585,-0.0028746223565314644,465,255,0,True,0
blind_zone_20260814_125953,1.20005053866559,1,13,scan,96843.225503895,848.983,True,1.198380848506024,-0.001669690159565862,466,254,0,True,0
blind_zone_20260814_125953,1.20005053866559,1,14,scan,96843.374560875,849.121,True,1.1984413532264806,-0.001609185439109373,465,255,0,True,0
blind_zone_20260814_125953,1.20005053866559,1,15,scan,96843.698186274,849.418,True,1.198358290557546,-0.0016922481080439145,465,255,0,True,0
blind_zone_20260814_125953,1.20005053866559,1,16,scan,96843.860441577,849.568,True,1.1958175708609113,-0.004232967804678633,466,254,0,True,0
blind_zone_20260814_125953,1.20005053866559,1,17,scan,96843.997362392,849.712,True,1.1975390675550688,-0.0025114711105211907,466,254,0,True,0
blind_zone_20260814_125953,1.20005053866559,1,18,scan,96844.346950655,849.995,True,1.1968151817273471,-0.0032353569382428393,466,254,0,True,0
blind_zone_20260814_125953,1.20005053866559,1,19,scan,96844.479198751,850.137,True,1.1959861578477253,-0.0040643808178646434,465,255,0,True,0
blind_zone_20260814_125953,1.20005053866559,1,20,scan,96844.630373053,850.282,True,1.1944306247993888,-0.005619913866201198,465,255,0,True,0
blind_zone_20260814_125953,1.20005053866559,1,1,velodyne,96840.875090808,846.813,True,1.200056552886963,6.014221372918627e-06,27387,0,1413,True,0
blind_zone_20260814_125953,1.20005053866559,1,2,velodyne,96841.176092923,847.091,True,1.2000573873519897,6.8486863997740954e-06,27269,0,1531,True,0
blind_zone_20260814_125953,1.20005053866559,1,3,velodyne,96841.341510305,847.235,True,1.2000482082366943,-2.330428895636061e-06,27406,0,1394,True,0
blind_zone_20260814_125953,1.20005053866559,1,4,velodyne,96841.484367568,847.377,True,1.2000688314437866,1.8292778196649095e-05,27350,0,1450,True,0
blind_zone_20260814_125953,1.20005053866559,1,5,velodyne,96841.954546389,847.818,True,1.2000714540481567,2.0915382566766283e-05,27399,0,1401,True,0
blind_zone_20260814_125953,1.20005053866559,1,6,velodyne,96842.134022534,847.965,True,1.200073480606079,2.2941940489129564e-05,27319,0,1481,True,0
blind_zone_20260814_125953,1.20005053866559,1,7,velodyne,96842.287550463,848.118,True,1.200048804283142,-1.7343824478821546e-06,27342,0,1458,True,0
blind_zone_20260814_125953,1.20005053866559,1,8,velodyne,96842.439154755,848.272,True,1.2000523805618286,1.841896238641283e-06,27388,0,1412,True,0
blind_zone_20260814_125953,1.20005053866559,1,9,velodyne,96842.600681243,848.415,True,1.200067400932312,1.686226672203972e-05,27386,0,1414,True,0
blind_zone_20260814_125953,1.20005053866559,1,10,velodyne,96842.776759174,848.56,True,1.2000749111175537,2.437245196373894e-05,27247,0,1553,True,0
blind_zone_20260814_125953,1.20005053866559,1,11,velodyne,96843.068372256,848.843,True,1.2000538110733032,3.272407713250658e-06,27381,0,1419,True,0
blind_zone_20260814_125953,1.20005053866559,1,12,velodyne,96843.219065245,848.983,True,1.2000466585159302,-3.880149659796217e-06,27333,0,1467,True,0
blind_zone_20260814_125953,1.20005053866559,1,13,velodyne,96843.372389615,849.121,True,1.2000526189804077,2.0803148177428454e-06,27388,0,1412,True,0
blind_zone_20260814_125953,1.20005053866559,1,14,velodyne,96843.6953769,849.418,True,1.2000560760498047,5.537384214715502e-06,27395,0,1405,True,0
blind_zone_20260814_125953,1.20005053866559,1,15,velodyne,96843.856857364,849.568,True,1.2000466585159302,-3.880149659796217e-06,27311,0,1489,True,0
blind_zone_20260814_125953,1.20005053866559,1,16,velodyne,96843.99362354,849.712,True,1.200053095817566,2.5571519759459704e-06,27411,0,1389,True,0
blind_zone_20260814_125953,1.20005053866559,1,17,velodyne,96844.341498248,849.995,True,1.2000620365142822,1.1497848692254564e-05,27386,0,1414,True,0
blind_zone_20260814_125953,1.20005053866559,1,18,velodyne,96844.474186738,850.137,True,1.2000559568405151,5.4181749251647204e-06,27356,0,1444,True,0
blind_zone_20260814_125953,1.20005053866559,1,19,velodyne,96844.627315144,850.282,True,1.200052261352539,1.7226869490905017e-06,27320,0,1480,True,0
blind_zone_20260814_125953,1.20005053866559,1,20,velodyne,96844.784911966,850.43,True,1.2000503540039062,-1.8466168372199832e-07,27317,0,1483,True,0
blind_zone_20260814_125953,1.20005053866559,2,1,scan,96844.939759888,850.57,True,1.197775202949446,-0.0022753357161440224,465,255,0,True,0
blind_zone_20260814_125953,1.20005053866559,2,2,scan,96845.078704469,850.711,True,1.1955221849088173,-0.0045283537567726295,466,254,0,True,0
blind_zone_20260814_125953,1.20005053866559,2,3,scan,96845.251408012,850.848,True,1.196052276979963,-0.0039982616856268915,466,254,0,True,0
blind_zone_20260814_125953,1.20005053866559,2,4,scan,96845.39756465,851.005,True,1.1957645037769224,-0.004286034888667523,466,254,0,True,0
blind_zone_20260814_125953,1.20005053866559,2,5,scan,96845.569521287,851.143,True,1.1954910821883988,-0.004559456477191137,467,253,0,True,0
blind_zone_20260814_125953,1.20005053866559,2,6,scan,96845.710957559,851.274,True,1.1956612002827947,-0.004389338382795316,466,254,0,True,0
blind_zone_20260814_125953,1.20005053866559,2,7,scan,96846.104173656,851.556,True,1.19677689673876,-0.0032736419268299954,465,255,0,True,0
blind_zone_20260814_125953,1.20005053866559,2,8,scan,96846.195936573,851.687,True,1.1953643141413173,-0.004686224524272697,466,254,0,True,0
blind_zone_20260814_125953,1.20005053866559,2,9,scan,96846.495025382,851.965,True,1.195021722920792,-0.005028815744797965,466,254,0,True,0
blind_zone_20260814_125953,1.20005053866559,2,10,scan,96846.82207834,852.264,True,1.1965211298926848,-0.003529408772905196,466,254,0,True,0
blind_zone_20260814_125953,1.20005053866559,2,11,scan,96846.980248497,852.4,True,1.19520432430233,-0.0048462143632599375,466,254,0,True,0
blind_zone_20260814_125953,1.20005053866559,2,12,scan,96847.141492132,852.546,True,1.194029426905794,-0.006021111759795916,466,254,0,True,0
blind_zone_20260814_125953,1.20005053866559,2,13,scan,96847.422530106,852.833,True,1.1956814268065123,-0.0043691118590776234,465,255,0,True,0
blind_zone_20260814_125953,1.20005053866559,2,14,scan,96847.740645843,853.113,True,1.1933762302333126,-0.006674308432277343,466,254,0,True,0
blind_zone_20260814_125953,1.20005053866559,2,15,scan,96847.892461567,853.252,True,1.194208497689662,-0.005842040975927887,465,255,0,True,0
blind_zone_20260814_125953,1.20005053866559,2,16,scan,96848.057544934,853.397,True,1.1968474832688587,-0.003203055396731269,466,254,0,True,0
blind_zone_20260814_125953,1.20005053866559,2,17,scan,96848.211242989,853.561,True,1.193665762146142,-0.006384776519448021,466,254,0,True,0
blind_zone_20260814_125953,1.20005053866559,2,18,scan,96848.366731282,853.701,True,1.1960484937495786,-0.004002044916011416,465,255,0,True,0
blind_zone_20260814_125953,1.20005053866559,2,19,scan,96848.706820373,853.997,True,1.1925343848338965,-0.007516153831693462,465,255,0,True,0
blind_zone_20260814_125953,1.20005053866559,2,20,scan,96848.850861329,854.15,True,1.1929050379682382,-0.007145500697351759,465,255,0,True,0
blind_zone_20260814_125953,1.20005053866559,2,1,velodyne,96844.937548963,850.57,True,1.2000497579574585,-7.807081314759046e-07,27362,0,1438,True,0
blind_zone_20260814_125953,1.20005053866559,2,2,velodyne,96845.073592338,850.711,True,1.200043797492981,-6.741172609014967e-06,27338,0,1462,True,0
blind_zone_20260814_125953,1.20005053866559,2,3,velodyne,96845.24661561,850.848,True,1.2000408172607422,-9.721404847784498e-06,27369,0,1431,True,0
blind_zone_20260814_125953,1.20005053866559,2,4,velodyne,96845.39154397,851.005,True,1.2000362873077393,-1.4251357850714186e-05,27397,0,1403,True,0
blind_zone_20260814_125953,1.20005053866559,2,5,velodyne,96845.56719125,851.143,True,1.2001075744628906,5.7035797300653e-05,27328,0,1472,True,0
blind_zone_20260814_125953,1.20005053866559,2,6,velodyne,96845.708298716,851.274,True,1.200021505355835,-2.903330975501106e-05,27403,0,1397,True,0
blind_zone_20260814_125953,1.20005053866559,2,7,velodyne,96846.114392456,851.556,True,1.2000501155853271,-4.230802628235608e-07,27432,0,1368,True,0
blind_zone_20260814_125953,1.20005053866559,2,8,velodyne,96846.193433562,851.687,True,1.2000420093536377,-8.529311952276686e-06,27360,0,1440,True,0
blind_zone_20260814_125953,1.20005053866559,2,9,velodyne,96846.492261473,851.965,True,1.2000830173492432,3.2478683653192064e-05,27396,0,1404,True,0
blind_zone_20260814_125953,1.20005053866559,2,10,velodyne,96846.820620514,852.264,True,1.2000445127487183,-6.0259168717102796e-06,27411,0,1389,True,0
blind_zone_20260814_125953,1.20005053866559,2,11,velodyne,96846.976629499,852.4,True,1.2000879049301147,3.7366264524774095e-05,27253,0,1547,True,0
blind_zone_20260814_125953,1.20005053866559,2,12,velodyne,96847.137848909,852.546,True,1.2001078128814697,5.7274215879754564e-05,27331,0,1469,True,0
blind_zone_20260814_125953,1.20005053866559,2,13,velodyne,96847.420997891,852.833,True,1.2000268697738647,-2.3668891725225905e-05,27414,0,1386,True,0
blind_zone_20260814_125953,1.20005053866559,2,14,velodyne,96847.738421072,853.113,True,1.2000513076782227,7.690126326842517e-07,27356,0,1444,True,0
blind_zone_20260814_125953,1.20005053866559,2,15,velodyne,96847.890528572,853.252,True,1.200068473815918,1.793515032799675e-05,27348,0,1452,True,0
blind_zone_20260814_125953,1.20005053866559,2,16,velodyne,96848.054485222,853.397,True,1.2000644207000732,1.388203448327019e-05,27356,0,1444,True,0
blind_zone_20260814_125953,1.20005053866559,2,17,velodyne,96848.209623681,853.561,True,1.2000542879104614,3.749244871453783e-06,27270,0,1530,True,0
blind_zone_20260814_125953,1.20005053866559,2,18,velodyne,96848.704634405,853.997,True,1.2000160217285156,-3.4516937074347e-05,27346,0,1454,True,0
blind_zone_20260814_125953,1.20005053866559,2,19,velodyne,96848.847795656,854.15,True,1.2000356912612915,-1.4847404298468092e-05,27246,0,1554,True,0
blind_zone_20260814_125953,1.20005053866559,2,20,velodyne,96849.001328633,854.302,True,1.2002211809158325,0.00017064225024254753,27292,0,1508,True,0
blind_zone_20260814_125953,1.20005053866559,3,1,scan,96849.139256487,854.447,True,1.1930488744970706,-0.007001664168519328,466,254,0,True,0
blind_zone_20260814_125953,1.20005053866559,3,2,scan,96849.610563095,854.874,True,1.19367952286679,-0.0063710157987999505,466,254,0,True,0
blind_zone_20260814_125953,1.20005053866559,3,3,scan,96849.782305308,855.017,True,1.1943489209315823,-0.00570161773400768,466,254,0,True,0
blind_zone_20260814_125953,1.20005053866559,3,4,scan,96849.899565311,855.158,True,1.1921228363756577,-0.007927702289932226,465,255,0,True,0
blind_zone_20260814_125953,1.20005053866559,3,5,scan,96850.06689447,855.292,True,1.1926660309720805,-0.007384507693509512,466,254,0,True,0
blind_zone_20260814_125953,1.20005053866559,3,6,scan,96850.207272006,855.437,True,1.1921256273377647,-0.007924911327825246,465,255,0,True,0
blind_zone_20260814_125953,1.20005053866559,3,7,scan,96850.364676846,855.585,True,1.1921269714110545,-0.007923567254535469,467,253,0,True,0
blind_zone_20260814_125953,1.20005053866559,3,8,scan,96850.527699932,855.717,True,1.1919637659441442,-0.008086772721445756,466,254,0,True,0
blind_zone_20260814_125953,1.20005053866559,3,9,scan,96850.660957945,855.863,True,1.1922629035601267,-0.00778763510546332,466,254,0,True,0
blind_zone_20260814_125953,1.20005053866559,3,10,scan,96850.813162671,856.003,True,1.192484536941238,-0.007566001724351956,466,254,0,True,0
blind_zone_20260814_125953,1.20005053866559,3,11,scan,96851.344672144,856.429,True,1.1936563573788648,-0.006394181286725198,465,255,0,True,0
blind_zone_20260814_125953,1.20005053866559,3,12,scan,96851.811752768,856.869,True,1.1936028907763665,-0.006447647889223473,465,255,0,True,0
blind_zone_20260814_125953,1.20005053866559,3,13,scan,96852.12267406,857.17,True,1.190122691955434,-0.009927846710156008,466,254,0,True,0
blind_zone_20260814_125953,1.20005053866559,3,14,scan,96852.265967001,857.317,True,1.1923383171606425,-0.007712221504947436,466,254,0,True,0
blind_zone_20260814_125953,1.20005053866559,3,15,scan,96852.418070769,857.459,True,1.1914800486045616,-0.00857049006102839,466,254,0,True,0
blind_zone_20260814_125953,1.20005053866559,3,16,scan,96852.579427242,857.607,True,1.1916409521464986,-0.008409586519091405,465,255,0,True,0
blind_zone_20260814_125953,1.20005053866559,3,17,scan,96852.72297516,857.75,True,1.1911511871582154,-0.008899351507374531,465,255,0,True,0
blind_zone_20260814_125953,1.20005053866559,3,18,scan,96852.878641502,857.898,True,1.191105904386043,-0.008944634279546948,465,255,0,True,0
blind_zone_20260814_125953,1.20005053866559,3,19,scan,96853.21463711,858.041,True,1.1914699624680831,-0.00858057619750685,466,254,0,True,0
blind_zone_20260814_125953,1.20005053866559,3,20,scan,96853.231486491,858.192,True,1.191428919186927,-0.008621619478663023,466,254,0,True,0
blind_zone_20260814_125953,1.20005053866559,3,1,velodyne,96849.606577051,854.874,True,1.2000467777252197,-3.760940370245436e-06,27375,0,1425,True,0
blind_zone_20260814_125953,1.20005053866559,3,2,velodyne,96849.77799659,855.017,True,1.2000991106033325,4.857193774254753e-05,27332,0,1468,True,0
blind_zone_20260814_125953,1.20005053866559,3,3,velodyne,96849.897828883,855.158,True,1.2006272077560425,0.0005766690904525085,27329,0,1471,True,0
blind_zone_20260814_125953,1.20005053866559,3,4,velodyne,96850.064692282,855.292,True,1.2000517845153809,1.2458497908873767e-06,27382,0,1418,True,0
blind_zone_20260814_125953,1.20005053866559,3,5,velodyne,96850.362921653,855.585,True,1.2000571489334106,6.610267820672533e-06,27355,0,1445,True,0
blind_zone_20260814_125953,1.20005053866559,3,6,velodyne,96850.523584767,855.717,True,1.2001680135726929,0.0001174749071028991,27271,0,1529,True,0
blind_zone_20260814_125953,1.20005053866559,3,7,velodyne,96850.657314561,855.863,True,1.2000244855880737,-2.605307751624153e-05,27409,0,1391,True,0
blind_zone_20260814_125953,1.20005053866559,3,8,velodyne,96850.811120943,856.003,True,1.200035572052002,-1.4966613588018873e-05,27316,0,1484,True,0
blind_zone_20260814_125953,1.20005053866559,3,9,velodyne,96851.113751437,856.282,True,1.2000491619110107,-1.3767545792298108e-06,27384,0,1416,True,0
blind_zone_20260814_125953,1.20005053866559,3,10,velodyne,96851.342510151,856.429,True,1.2000524997711182,1.961105528192064e-06,27377,0,1423,True,0
blind_zone_20260814_125953,1.20005053866559,3,11,velodyne,96851.809397022,856.869,True,1.2000210285186768,-2.9510146913214186e-05,27367,0,1433,True,0
blind_zone_20260814_125953,1.20005053866559,3,12,velodyne,96852.119639825,857.17,True,1.200740933418274,0.0006903947526839538,27383,0,1417,True,0
blind_zone_20260814_125953,1.20005053866559,3,13,velodyne,96852.263648334,857.317,True,1.2001068592071533,5.6320541563348314e-05,27381,0,1419,True,0
blind_zone_20260814_125953,1.20005053866559,3,14,velodyne,96852.414668646,857.459,True,1.200100302696228,4.9764030638055345e-05,27271,0,1529,True,0
blind_zone_20260814_125953,1.20005053866559,3,15,velodyne,96852.576038154,857.607,True,1.2000432014465332,-7.337219056768873e-06,27407,0,1393,True,0
blind_zone_20260814_125953,1.20005053866559,3,16,velodyne,96852.720342016,857.75,True,1.1999659538269043,-8.458483868567512e-05,27383,0,1417,True,0
blind_zone_20260814_125953,1.20005053866559,3,17,velodyne,96852.875169379,857.898,True,1.2010191679000854,0.0009686292344954772,27386,0,1414,True,0
blind_zone_20260814_125953,1.20005053866559,3,18,velodyne,96853.228540151,858.192,True,1.199820876121521,-0.0002296625440689759,27363,0,1437,True,0
blind_zone_20260814_125953,1.20005053866559,3,19,velodyne,96853.374217923,858.338,True,1.2000614404678345,1.0901802244500658e-05,27402,0,1398,True,0
blind_zone_20260814_125953,1.20005053866559,3,20,velodyne,96853.682290682,858.624,True,1.1998896598815918,-0.00016087878399817512,27384,0,1416,True,0
blind_zone_20260814_125953,1.0997391514168555,1,1,scan,96854.811477492,859.656,True,1.0983642034278616,-0.0013749479889939575,468,252,0,True,0
blind_zone_20260814_125953,1.0997391514168555,1,2,scan,96854.960255834,859.796,True,1.0985927637463473,-0.001146387670508231,468,252,0,True,0
blind_zone_20260814_125953,1.0997391514168555,1,3,scan,96855.11205159,859.935,True,1.0963722077793077,-0.003366943637547859,469,251,0,True,0
blind_zone_20260814_125953,1.0997391514168555,1,4,scan,96855.426323606,860.225,True,1.097935348559309,-0.0018038028575464438,468,252,0,True,0
blind_zone_20260814_125953,1.0997391514168555,1,5,scan,96855.588345758,860.366,True,1.0960284767181248,-0.003710674698730765,468,252,0,True,0
blind_zone_20260814_125953,1.0997391514168555,1,6,scan,96855.718929935,860.51,True,1.0980439094046461,-0.0016952420122093859,468,252,0,True,0
blind_zone_20260814_125953,1.0997391514168555,1,7,scan,96855.882031126,860.651,True,1.0989287973314268,-0.0008103540854287328,468,252,0,True,0
blind_zone_20260814_125953,1.0997391514168555,1,8,scan,96856.040921521,860.8,True,1.096083361717682,-0.0036557896991735728,468,252,0,True,0
blind_zone_20260814_125953,1.0997391514168555,1,9,scan,96856.195133447,860.937,True,1.0969850407191801,-0.0027541106976753937,468,252,0,True,0
blind_zone_20260814_125953,1.0997391514168555,1,10,scan,96856.359272208,861.083,True,1.0975061629615224,-0.0022329884553331514,470,250,0,True,0
blind_zone_20260814_125953,1.0997391514168555,1,11,scan,96856.517831023,861.228,True,1.0962848663248748,-0.0034542850919807577,470,250,0,True,0
blind_zone_20260814_125953,1.0997391514168555,1,12,scan,96856.662295701,861.372,True,1.0978315529916856,-0.0019075984251699651,470,250,0,True,0
blind_zone_20260814_125953,1.0997391514168555,1,13,scan,96856.815135542,861.517,True,1.0976057135032007,-0.0021334379136548343,468,252,0,True,0
blind_zone_20260814_125953,1.0997391514168555,1,14,scan,96856.978200305,861.662,True,1.0958855410892532,-0.0038536103276023415,470,250,0,True,0
blind_zone_20260814_125953,1.0997391514168555,1,15,scan,96857.153966142,861.811,True,1.0959093577128671,-0.0038297937039883934,470,250,0,True,0
blind_zone_20260814_125953,1.0997391514168555,1,16,scan,96857.313244695,861.952,True,1.097545403297681,-0.002193748119174499,468,252,0,True,0
blind_zone_20260814_125953,1.0997391514168555,1,17,scan,96857.467969791,862.103,True,1.0984064769785968,-0.0013326744382586853,468,252,0,True,0
blind_zone_20260814_125953,1.0997391514168555,1,18,scan,96857.780893473,862.391,True,1.0951004538253235,-0.004638697591532015,469,251,0,True,0
blind_zone_20260814_125953,1.0997391514168555,1,19,scan,96857.910937432,862.539,True,1.0983951091684871,-0.0013440422483683712,469,251,0,True,0
blind_zone_20260814_125953,1.0997391514168555,1,20,scan,96858.069697236,862.678,True,1.0946294686175686,-0.005109682799286919,468,252,0,True,0
blind_zone_20260814_125953,1.0997391514168555,1,1,velodyne,96854.809896184,859.656,True,1.0997416973114014,2.5458945458467497e-06,27387,0,1413,True,0
blind_zone_20260814_125953,1.0997391514168555,1,2,velodyne,96854.955242679,859.796,True,1.0997370481491089,-2.103267746633719e-06,27394,0,1406,True,0
blind_zone_20260814_125953,1.0997391514168555,1,3,velodyne,96855.108349577,859.935,True,1.0997437238693237,4.572452468210031e-06,27326,0,1474,True,0
blind_zone_20260814_125953,1.0997391514168555,1,4,velodyne,96855.423041077,860.225,True,1.0997403860092163,1.234592360788156e-06,27368,0,1432,True,0
blind_zone_20260814_125953,1.0997391514168555,1,5,velodyne,96855.58465182,860.366,True,1.0997419357299805,2.784313124948312e-06,27266,0,1534,True,0
blind_zone_20260814_125953,1.0997391514168555,1,6,velodyne,96855.717712629,860.51,True,1.0997464656829834,7.314266127878e-06,27376,0,1424,True,0
blind_zone_20260814_125953,1.0997391514168555,1,7,velodyne,96855.879838345,860.651,True,1.0997333526611328,-5.798755722707938e-06,27372,0,1428,True,0
blind_zone_20260814_125953,1.0997391514168555,1,8,velodyne,96856.039099604,860.8,True,1.0997443199157715,5.168498915963937e-06,27383,0,1417,True,0
blind_zone_20260814_125953,1.0997391514168555,1,9,velodyne,96856.192046193,860.937,True,1.0997562408447266,1.7089427871042062e-05,27395,0,1405,True,0
blind_zone_20260814_125953,1.0997391514168555,1,10,velodyne,96856.356373436,861.083,True,1.099740743637085,1.5922202294404997e-06,27380,0,1420,True,0
blind_zone_20260814_125953,1.0997391514168555,1,11,velodyne,96856.515628544,861.228,True,1.0997405052185059,1.3538016503389372e-06,27266,0,1534,True,0
blind_zone_20260814_125953,1.0997391514168555,1,12,velodyne,96856.660383424,861.372,True,1.0997350215911865,-4.129825668997e-06,27386,0,1414,True,0
blind_zone_20260814_125953,1.0997391514168555,1,13,velodyne,96856.81288333,861.517,True,1.099737286567688,-1.8648491675321566e-06,27352,0,1448,True,0
blind_zone_20260814_125953,1.0997391514168555,1,14,velodyne,96856.976442788,861.662,True,1.0997400283813477,8.769644921358122e-07,27255,0,1545,True,0
blind_zone_20260814_125953,1.0997391514168555,1,15,velodyne,96857.150388632,861.811,True,1.0997346639633179,-4.487453537649344e-06,27384,0,1416,True,0
blind_zone_20260814_125953,1.0997391514168555,1,16,velodyne,96857.310682824,861.952,True,1.0997381210327148,-1.0303841406766878e-06,27359,0,1441,True,0
blind_zone_20260814_125953,1.0997391514168555,1,17,velodyne,96857.466483121,862.103,True,1.0997459888458252,6.837428969674875e-06,27413,0,1387,True,0
blind_zone_20260814_125953,1.0997391514168555,1,18,velodyne,96857.778702746,862.391,True,1.099744439125061,5.2877082055147184e-06,27301,0,1499,True,0
blind_zone_20260814_125953,1.0997391514168555,1,19,velodyne,96857.908471971,862.539,True,1.099735975265503,-3.1761513525907503e-06,27397,0,1403,True,0
blind_zone_20260814_125953,1.0997391514168555,1,20,velodyne,96858.067227527,862.678,True,1.0997403860092163,1.234592360788156e-06,27395,0,1405,True,0
blind_zone_20260814_125953,1.0997391514168555,2,1,scan,96858.225859772,862.819,True,1.0967117301020681,-0.003027421314787393,470,250,0,True,0
blind_zone_20260814_125953,1.0997391514168555,2,2,scan,96858.372577565,862.962,True,1.0963032497668819,-0.0034359016499736494,468,252,0,True,0
blind_zone_20260814_125953,1.0997391514168555,2,3,scan,96858.542530482,863.109,True,1.093910932532778,-0.005828218884077474,470,250,0,True,0
blind_zone_20260814_125953,1.0997391514168555,2,4,scan,96858.707130199,863.263,True,1.096487018097488,-0.0032521333193675783,470,250,0,True,0
blind_zone_20260814_125953,1.0997391514168555,2,5,scan,96858.863218618,863.423,True,1.095713496200062,-0.004025655216793433,468,252,0,True,0
blind_zone_20260814_125953,1.0997391514168555,2,6,scan,96859.050161481,863.558,True,1.095767281891428,-0.003971869525427607,469,251,0,True,0
blind_zone_20260814_125953,1.0997391514168555,2,7,scan,96859.166865382,863.702,True,1.0950074585810643,-0.004731692835791224,470,250,0,True,0
blind_zone_20260814_125953,1.0997391514168555,2,8,scan,96859.346756347,863.846,True,1.0960198894670645,-0.0037192619497909973,469,251,0,True,0
blind_zone_20260814_125953,1.0997391514168555,2,9,scan,96859.491271772,863.995,True,1.0942729898385775,-0.0054661615782780615,469,251,0,True,0
blind_zone_20260814_125953,1.0997391514168555,2,10,scan,96859.658584624,864.141,True,1.095309637838639,-0.004429513578216415,470,250,0,True,0
blind_zone_20260814_125953,1.0997391514168555,2,11,scan,96859.801579396,864.288,True,1.0964969923805081,-0.0032421590363473918,468,252,0,True,0
blind_zone_20260814_125953,1.0997391514168555,2,12,scan,96859.962100216,864.435,True,1.0944845777723025,-0.005254573644553062,469,251,0,True,0
blind_zone_20260814_125953,1.0997391514168555,2,13,scan,96860.125528804,864.583,True,1.0943019631260786,-0.005437188290776884,470,250,0,True,0
blind_zone_20260814_125953,1.0997391514168555,2,14,scan,96860.568476255,865.005,True,1.0940702491741385,-0.005668902242716989,469,251,0,True,0
blind_zone_20260814_125953,1.0997391514168555,2,15,scan,96860.726335538,865.146,True,1.0955353607497078,-0.004203790667147711,469,251,0,True,0
blind_zone_20260814_125953,1.0997391514168555,2,16,scan,96860.888267127,865.292,True,1.094104620078225,-0.005634531338630566,469,251,0,True,0
blind_zone_20260814_125953,1.0997391514168555,2,17,scan,96861.062852642,865.438,True,1.0984530832425388,-0.0012860681743167568,470,250,0,True,0
blind_zone_20260814_125953,1.0997391514168555,2,18,scan,96861.189973888,865.577,True,1.0941070174666014,-0.005632133950254081,469,251,0,True,0
blind_zone_20260814_125953,1.0997391514168555,2,19,scan,96861.346087917,865.723,True,1.0945312979141835,-0.005207853502672055,470,250,0,True,0
blind_zone_20260814_125953,1.0997391514168555,2,20,scan,96861.509684,865.865,True,1.0943837529032796,-0.005355398513575915,469,251,0,True,0
blind_zone_20260814_125953,1.0997391514168555,2,1,velodyne,96858.220761417,862.819,True,1.0997341871261597,-4.964290695852469e-06,27363,0,1437,True,0
blind_zone_20260814_125953,1.0997391514168555,2,2,velodyne,96858.37089058,862.962,True,1.0997439622879028,4.8108710473115934e-06,27366,0,1434,True,0
blind_zone_20260814_125953,1.0997391514168555,2,3,velodyne,96858.538407271,863.109,True,1.0997347831726074,-4.368244248098563e-06,27328,0,1472,True,0
blind_zone_20260814_125953,1.0997391514168555,2,4,velodyne,96858.705051762,863.263,True,1.0997364521026611,-2.6993141943876253e-06,27412,0,1388,True,0
blind_zone_20260814_125953,1.0997391514168555,2,5,velodyne,96858.860251839,863.423,True,1.099734902381897,-4.2490349585477816e-06,27356,0,1444,True,0
blind_zone_20260814_125953,1.0997391514168555,2,6,velodyne,96859.048425855,863.558,True,1.0997331142425537,-6.0371743018095e-06,27280,0,1520,True,0
blind_zone_20260814_125953,1.0997391514168555,2,7,velodyne,96859.342775402,863.846,True,1.0997421741485596,3.0227317040498747e-06,27398,0,1402,True,0
blind_zone_20260814_125953,1.0997391514168555,2,8,velodyne,96859.48781106,863.995,True,1.0997380018234253,-1.149593430227469e-06,27363,0,1437,True,0
blind_zone_20260814_125953,1.0997391514168555,2,9,velodyne,96859.655218419,864.141,True,1.0997244119644165,-1.4739452439016532e-05,27248,0,1552,True,0
blind_zone_20260814_125953,1.0997391514168555,2,10,velodyne,96859.798880509,864.288,True,1.0997406244277954,1.4730109398897184e-06,27425,0,1375,True,0
blind_zone_20260814_125953,1.0997391514168555,2,11,velodyne,96860.121948488,864.583,True,1.0997610092163086,2.1857799453073312e-05,27360,0,1440,True,0
blind_zone_20260814_125953,1.0997391514168555,2,12,velodyne,96860.567055287,865.005,True,1.099739909172058,7.577552025850309e-07,27381,0,1419,True,0
blind_zone_20260814_125953,1.0997391514168555,2,13,velodyne,96860.724418693,865.146,True,1.099740982055664,1.8306388085420622e-06,27371,0,1429,True,0
blind_zone_20260814_125953,1.0997391514168555,2,14,velodyne,96860.886569372,865.292,True,1.0997428894042969,3.737987441354562e-06,27391,0,1409,True,0
blind_zone_20260814_125953,1.0997391514168555,2,15,velodyne,96861.060087671,865.438,True,1.0997414588928223,2.307475966745187e-06,27370,0,1430,True,0
blind_zone_20260814_125953,1.0997391514168555,2,16,velodyne,96861.186425913,865.577,True,1.0997565984725952,1.7447055739694406e-05,27351,0,1449,True,0
blind_zone_20260814_125953,1.0997391514168555,2,17,velodyne,96861.344162046,865.723,True,1.0997390747070312,-7.670982427043782e-08,27367,0,1433,True,0
blind_zone_20260814_125953,1.0997391514168555,2,18,velodyne,96861.506226804,865.865,True,1.0997374057769775,-1.7456398779813753e-06,27408,0,1392,True,0
blind_zone_20260814_125953,1.0997391514168555,2,19,velodyne,96861.64796055,866.002,True,1.099759817123413,2.06657065575655e-05,27284,0,1516,True,0
blind_zone_20260814_125953,1.0997391514168555,2,20,velodyne,96861.817642105,866.148,True,1.0997388362884521,-3.151284033720003e-07,27377,0,1423,True,0
blind_zone_20260814_125953,1.0997391514168555,3,1,scan,96861.965692765,866.291,True,1.0938877461663667,-0.005851405250488773,470,250,0,True,0
blind_zone_20260814_125953,1.0997391514168555,3,2,scan,96862.144492643,866.432,True,1.093431079990406,-0.006308071426449624,470,250,0,True,0
blind_zone_20260814_125953,1.0997391514168555,3,3,scan,96862.27210587,866.572,True,1.093142235167952,-0.006596916248903462,469,251,0,True,0
blind_zone_20260814_125953,1.0997391514168555,3,4,scan,96862.577923773,866.858,True,1.094615404081734,-0.0051237473351215534,469,251,0,True,0
blind_zone_20260814_125953,1.0997391514168555,3,5,scan,96862.726771545,867.0,True,1.0933344676163825,-0.006404683800472988,469,251,0,True,0
blind_zone_20260814_125953,1.0997391514168555,3,6,scan,96863.056643146,867.282,True,1.0942565598538743,-0.005482591562981254,469,251,0,True,0
blind_zone_20260814_125953,1.0997391514168555,3,7,scan,96863.197287776,867.423,True,1.0922483072439355,-0.007490844172920008,469,251,0,True,0
blind_zone_20260814_125953,1.0997391514168555,3,8,scan,96863.332588863,867.565,True,1.0933544091516285,-0.006384742265227006,468,252,0,True,0
blind_zone_20260814_125953,1.0997391514168555,3,9,scan,96863.485741967,867.712,True,1.0958597081304304,-0.0038794432864250883,468,252,0,True,0
blind_zone_20260814_125953,1.0997391514168555,3,10,scan,96863.644296303,867.854,True,1.0911466880689347,-0.008592463347920853,470,250,0,True,0
blind_zone_20260814_125953,1.0997391514168555,3,11,scan,96863.80103235,868.002,True,1.0942197319058085,-0.005519419511047063,470,250,0,True,0
blind_zone_20260814_125953,1.0997391514168555,3,12,scan,96863.958349472,868.146,True,1.093314844295759,-0.00642430712109654,468,252,0,True,0
blind_zone_20260814_125953,1.0997391514168555,3,13,scan,96864.125500628,868.291,True,1.0936870574870035,-0.006052093929852065,471,249,0,True,0
blind_zone_20260814_125953,1.0997391514168555,3,14,scan,96864.26533328,868.431,True,1.0912065757417313,-0.008532575675124221,471,249,0,True,0
blind_zone_20260814_125953,1.0997391514168555,3,15,scan,96864.420613073,868.575,True,1.0918315168797548,-0.00790763453710075,469,251,0,True,0
blind_zone_20260814_125953,1.0997391514168555,3,16,scan,96864.58886654,868.725,True,1.0937951881198495,-0.005943963297005972,470,250,0,True,0
blind_zone_20260814_125953,1.0997391514168555,3,17,scan,96864.909387819,869.012,True,1.092066544301247,-0.007672607115608576,470,250,0,True,0
blind_zone_20260814_125953,1.0997391514168555,3,18,scan,96865.051950749,869.155,True,1.0910638977512663,-0.008675253665589189,470,250,0,True,0
blind_zone_20260814_125953,1.0997391514168555,3,19,scan,96865.236639956,869.303,True,1.0939843682336796,-0.005754783183175904,470,250,0,True,0
blind_zone_20260814_125953,1.0997391514168555,3,20,scan,96865.366268786,869.453,True,1.0920777324579842,-0.007661418958871291,469,251,0,True,0
blind_zone_20260814_125953,1.0997391514168555,3,1,velodyne,96861.962714475,866.291,True,1.0997271537780762,-1.1997638779348563e-05,27341,0,1459,True,0
blind_zone_20260814_125953,1.0997391514168555,3,2,velodyne,96862.141419756,866.432,True,1.0997461080551147,6.956638259225656e-06,27363,0,1437,True,0
blind_zone_20260814_125953,1.0997391514168555,3,3,velodyne,96862.270320391,866.572,True,1.0997278690338135,-1.1282383042043875e-05,27387,0,1413,True,0
blind_zone_20260814_125953,1.0997391514168555,3,4,velodyne,96862.57587952,866.858,True,1.0997463464736938,7.1950568383272184e-06,27378,0,1422,True,0
blind_zone_20260814_125953,1.0997391514168555,3,5,velodyne,96862.723339637,867.0,True,1.0997573137283325,1.8162311476999093e-05,27331,0,1469,True,0
blind_zone_20260814_125953,1.0997391514168555,3,6,velodyne,96863.054032033,867.282,True,1.099724292755127,-1.4858661728567313e-05,27395,0,1405,True,0
blind_zone_20260814_125953,1.0997391514168555,3,7,velodyne,96863.194413861,867.423,True,1.0997257232666016,-1.3428150253957938e-05,27305,0,1495,True,0
blind_zone_20260814_125953,1.0997391514168555,3,8,velodyne,96863.341818304,867.565,True,1.0998127460479736,7.359463111811237e-05,27379,0,1421,True,0
blind_zone_20260814_125953,1.0997391514168555,3,9,velodyne,96863.484271146,867.712,True,1.0997563600540161,1.7208637160592843e-05,27386,0,1414,True,0
blind_zone_20260814_125953,1.0997391514168555,3,10,velodyne,96863.799666585,868.002,True,1.0997414588928223,2.307475966745187e-06,27384,0,1416,True,0
blind_zone_20260814_125953,1.0997391514168555,3,11,velodyne,96863.954596994,868.146,True,1.0997393131256104,1.6170875483112468e-07,27334,0,1466,True,0
blind_zone_20260814_125953,1.0997391514168555,3,12,velodyne,96864.12214951,868.291,True,1.0997331142425537,-6.0371743018095e-06,27385,0,1415,True,0
blind_zone_20260814_125953,1.0997391514168555,3,13,velodyne,96864.263190552,868.431,True,1.09965980052948,-7.935088737553997e-05,27382,0,1418,True,0
blind_zone_20260814_125953,1.0997391514168555,3,14,velodyne,96864.418929454,868.575,True,1.0997971296310425,5.797821418696003e-05,27268,0,1532,True,0
blind_zone_20260814_125953,1.0997391514168555,3,15,velodyne,96864.58717696,868.725,True,1.0996859073638916,-5.3244052963918875e-05,27407,0,1393,True,0
blind_zone_20260814_125953,1.0997391514168555,3,16,velodyne,96864.761395655,868.861,True,1.0997331142425537,-6.0371743018095e-06,27384,0,1416,True,0
blind_zone_20260814_125953,1.0997391514168555,3,17,velodyne,96864.906633187,869.012,True,1.0998306274414062,9.147602455072956e-05,27283,0,1517,True,0
blind_zone_20260814_125953,1.0997391514168555,3,18,velodyne,96865.050118141,869.155,True,1.0997090339660645,-3.0117450791067313e-05,27258,0,1542,True,0
blind_zone_20260814_125953,1.0997391514168555,3,19,velodyne,96865.233124451,869.303,True,1.0997273921966553,-1.1759220200247e-05,27424,0,1376,True,0
blind_zone_20260814_125953,1.0997391514168555,3,20,velodyne,96865.360881219,869.453,True,1.099674105644226,-6.504577262944622e-05,27267,0,1533,True,0
blind_zone_20260814_125953,1.0003585783528572,1,1,scan,96866.491980369,870.474,True,0.997791230671156,-0.002567347681701193,472,248,0,True,0
blind_zone_20260814_125953,1.0003585783528572,1,2,scan,96866.651222085,870.64,True,1.000170157642312,-0.0001884207105451452,473,247,0,True,0
blind_zone_20260814_125953,1.0003585783528572,1,3,scan,96866.8291718,870.782,True,0.9985822138144158,-0.0017763645384414328,472,248,0,True,0
blind_zone_20260814_125953,1.0003585783528572,1,4,scan,96867.016798364,870.912,True,0.9972219769060336,-0.0031366014468235948,473,247,0,True,0
blind_zone_20260814_125953,1.0003585783528572,1,5,scan,96867.158570136,871.046,True,0.9994892835947358,-0.0008692947581214749,474,246,0,True,0
blind_zone_20260814_125953,1.0003585783528572,1,6,scan,96867.30904723,871.2,True,0.9985203362476605,-0.0018382421051967857,473,247,0,True,0
blind_zone_20260814_125953,1.0003585783528572,1,7,scan,96867.474291953,871.352,True,0.997118044388932,-0.0032405339639252073,473,247,0,True,0
blind_zone_20260814_125953,1.0003585783528572,1,8,scan,96867.921837411,871.776,True,0.9985443002125368,-0.0018142781403204244,472,248,0,True,0
blind_zone_20260814_125953,1.0003585783528572,1,9,scan,96868.077396881,871.92,True,0.9978841359961452,-0.0024744423567120144,473,247,0,True,0
blind_zone_20260814_125953,1.0003585783528572,1,10,scan,96868.233127151,872.056,True,0.9983285464156852,-0.0020300319371719944,473,247,0,True,0
blind_zone_20260814_125953,1.0003585783528572,1,11,scan,96868.520567557,872.346,True,0.9981913537131386,-0.0021672246397186345,473,247,0,True,0
blind_zone_20260814_125953,1.0003585783528572,1,12,scan,96868.674467224,872.483,True,0.9992019071247901,-0.0011566712280671743,472,248,0,True,0
blind_zone_20260814_125953,1.0003585783528572,1,13,scan,96868.842954946,872.629,True,0.9963967521813017,-0.003961826171555494,472,248,0,True,0
blind_zone_20260814_125953,1.0003585783528572,1,14,scan,96869.14186786,872.91,True,0.9992913737044868,-0.0010672046483704012,473,247,0,True,0
blind_zone_20260814_125953,1.0003585783528572,1,15,scan,96869.611931788,873.345,True,0.9990212469453877,-0.0013373314074694997,472,248,0,True,0
blind_zone_20260814_125953,1.0003585783528572,1,16,scan,96869.78733246,873.488,True,0.9970513358215413,-0.0033072425313159792,473,247,0,True,0
blind_zone_20260814_125953,1.0003585783528572,1,17,scan,96869.944940956,873.637,True,0.9994389195735894,-0.0009196587792678068,473,247,0,True,0
blind_zone_20260814_125953,1.0003585783528572,1,18,scan,96870.063341771,873.78,True,0.9960800035811831,-0.0042785747716741485,472,248,0,True,0
blind_zone_20260814_125953,1.0003585783528572,1,19,scan,96870.209924564,873.916,True,0.9966801549513007,-0.003678423401556552,472,248,0,True,0
blind_zone_20260814_125953,1.0003585783528572,1,20,scan,96870.364116369,874.059,True,0.998196534225938,-0.002162044126919227,472,248,0,True,0
blind_zone_20260814_125953,1.0003585783528572,1,1,velodyne,96866.490060799,870.474,True,1.0003507137298584,-7.864622998843274e-06,27281,0,1519,True,0
blind_zone_20260814_125953,1.0003585783528572,1,2,velodyne,96866.649768727,870.64,True,1.0003669261932373,8.347840380062976e-06,27393,0,1407,True,0
blind_zone_20260814_125953,1.0003585783528572,1,3,velodyne,96866.826720816,870.782,True,1.0003587007522583,1.223994010590701e-07,27347,0,1453,True,0
blind_zone_20260814_125953,1.0003585783528572,1,4,velodyne,96867.012630809,870.912,True,1.0003622770309448,3.6986780875825076e-06,27280,0,1520,True,0
blind_zone_20260814_125953,1.0003585783528572,1,5,velodyne,96867.154452535,871.046,True,1.0003596544265747,1.07607371746532e-06,27408,0,1392,True,0
blind_zone_20260814_125953,1.0003585783528572,1,6,velodyne,96867.307112712,871.2,True,1.000359058380127,4.800272697114139e-07,27245,0,1555,True,0
blind_zone_20260814_125953,1.0003585783528572,1,7,velodyne,96867.470234816,871.352,True,1.0003575086593628,-1.0696934944487424e-06,27278,0,1522,True,0
blind_zone_20260814_125953,1.0003585783528572,1,8,velodyne,96867.77974082,871.623,True,1.0003576278686523,-9.504842048979611e-07,27394,0,1406,True,0
blind_zone_20260814_125953,1.0003585783528572,1,9,velodyne,96867.918315444,871.776,True,1.0003600120544434,1.4337015861176639e-06,27337,0,1463,True,0
blind_zone_20260814_125953,1.0003585783528572,1,10,velodyne,96868.073025486,871.92,True,1.0003547668457031,-3.811507154116711e-06,27356,0,1444,True,0
blind_zone_20260814_125953,1.0003585783528572,1,11,velodyne,96868.231360016,872.056,True,1.0003595352172852,9.568644279145389e-07,27377,0,1423,True,0
blind_zone_20260814_125953,1.0003585783528572,1,12,velodyne,96868.517603323,872.346,True,1.000359058380127,4.800272697114139e-07,27337,0,1463,True,0
blind_zone_20260814_125953,1.0003585783528572,1,13,velodyne,96868.672145141,872.483,True,1.0003609657287598,2.387375902523914e-06,27408,0,1392,True,0
blind_zone_20260814_125953,1.0003585783528572,1,14,velodyne,96868.839058508,872.629,True,1.0003443956375122,-1.418271534503468e-05,27390,0,1410,True,0
blind_zone_20260814_125953,1.0003585783528572,1,15,velodyne,96869.138092079,872.91,True,1.0003554821014404,-3.0962514168120236e-06,27355,0,1445,True,0
blind_zone_20260814_125953,1.0003585783528572,1,16,velodyne,96869.462474899,873.203,True,1.0003598928451538,1.3144922965668826e-06,27368,0,1432,True,0
blind_zone_20260814_125953,1.0003585783528572,1,17,velodyne,96869.609207052,873.345,True,1.0003581047058105,-4.7364704669483615e-07,27354,0,1446,True,0
blind_zone_20260814_125953,1.0003585783528572,1,18,velodyne,96869.785080448,873.488,True,1.0003732442855835,1.4665932726254383e-05,27302,0,1498,True,0
blind_zone_20260814_125953,1.0003585783528572,1,19,velodyne,96869.94212566,873.637,True,1.0003575086593628,-1.0696934944487424e-06,27400,0,1400,True,0
blind_zone_20260814_125953,1.0003585783528572,1,20,velodyne,96870.061120135,873.78,True,1.0003620386123657,3.460259508480945e-06,27244,0,1556,True,0
blind_zone_20260814_125953,1.0003585783528572,2,1,scan,96870.55482935,874.203,True,0.9955104436432575,-0.004848134709599772,472,248,0,True,0
blind_zone_20260814_125953,1.0003585783528572,2,2,scan,96870.713009566,874.353,True,0.9959571076899714,-0.004401470662885876,473,247,0,True,0
blind_zone_20260814_125953,1.0003585783528572,2,3,scan,96870.849432259,874.508,True,0.9974866286031072,-0.0028719497497500246,472,248,0,True,0
blind_zone_20260814_125953,1.0003585783528572,2,4,scan,96871.14434697,874.778,True,0.997365052096571,-0.0029935262562862386,471,249,0,True,0
blind_zone_20260814_125953,1.0003585783528572,2,5,scan,96871.29802212,874.923,True,0.9962802693619461,-0.004078308990911106,472,248,0,True,0
blind_zone_20260814_125953,1.0003585783528572,2,6,scan,96871.45240847,875.074,True,0.9979729192846272,-0.0023856590682300727,473,247,0,True,0
blind_zone_20260814_125953,1.0003585783528572,2,7,scan,96871.6110984,875.218,True,0.9983710041512632,-0.001987574201594011,472,248,0,True,0
blind_zone_20260814_125953,1.0003585783528572,2,8,scan,96872.087660912,875.662,True,0.9935432893130773,-0.006815289039779904,472,248,0,True,0
blind_zone_20260814_125953,1.0003585783528572,2,9,scan,96872.249235618,875.802,True,0.9947643688950794,-0.005594209457777888,472,248,0,True,0
blind_zone_20260814_125953,1.0003585783528572,2,10,scan,96872.710110902,876.233,True,0.9945490071822195,-0.0058095711706377395,472,248,0,True,0
blind_zone_20260814_125953,1.0003585783528572,2,11,scan,96872.869613633,876.38,True,0.9973257794725532,-0.003032798880304055,472,248,0,True,0
blind_zone_20260814_125953,1.0003585783528572,2,12,scan,96873.044278864,876.53,True,0.9948640051210507,-0.0054945732318065765,472,248,0,True,0
blind_zone_20260814_125953,1.0003585783528572,2,13,scan,96873.215108691,876.692,True,0.9941993422041723,-0.006159236148684966,472,248,0,True,0
blind_zone_20260814_125953,1.0003585783528572,2,14,scan,96873.524116185,876.995,True,0.9968663879736448,-0.0034921903792124454,472,248,0,True,0
blind_zone_20260814_125953,1.0003585783528572,2,15,scan,96873.846377861,877.288,True,0.9984330764482559,-0.00192550190460139,472,248,0,True,0
blind_zone_20260814_125953,1.0003585783528572,2,16,scan,96873.998071168,877.429,True,0.99497799386637,-0.005380584486487261,471,249,0,True,0
blind_zone_20260814_125953,1.0003585783528572,2,17,scan,96874.141728635,877.577,True,0.9933521081348925,-0.007006470217964744,472,248,0,True,0
blind_zone_20260814_125953,1.0003585783528572,2,18,scan,96874.303630114,877.718,True,0.9957075886463855,-0.004650989706471709,473,247,0,True,0
blind_zone_20260814_125953,1.0003585783528572,2,19,scan,96874.453035391,877.858,True,0.996080739277273,-0.004277839075584211,473,247,0,True,0
blind_zone_20260814_125953,1.0003585783528572,2,20,scan,96874.764923167,878.141,True,0.9949648157643508,-0.005393762588506434,472,248,0,True,0
blind_zone_20260814_125953,1.0003585783528572,2,1,velodyne,96870.552735264,874.203,True,1.0003691911697388,1.061281688152782e-05,27246,0,1554,True,0
blind_zone_20260814_125953,1.0003585783528572,2,2,velodyne,96870.710615799,874.353,True,1.0003587007522583,1.223994010590701e-07,27283,0,1517,True,0
blind_zone_20260814_125953,1.0003585783528572,2,3,velodyne,96870.846666586,874.508,True,1.0003578662872314,-7.120656257963986e-07,27401,0,1399,True,0
blind_zone_20260814_125953,1.0003585783528572,2,4,velodyne,96871.141453268,874.778,True,1.000357985496521,-5.928563362456174e-07,27384,0,1416,True,0
blind_zone_20260814_125953,1.0003585783528572,2,5,velodyne,96871.29664254,874.923,True,1.0003539323806763,-4.64597218097218e-06,27372,0,1428,True,0
blind_zone_20260814_125953,1.0003585783528572,2,6,velodyne,96871.450966553,875.074,True,1.0003573894500732,-1.1889027839995236e-06,27358,0,1442,True,0
blind_zone_20260814_125953,1.0003585783528572,2,7,velodyne,96871.608237008,875.218,True,1.0003564357757568,-2.1425771004057736e-06,27353,0,1447,True,0
blind_zone_20260814_125953,1.0003585783528572,2,8,velodyne,96872.085032566,875.662,True,1.0003702640533447,1.1685700487484851e-05,27271,0,1529,True,0
blind_zone_20260814_125953,1.0003585783528572,2,9,velodyne,96872.247724101,875.802,True,1.0004053115844727,4.673323161541454e-05,27279,0,1521,True,0
blind_zone_20260814_125953,1.0003585783528572,2,10,velodyne,96872.427701505,875.954,True,1.000360369682312,1.7913294547700076e-06,27404,0,1396,True,0
blind_zone_20260814_125953,1.0003585783528572,2,11,velodyne,96872.708854762,876.233,True,1.000361442565918,2.864213060727039e-06,27291,0,1509,True,0
blind_zone_20260814_125953,1.0003585783528572,2,12,velodyne,96872.868185523,876.38,True,1.0003584623336792,-1.160191780424924e-07,27373,0,1427,True,0
blind_zone_20260814_125953,1.0003585783528572,2,13,velodyne,96873.2133278,876.692,True,1.0003159046173096,-4.26737355476714e-05,27365,0,1435,True,0
blind_zone_20260814_125953,1.0003585783528572,2,14,velodyne,96873.521296632,876.995,True,1.0003582239151,-3.544377571440549e-07,27404,0,1396,True,0
blind_zone_20260814_125953,1.0003585783528572,2,15,velodyne,96873.842017436,877.288,True,1.0003387928009033,-1.97855519539214e-05,27397,0,1403,True,0
blind_zone_20260814_125953,1.0003585783528572,2,16,velodyne,96873.992195889,877.429,True,1.0003582239151,-3.544377571440549e-07,27321,0,1479,True,0
blind_zone_20260814_125953,1.0003585783528572,2,17,velodyne,96874.140476062,877.577,True,1.0003808736801147,2.2295327257504383e-05,27387,0,1413,True,0
blind_zone_20260814_125953,1.0003585783528572,2,18,velodyne,96874.300022266,877.718,True,1.0003498792648315,-8.699088025698742e-06,27331,0,1469,True,0
blind_zone_20260814_125953,1.0003585783528572,2,19,velodyne,96874.450544833,877.858,True,1.0003632307052612,4.652352403988758e-06,27398,0,1402,True,0
blind_zone_20260814_125953,1.0003585783528572,2,20,velodyne,96874.76017679,878.141,True,1.0003396272659302,-1.895108692706593e-05,27419,0,1381,True,0
blind_zone_20260814_125953,1.0003585783528572,3,1,scan,96874.901868321,878.282,True,0.9954273320913739,-0.004931246261483335,472,248,0,True,0
blind_zone_20260814_125953,1.0003585783528572,3,2,scan,96875.065995584,878.423,True,0.9915805549752357,-0.008778023377621569,471,249,0,True,0
blind_zone_20260814_125953,1.0003585783528572,3,3,scan,96875.210910094,878.566,True,0.9942320335810234,-0.006126544771833831,472,248,0,True,0
blind_zone_20260814_125953,1.0003585783528572,3,4,scan,96875.377531893,878.711,True,0.9942659401051359,-0.006092638247721327,472,248,0,True,0
blind_zone_20260814_125953,1.0003585783528572,3,5,scan,96875.531699058,878.861,True,0.9919756844675007,-0.008382893885356513,471,249,0,True,0
blind_zone_20260814_125953,1.0003585783528572,3,6,scan,96875.694636988,879.008,True,0.9940338172058507,-0.00632476114700653,472,248,0,True,0
blind_zone_20260814_125953,1.0003585783528572,3,7,scan,96875.834912612,879.146,True,0.9954932803619124,-0.004865297990944817,472,248,0,True,0
blind_zone_20260814_125953,1.0003585783528572,3,8,scan,96876.159628914,879.432,True,0.9943736719914777,-0.005984906361379494,472,248,0,True,0
blind_zone_20260814_125953,1.0003585783528572,3,9,scan,96876.299847021,879.575,True,0.9934192742735608,-0.006939304079296438,472,248,0,True,0
blind_zone_20260814_125953,1.0003585783528572,3,10,scan,96876.46496601,879.718,True,0.9925706961850359,-0.007787882167821336,472,248,0,True,0
blind_zone_20260814_125953,1.0003585783528572,3,11,scan,96876.617702221,879.862,True,0.9940532673119639,-0.00630531104089338,472,248,0,True,0
blind_zone_20260814_125953,1.0003585783528572,3,12,scan,96876.777665068,880.003,True,0.9941610219927044,-0.006197556360152845,473,247,0,True,0
blind_zone_20260814_125953,1.0003585783528572,3,13,scan,96876.945942987,880.153,True,0.9919118883370442,-0.008446690015812996,472,248,0,True,0
blind_zone_20260814_125953,1.0003585783528572,3,14,scan,96877.098863423,880.292,True,0.993472577074484,-0.006886001278373244,472,248,0,True,0
blind_zone_20260814_125953,1.0003585783528572,3,15,scan,96877.255756398,880.451,True,0.9919185306695418,-0.00844004768331541,472,248,0,True,0
blind_zone_20260814_125953,1.0003585783528572,3,16,scan,96877.412852754,880.59,True,0.9925848280999527,-0.007773750252904499,472,248,0,True,0
blind_zone_20260814_125953,1.0003585783528572,3,17,scan,96877.566357363,880.733,True,0.99445041960963,-0.005908158743227254,472,248,0,True,0
blind_zone_20260814_125953,1.0003585783528572,3,18,scan,96878.003208312,881.153,True,0.9912611046162786,-0.009097473736578654,472,248,0,True,0
blind_zone_20260814_125953,1.0003585783528572,3,19,scan,96878.152243091,881.298,True,0.9920486491419797,-0.008309929210877587,472,248,0,True,0
blind_zone_20260814_125953,1.0003585783528572,3,20,scan,96878.459097098,881.59,True,0.9938681841939616,-0.006490394158895629,472,248,0,True,0
blind_zone_20260814_125953,1.0003585783528572,3,1,velodyne,96874.900442073,878.282,True,1.0003498792648315,-8.699088025698742e-06,27358,0,1442,True,0
blind_zone_20260814_125953,1.0003585783528572,3,2,velodyne,96875.061342341,878.423,True,1.0004783868789673,0.00011980852611004345,27249,0,1551,True,0
blind_zone_20260814_125953,1.0003585783528572,3,3,velodyne,96875.207605573,878.566,True,1.0003584623336792,-1.160191780424924e-07,27423,0,1377,True,0
blind_zone_20260814_125953,1.0003585783528572,3,4,velodyne,96875.375902205,878.711,True,1.0003920793533325,3.350100047527782e-05,27293,0,1507,True,0
blind_zone_20260814_125953,1.0003585783528572,3,5,velodyne,96875.528480719,878.861,True,1.0003200769424438,-3.8501410413394055e-05,27252,0,1548,True,0
blind_zone_20260814_125953,1.0003585783528572,3,6,velodyne,96875.692054037,879.008,True,1.000349760055542,-8.818297315249524e-06,27420,0,1380,True,0
blind_zone_20260814_125953,1.0003585783528572,3,7,velodyne,96875.833166296,879.146,True,1.0003864765167236,2.78981638663911e-05,27272,0,1528,True,0
blind_zone_20260814_125953,1.0003585783528572,3,8,velodyne,96876.156654401,879.432,True,1.0003682374954224,9.65914256512157e-06,27357,0,1443,True,0
blind_zone_20260814_125953,1.0003585783528572,3,9,velodyne,96876.298415042,879.575,True,1.0003628730773926,4.294724535336414e-06,27379,0,1421,True,0
blind_zone_20260814_125953,1.0003585783528572,3,10,velodyne,96876.462823453,879.718,True,1.0003587007522583,1.223994010590701e-07,27325,0,1475,True,0
blind_zone_20260814_125953,1.0003585783528572,3,11,velodyne,96876.616026867,879.862,True,1.0003132820129395,-4.5296339917788586e-05,27329,0,1471,True,0
blind_zone_20260814_125953,1.0003585783528572,3,12,velodyne,96876.773664466,880.003,True,1.0003048181533813,-5.3760199475894055e-05,27286,0,1514,True,0
blind_zone_20260814_125953,1.0003585783528572,3,13,velodyne,96876.941865822,880.153,True,1.0002013444900513,-0.00015723386280597218,27283,0,1517,True,0
blind_zone_20260814_125953,1.0003585783528572,3,14,velodyne,96877.096725123,880.292,True,1.000369668006897,1.1089654039730945e-05,27408,0,1392,True,0
blind_zone_20260814_125953,1.0003585783528572,3,15,velodyne,96877.248597899,880.451,True,1.0003117322921753,-4.684606068194874e-05,27311,0,1489,True,0
blind_zone_20260814_125953,1.0003585783528572,3,16,velodyne,96877.409242592,880.59,True,1.0003412961959839,-1.7282156873354992e-05,27249,0,1551,True,0
blind_zone_20260814_125953,1.0003585783528572,3,17,velodyne,96877.564021894,880.733,True,1.000373363494873,1.4785142015805164e-05,27425,0,1375,True,0
blind_zone_20260814_125953,1.0003585783528572,3,18,velodyne,96877.707888387,880.875,True,1.0002870559692383,-7.152238361896046e-05,27356,0,1444,True,0
blind_zone_20260814_125953,1.0003585783528572,3,19,velodyne,96878.00171043,881.153,True,1.0004286766052246,7.009825236736766e-05,27382,0,1418,True,0
blind_zone_20260814_125953,1.0003585783528572,3,20,velodyne,96878.15067615,881.298,True,1.0003550052642822,-3.5730885750151486e-06,27372,0,1428,True,0
blind_zone_20260814_125953,0.8999494437101684,1,1,scan,96880.056035797,883.058,True,0.9066817704191888,0.006732326709020464,475,245,0,True,0
blind_zone_20260814_125953,0.8999494437101684,1,2,scan,96880.222373401,883.206,True,0.9034511943147229,0.0035017506045544877,476,244,0,True,0
blind_zone_20260814_125953,0.8999494437101684,1,3,scan,96880.377072016,883.359,True,0.902996769534308,0.0030473258241395795,476,244,0,True,0
blind_zone_20260814_125953,0.8999494437101684,1,4,scan,96880.521797437,883.505,True,0.9013934722468484,0.0014440285366800198,475,245,0,True,0
blind_zone_20260814_125953,0.8999494437101684,1,5,scan,96880.67991072,883.648,True,0.902068662495351,0.0021192187851826194,475,245,0,True,0
blind_zone_20260814_125953,0.8999494437101684,1,6,scan,96880.836636137,883.795,True,0.9011178729745617,0.0011684292643933114,476,244,0,True,0
blind_zone_20260814_125953,0.8999494437101684,1,7,scan,96881.317601216,884.225,True,0.9046736051635202,0.0047241614533518606,476,244,0,True,0
blind_zone_20260814_125953,0.8999494437101684,1,8,scan,96881.621621462,884.525,True,0.9014240283707331,0.001474584660564715,474,246,0,True,0
blind_zone_20260814_125953,0.8999494437101684,1,9,scan,96881.793275542,884.673,True,0.9013493630955174,0.0013999193853490022,476,244,0,True,0
blind_zone_20260814_125953,0.8999494437101684,1,10,scan,96881.960952524,884.831,True,0.9061183172264912,0.0061688735163227815,474,246,0,True,0
blind_zone_20260814_125953,0.8999494437101684,1,11,scan,96882.106355254,884.977,True,0.8985946116820765,-0.0013548320280918347,475,245,0,True,0
blind_zone_20260814_125953,0.8999494437101684,1,12,scan,96882.583197637,885.406,True,0.9020776434661274,0.002128199755959015,476,244,0,True,0
blind_zone_20260814_125953,0.8999494437101684,1,13,scan,96882.732554854,885.552,True,0.9045884812398025,0.004639037529634127,476,244,0,True,0
blind_zone_20260814_125953,0.8999494437101684,1,14,scan,96882.878506332,885.7,True,0.9057362444239837,0.005786800713815321,474,246,0,True,0
blind_zone_20260814_125953,0.8999494437101684,1,15,scan,96883.013949094,885.834,True,0.898261698594684,-0.001687745115484418,476,244,0,True,0
blind_zone_20260814_125953,0.8999494437101684,1,16,scan,96883.339069589,886.125,True,0.9027618408214857,0.0028123971113173107,474,246,0,True,0
blind_zone_20260814_125953,0.8999494437101684,1,17,scan,96883.510285722,886.275,True,0.902487849052542,0.0025384053423735953,476,244,0,True,0
blind_zone_20260814_125953,0.8999494437101684,1,18,scan,96883.681847211,886.433,True,0.9001072628322445,0.00015781912207613047,476,244,0,True,0
blind_zone_20260814_125953,0.8999494437101684,1,19,scan,96883.833469587,886.602,True,0.8970049798546521,-0.002944463855516277,474,246,0,True,0
blind_zone_20260814_125953,0.8999494437101684,1,20,scan,96883.997107847,886.748,True,0.8958735536342908,-0.004075890075877608,474,246,0,True,0
blind_zone_20260814_125953,0.8999494437101684,1,1,velodyne,96880.05405355,883.058,True,0.8999413251876831,-8.118522485278667e-06,27316,0,1484,True,0
blind_zone_20260814_125953,0.8999494437101684,1,2,velodyne,96880.220169539,883.206,True,0.900812029838562,0.0008625861283936276,27278,0,1522,True,0
blind_zone_20260814_125953,0.8999494437101684,1,3,velodyne,96880.373205194,883.359,True,0.8997669816017151,-0.00018246210845329625,27386,0,1414,True,0
blind_zone_20260814_125953,0.8999494437101684,1,4,velodyne,96880.519158481,883.505,True,0.9006208777427673,0.0006714340325989498,27327,0,1473,True,0
blind_zone_20260814_125953,0.8999494437101684,1,5,velodyne,96880.678690969,883.648,True,0.8977325558662415,-0.002216887843926929,27415,0,1385,True,0
blind_zone_20260814_125953,0.8999494437101684,1,6,velodyne,96880.834110723,883.795,True,0.9002260565757751,0.00027661286560676235,27325,0,1475,True,0
blind_zone_20260814_125953,0.8999494437101684,1,7,velodyne,96881.316117231,884.225,True,0.9028111100196838,0.0028616663095154538,27270,0,1530,True,0
blind_zone_20260814_125953,0.8999494437101684,1,8,velodyne,96881.619156932,884.525,True,0.8991561532020569,-0.0007932905081114994,27333,0,1467,True,0
blind_zone_20260814_125953,0.8999494437101684,1,9,velodyne,96881.788673915,884.673,True,0.9002364277839661,0.0002869840737976803,27306,0,1494,True,0
blind_zone_20260814_125953,0.8999494437101684,1,10,velodyne,96881.953670273,884.831,True,0.9044157862663269,0.00446634255615852,27300,0,1500,True,0
blind_zone_20260814_125953,0.8999494437101684,1,11,velodyne,96882.103418761,884.977,True,0.899928629398346,-2.081431182243687e-05,27362,0,1438,True,0
blind_zone_20260814_125953,0.8999494437101684,1,12,velodyne,96882.262574305,885.128,True,0.8998537659645081,-9.56777456603275e-05,27433,0,1367,True,0
blind_zone_20260814_125953,0.8999494437101684,1,13,velodyne,96882.579276392,885.406,True,0.8997616767883301,-0.000187766921838306,27428,0,1372,True,0
blind_zone_20260814_125953,0.8999494437101684,1,14,velodyne,96882.729157851,885.552,True,0.9011635780334473,0.0012141343232788815,27405,0,1395,True,0
blind_zone_20260814_125953,0.8999494437101684,1,15,velodyne,96882.875130768,885.7,True,0.9001631140708923,0.00021367036072394985,27321,0,1479,True,0
blind_zone_20260814_125953,0.8999494437101684,1,16,velodyne,96883.336176848,886.125,True,0.9011281132698059,0.001178669559637524,27271,0,1529,True,0
blind_zone_20260814_125953,0.8999494437101684,1,17,velodyne,96883.508256887,886.275,True,0.9024745225906372,0.002525078880468823,27374,0,1426,True,0
blind_zone_20260814_125953,0.8999494437101684,1,18,velodyne,96883.680486757,886.433,True,0.9000248312950134,7.53875848450436e-05,27407,0,1393,True,0
blind_zone_20260814_125953,0.8999494437101684,1,19,velodyne,96883.831092421,886.602,True,0.900221049785614,0.00027160607544562954,27253,0,1547,True,0
blind_zone_20260814_125953,0.8999494437101684,1,20,velodyne,96883.993824796,886.748,True,0.8995076417922974,-0.00044180191787102085,27367,0,1433,True,0
blind_zone_20260814_125953,0.8999494437101684,2,1,scan,96884.145359969,886.894,True,0.896580718537359,-0.0033687251728093948,476,244,0,True,0
blind_zone_20260814_125953,0.8999494437101684,2,2,scan,96884.306459931,887.03,True,0.9057016119222969,0.005752168212128539,474,246,0,True,0
blind_zone_20260814_125953,0.8999494437101684,2,3,scan,96884.47972114,887.172,True,0.9002394794147336,0.0002900357045652058,474,246,0,True,0
blind_zone_20260814_125953,0.8999494437101684,2,4,scan,96884.619594591,887.321,True,0.8982212530256121,-0.0017281906845563189,477,243,0,True,0
blind_zone_20260814_125953,0.8999494437101684,2,5,scan,96884.755748245,887.468,True,0.9031768934058721,0.0032274496957037657,476,244,0,True,0
blind_zone_20260814_125953,0.8999494437101684,2,6,scan,96884.937263023,887.61,True,0.9050430073986936,0.0050935636885252045,474,246,0,True,0
blind_zone_20260814_125953,0.8999494437101684,2,7,scan,96885.075271245,887.752,True,0.9044238181801799,0.004474374470011533,476,244,0,True,0
blind_zone_20260814_125953,0.8999494437101684,2,8,scan,96885.24409172,887.906,True,0.9002614915980091,0.00031204788784067183,474,246,0,True,0
blind_zone_20260814_125953,0.8999494437101684,2,9,scan,96885.390028682,888.052,True,0.8952687762361905,-0.004680667473977884,475,245,0,True,0
blind_zone_20260814_125953,0.8999494437101684,2,10,scan,96885.693014062,888.335,True,0.9031300424019922,0.003180598691823855,474,246,0,True,0
blind_zone_20260814_125953,0.8999494437101684,2,11,scan,96885.848596256,888.481,True,0.8986209089036964,-0.0013285348064719926,475,245,0,True,0
blind_zone_20260814_125953,0.8999494437101684,2,12,scan,96886.181322675,888.768,True,0.9051116267113577,0.005162183001189313,475,245,0,True,0
blind_zone_20260814_125953,0.8999494437101684,2,13,scan,96886.323895646,888.905,True,0.9032003235123339,0.0032508798021655405,474,246,0,True,0
blind_zone_20260814_125953,0.8999494437101684,2,14,scan,96886.454870515,889.047,True,0.9037086126166785,0.0037591689065100686,476,244,0,True,0
blind_zone_20260814_125953,0.8999494437101684,2,15,scan,96886.632462217,889.187,True,0.905068658929604,0.005119215219435591,474,246,0,True,0
blind_zone_20260814_125953,0.8999494437101684,2,16,scan,96886.779513236,889.338,True,0.9031345666475412,0.0031851229373728307,476,244,0,True,0
blind_zone_20260814_125953,0.8999494437101684,2,17,scan,96886.961114458,889.475,True,0.9047814890567678,0.004832045346599423,476,244,0,True,0
blind_zone_20260814_125953,0.8999494437101684,2,18,scan,96887.142278633,889.623,True,0.8985724821004902,-0.0013769616096781512,475,245,0,True,0
blind_zone_20260814_125953,0.8999494437101684,2,19,scan,96887.429900439,889.913,True,0.8975119644598537,-0.002437479250314678,475,245,0,True,0
blind_zone_20260814_125953,0.8999494437101684,2,20,scan,96887.590561304,890.063,True,0.9054747072987668,0.005525263588598395,476,244,0,True,0
blind_zone_20260814_125953,0.8999494437101684,2,1,velodyne,96884.143086737,886.894,True,0.9012722373008728,0.0013227935907044186,27362,0,1438,True,0
blind_zone_20260814_125953,0.8999494437101684,2,2,velodyne,96884.303102351,887.03,True,0.9012101888656616,0.001260745155493237,27397,0,1403,True,0
blind_zone_20260814_125953,0.8999494437101684,2,3,velodyne,96884.475603629,887.172,True,0.9015759229660034,0.0016264792558350338,27368,0,1432,True,0
blind_zone_20260814_125953,0.8999494437101684,2,4,velodyne,96884.616151371,887.321,True,0.8998968005180359,-5.2643192132495464e-05,27374,0,1426,True,0
blind_zone_20260814_125953,0.8999494437101684,2,5,velodyne,96884.753223943,887.468,True,0.9000957012176514,0.00014625750748298305,27278,0,1522,True,0
blind_zone_20260814_125953,0.8999494437101684,2,6,velodyne,96884.934533528,887.61,True,0.900322675704956,0.00037323199478767055,27417,0,1383,True,0
blind_zone_20260814_125953,0.8999494437101684,2,7,velodyne,96885.071148023,887.752,True,0.9049326777458191,0.004983234035650708,27374,0,1426,True,0
blind_zone_20260814_125953,0.8999494437101684,2,8,velodyne,96885.242111175,887.906,True,0.9015979766845703,0.0016485329744019284,27266,0,1534,True,0
blind_zone_20260814_125953,0.8999494437101684,2,9,velodyne,96885.387499572,888.052,True,0.8997572660446167,-0.00019217766555168492,27276,0,1524,True,0
blind_zone_20260814_125953,0.8999494437101684,2,10,velodyne,96885.691314413,888.335,True,0.902355968952179,0.002406525242010571,27379,0,1421,True,0
blind_zone_20260814_125953,0.8999494437101684,2,11,velodyne,96885.846116328,888.481,True,0.8999549746513367,5.530941168285786e-06,27403,0,1397,True,0
blind_zone_20260814_125953,0.8999494437101684,2,12,velodyne,96886.176324546,888.768,True,0.9011543393135071,0.001204895603338696,27361,0,1439,True,0
blind_zone_20260814_125953,0.8999494437101684,2,13,velodyne,96886.319947362,888.905,True,0.8994060754776001,-0.0005433682325682865,27377,0,1423,True,0
blind_zone_20260814_125953,0.8999494437101684,2,14,velodyne,96886.452625415,889.047,True,0.9017429947853088,0.0017935510751404538,27403,0,1397,True,0
blind_zone_20260814_125953,0.8999494437101684,2,15,velodyne,96886.630449773,889.187,True,0.9036065340042114,0.0036570902940430416,27275,0,1525,True,0
blind_zone_20260814_125953,0.8999494437101684,2,16,velodyne,96886.776404661,889.338,True,0.9024445414543152,0.0024950977441468014,27283,0,1517,True,0
blind_zone_20260814_125953,0.8999494437101684,2,17,velodyne,96886.958841587,889.475,True,0.9012611508369446,0.001311707126776196,27363,0,1437,True,0
blind_zone_20260814_125953,0.8999494437101684,2,18,velodyne,96887.137444671,889.623,True,0.8999064564704895,-4.298723967888218e-05,27410,0,1390,True,0
blind_zone_20260814_125953,0.8999494437101684,2,19,velodyne,96887.427149073,889.913,True,0.8995060324668884,-0.0004434112432799564,27371,0,1429,True,0
blind_zone_20260814_125953,0.8999494437101684,2,20,velodyne,96887.587075124,890.063,True,0.9019732475280762,0.0020238038179077877,27397,0,1403,True,0
blind_zone_20260814_125953,0.8999494437101684,3,1,scan,96887.744333025,890.211,True,0.8954825354001028,-0.004466908310065576,474,246,0,True,0
blind_zone_20260814_125953,0.8999494437101684,3,2,scan,96887.909854692,890.35,True,0.9014817655218796,0.001532321811711257,475,245,0,True,0
blind_zone_20260814_125953,0.8999494437101684,3,3,scan,96888.062649185,890.498,True,0.8963090829308444,-0.003640360779323948,476,244,0,True,0
blind_zone_20260814_125953,0.8999494437101684,3,4,scan,96888.233364517,890.656,True,0.8978933328724964,-0.002056110837671987,474,246,0,True,0
blind_zone_20260814_125953,0.8999494437101684,3,5,scan,96888.367815709,890.792,True,0.9001578785807487,0.00020843487058030963,474,246,0,True,0
blind_zone_20260814_125953,0.8999494437101684,3,6,scan,96888.680247645,891.076,True,0.8962174132866321,-0.0037320304235363144,474,246,0,True,0
blind_zone_20260814_125953,0.8999494437101684,3,7,scan,96888.829322321,891.221,True,0.8961639383560613,-0.003785505354107044,475,245,0,True,0
blind_zone_20260814_125953,0.8999494437101684,3,8,scan,96889.167359931,891.516,True,0.9037821495406723,0.0038327058305038797,475,245,0,True,0
blind_zone_20260814_125953,0.8999494437101684,3,9,scan,96889.457375048,891.813,True,0.8977448381528302,-0.0022046055573381462,475,245,0,True,0
blind_zone_20260814_125953,0.8999494437101684,3,10,scan,96889.609008962,891.963,True,0.8992527466124366,-0.000696697097731791,474,246,0,True,0
blind_zone_20260814_125953,0.8999494437101684,3,11,scan,96889.774263212,892.099,True,0.9044488615444781,0.004499417834309738,476,244,0,True,0
blind_zone_20260814_125953,0.8999494437101684,3,12,scan,96890.066631322,892.382,True,0.9054016005390405,0.005452156828872123,475,245,0,True,0
blind_zone_20260814_125953,0.8999494437101684,3,13,scan,96890.399701815,892.683,True,0.904163390706375,0.004213946996206586,476,244,0,True,0
blind_zone_20260814_125953,0.8999494437101684,3,14,scan,96890.555835295,892.845,True,0.9034475913685949,0.003498147658426487,475,245,0,True,0
blind_zone_20260814_125953,0.8999494437101684,3,15,scan,96890.701872562,892.988,True,0.9040900830179246,0.004140639307756211,476,244,0,True,0
blind_zone_20260814_125953,0.8999494437101684,3,16,scan,96891.05959105,893.283,True,0.8946087817763893,-0.005340661933779134,474,246,0,True,0
blind_zone_20260814_125953,0.8999494437101684,3,17,scan,96891.203639386,893.455,True,0.901748517301792,0.0017990735916235678,476,244,0,True,0
blind_zone_20260814_125953,0.8999494437101684,3,18,scan,96891.351067394,893.608,True,0.9038966246589923,0.003947180948823958,476,244,0,True,0
blind_zone_20260814_125953,0.8999494437101684,3,19,scan,96891.530064872,893.748,True,0.9058689463920224,0.005919502681854039,475,245,0,True,0
blind_zone_20260814_125953,0.8999494437101684,3,20,scan,96891.842819259,894.041,True,0.9057521158710659,0.005802672160897471,476,244,0,True,0
blind_zone_20260814_125953,0.8999494437101684,3,1,velodyne,96887.741046578,890.211,True,0.9000592231750488,0.00010977946488044399,27284,0,1516,True,0
blind_zone_20260814_125953,0.8999494437101684,3,2,velodyne,96887.90459824,890.35,True,0.9014684557914734,0.0015190120813050045,27281,0,1519,True,0
blind_zone_20260814_125953,0.8999494437101684,3,3,velodyne,96888.059040265,890.498,True,0.9000013470649719,5.190335480353969e-05,27397,0,1403,True,0
blind_zone_20260814_125953,0.8999494437101684,3,4,velodyne,96888.229844483,890.656,True,0.9001717567443848,0.0002223130342163815,27390,0,1410,True,0
blind_zone_20260814_125953,0.8999494437101684,3,5,velodyne,96888.365369895,890.792,True,0.899844765663147,-0.00010467804702141148,27262,0,1538,True,0
blind_zone_20260814_125953,0.8999494437101684,3,6,velodyne,96888.530760938,890.933,True,0.8999717831611633,2.2339450994945942e-05,27435,0,1365,True,0
blind_zone_20260814_125953,0.8999494437101684,3,7,velodyne,96888.678428052,891.076,True,0.900009274482727,5.9830772558666645e-05,27238,0,1562,True,0
blind_zone_20260814_125953,0.8999494437101684,3,8,velodyne,96888.825896944,891.221,True,0.8999940156936646,4.4571983496166645e-05,27430,0,1370,True,0
blind_zone_20260814_125953,0.8999494437101684,3,9,velodyne,96889.164094604,891.516,True,0.9044020771980286,0.00445263348786018,27407,0,1393,True,0
blind_zone_20260814_125953,0.8999494437101684,3,10,velodyne,96889.313288933,891.668,True,0.9005903005599976,0.0006408568498291745,27377,0,1423,True,0
blind_zone_20260814_125953,0.8999494437101684,3,11,velodyne,96889.455373885,891.813,True,0.90035080909729,0.0004013653871216549,27325,0,1475,True,0
blind_zone_20260814_125953,0.8999494437101684,3,12,velodyne,96889.606494679,891.963,True,0.9005877375602722,0.0006382938501038327,27401,0,1399,True,0
blind_zone_20260814_125953,0.8999494437101684,3,13,velodyne,96889.771635197,892.099,True,0.9014613628387451,0.001511919128576733,27372,0,1428,True,0
blind_zone_20260814_125953,0.8999494437101684,3,14,velodyne,96890.39688701,892.683,True,0.9046720862388611,0.0047226425286927,27308,0,1492,True,0
blind_zone_20260814_125953,0.8999494437101684,3,15,velodyne,96890.553506319,892.845,True,0.9023374915122986,0.0023880478021302,27286,0,1514,True,0
blind_zone_20260814_125953,0.8999494437101684,3,16,velodyne,96891.056748723,893.283,True,0.8998318910598755,-0.00011755265029289585,27374,0,1426,True,0
blind_zone_20260814_125953,0.8999494437101684,3,17,velodyne,96891.201070071,893.455,True,0.9030871987342834,0.003137755024115063,27262,0,1538,True,0
blind_zone_20260814_125953,0.8999494437101684,3,18,velodyne,96891.527156642,893.748,True,0.8999189138412476,-3.052986892082554e-05,27312,0,1488,True,0
blind_zone_20260814_125953,0.8999494437101684,3,19,velodyne,96891.837807925,894.041,True,0.9002869129180908,0.0003374692079224362,27324,0,1476,True,0
blind_zone_20260814_125953,0.8999494437101684,3,20,velodyne,96892.309957986,894.481,True,0.8997032046318054,-0.0002462390783629642,27267,0,1533,True,0
blind_zone_20260814_125953,0.7999468218959412,1,1,scan,96893.567355424,895.643,False,0.9033918588564085,0.10344503696046725,476,244,0,True,0
blind_zone_20260814_125953,0.7999468218959412,1,2,scan,96893.708665913,895.793,False,0.9057941487477634,0.10584732685182219,477,243,0,True,0
blind_zone_20260814_125953,0.7999468218959412,1,3,scan,96893.879587929,895.943,False,0.8985298682713272,0.09858304637538595,474,246,0,True,0
blind_zone_20260814_125953,0.7999468218959412,1,4,scan,96894.054287792,896.081,False,0.8988074548195619,0.09886063292362068,476,244,0,True,0
blind_zone_20260814_125953,0.7999468218959412,1,5,scan,96894.215505948,896.209,False,0.900349818672347,0.10040299677640574,476,244,0,True,0
blind_zone_20260814_125953,0.7999468218959412,1,6,scan,96894.700414421,896.681,False,0.9026420945061207,0.10269527261017941,475,245,0,True,0
blind_zone_20260814_125953,0.7999468218959412,1,7,scan,96894.846807898,896.82,False,0.9122865527612065,0.11233973086526527,476,244,0,True,0
blind_zone_20260814_125953,0.7999468218959412,1,8,scan,96895.008543192,896.961,False,0.9045159474354051,0.10456912553946385,475,245,0,True,0
blind_zone_20260814_125953,0.7999468218959412,1,9,scan,96895.31311989,897.242,False,0.8999330176771152,0.09998619578117396,476,244,0,True,0
blind_zone_20260814_125953,0.7999468218959412,1,10,scan,96895.466070642,897.385,False,0.9036830508909138,0.10373622899497259,475,245,0,True,0
blind_zone_20260814_125953,0.7999468218959412,1,11,scan,96895.622488401,897.532,False,0.9030223891625642,0.10307556726662293,475,245,0,True,0
blind_zone_20260814_125953,0.7999468218959412,1,12,scan,96896.094224782,897.97,False,0.8976143745806804,0.09766755268473915,475,245,0,True,0
blind_zone_20260814_125953,0.7999468218959412,1,13,scan,96896.250720186,898.112,False,0.9055082663989793,0.10556144450303806,475,245,0,True,0
blind_zone_20260814_125953,0.7999468218959412,1,14,scan,96896.415452797,898.255,False,0.9004997847286003,0.10055296283265902,475,245,0,True,0
blind_zone_20260814_125953,0.7999468218959412,1,15,scan,96896.555515554,898.395,False,0.8977870327049615,0.09784021080902028,475,245,0,True,0
blind_zone_20260814_125953,0.7999468218959412,1,16,scan,96896.727644452,898.538,False,0.8980485363367559,0.09810171444081461,476,244,0,True,0
blind_zone_20260814_125953,0.7999468218959412,1,17,scan,96896.879819506,898.697,False,0.8959004913817388,0.09595366948579753,477,243,0,True,0
blind_zone_20260814_125953,0.7999468218959412,1,18,scan,96897.065139197,898.835,False,0.9003462326553217,0.10039941075938041,476,244,0,True,0
blind_zone_20260814_125953,0.7999468218959412,1,19,scan,96897.210195455,899.008,False,0.9004407624155943,0.1004939405196531,475,245,0,True,0
blind_zone_20260814_125953,0.7999468218959412,1,20,scan,96897.376098036,899.147,False,0.8991515433357715,0.09920472143983028,477,243,0,True,0
blind_zone_20260814_125953,0.7999468218959412,1,1,velodyne,96893.562962648,895.643,False,0.8988375663757324,0.09889074447979118,27264,0,1536,True,0
blind_zone_20260814_125953,0.7999468218959412,1,2,velodyne,96893.705664639,895.793,False,0.8979262113571167,0.09797938946117546,27336,0,1464,True,0
blind_zone_20260814_125953,0.7999468218959412,1,3,velodyne,96893.875556789,895.943,False,0.8978832960128784,0.09793647411693718,27377,0,1423,True,0
blind_zone_20260814_125953,0.7999468218959412,1,4,velodyne,96894.052433904,896.081,False,0.8979573845863342,0.09801056269039299,27401,0,1399,True,0
blind_zone_20260814_125953,0.7999468218959412,1,5,velodyne,96894.214524281,896.209,False,0.897070586681366,0.09712376478542473,27291,0,1509,True,0
blind_zone_20260814_125953,0.7999468218959412,1,6,velodyne,96894.386556014,896.37,False,0.8984180092811584,0.09847118738521721,27383,0,1417,True,0
blind_zone_20260814_125953,0.7999468218959412,1,7,velodyne,96894.559136352,896.53,False,0.8964213728904724,0.09647455099453117,27387,0,1413,True,0
blind_zone_20260814_125953,0.7999468218959412,1,8,velodyne,96894.69800776,896.681,False,0.8965970277786255,0.09665020588268425,27309,0,1491,True,0
blind_zone_20260814_125953,0.7999468218959412,1,9,velodyne,96894.843998453,896.82,False,0.8964026570320129,0.0964558351360717,27292,0,1508,True,0
blind_zone_20260814_125953,0.7999468218959412,1,10,velodyne,96895.006484762,896.961,False,0.8992579579353333,0.09931113603939201,27378,0,1422,True,0
blind_zone_20260814_125953,0.7999468218959412,1,11,velodyne,96895.311784963,897.242,False,0.8993880152702332,0.09944119337429191,27411,0,1389,True,0
blind_zone_20260814_125953,0.7999468218959412,1,12,velodyne,96895.464607035,897.385,False,0.8955810070037842,0.09563418510784294,27264,0,1536,True,0
blind_zone_20260814_125953,0.7999468218959412,1,13,velodyne,96895.619191714,897.532,False,0.9005842804908752,0.100637458594934,27273,0,1527,True,0
blind_zone_20260814_125953,0.7999468218959412,1,14,velodyne,96896.091630429,897.97,False,0.8981193900108337,0.0981725681148925,27351,0,1449,True,0
blind_zone_20260814_125953,0.7999468218959412,1,15,velodyne,96896.249167121,898.112,False,0.8965625166893005,0.0966156947933593,27347,0,1453,True,0
blind_zone_20260814_125953,0.7999468218959412,1,16,velodyne,96896.414184915,898.255,False,0.8979380130767822,0.09799119118084099,27309,0,1491,True,0
blind_zone_20260814_125953,0.7999468218959412,1,17,velodyne,96896.552903098,898.395,False,0.8982921838760376,0.09834536198009636,27368,0,1432,True,0
blind_zone_20260814_125953,0.7999468218959412,1,18,velodyne,96896.725769274,898.538,False,0.8961315751075745,0.09618475321163322,27361,0,1439,True,0
blind_zone_20260814_125953,0.7999468218959412,1,19,velodyne,96896.877792725,898.697,False,0.8969120979309082,0.09696527603496696,27301,0,1499,True,0
blind_zone_20260814_125953,0.7999468218959412,1,20,velodyne,96897.062688192,898.835,False,0.8955289721488953,0.09558215025295402,27334,0,1466,True,0
blind_zone_20260814_125953,0.7999468218959412,2,1,scan,96897.540866867,899.296,False,0.903414029756354,0.10346720786041275,475,245,0,True,0
blind_zone_20260814_125953,0.7999468218959412,2,2,scan,96897.700104002,899.45,False,0.9030062814587667,0.10305945956282547,475,245,0,True,0
blind_zone_20260814_125953,0.7999468218959412,2,3,scan,96897.861250968,899.597,False,0.9007300395206786,0.10078321762473741,476,244,0,True,0
blind_zone_20260814_125953,0.7999468218959412,2,4,scan,96898.015991913,899.748,False,0.9026274564833267,0.10268063458738541,475,245,0,True,0
blind_zone_20260814_125953,0.7999468218959412,2,5,scan,96898.17969956,899.889,False,0.9053516571912555,0.1054048352953143,475,245,0,True,0
blind_zone_20260814_125953,0.7999468218959412,2,6,scan,96898.476633528,900.181,False,0.9083635038651725,0.10841668196923127,477,243,0,True,0
blind_zone_20260814_125953,0.7999468218959412,2,7,scan,96898.637235086,900.321,False,0.8966320054212319,0.09668518352529065,477,243,0,True,0
blind_zone_20260814_125953,0.7999468218959412,2,8,scan,96898.807503988,900.466,False,0.9006282200207621,0.10068139812482091,475,245,0,True,0
blind_zone_20260814_125953,0.7999468218959412,2,9,scan,96899.115662854,900.759,False,0.9049243327427028,0.10497751084676155,475,245,0,True,0
blind_zone_20260814_125953,0.7999468218959412,2,10,scan,96899.278654553,900.903,False,0.9051054562295635,0.10515863433362227,476,244,0,True,0
blind_zone_20260814_125953,0.7999468218959412,2,11,scan,96899.418394579,901.045,False,0.903391525342909,0.10344470344696777,477,243,0,True,0
blind_zone_20260814_125953,0.7999468218959412,2,12,scan,96899.578214075,901.188,False,0.8980514577110958,0.0981046358151546,476,244,0,True,0
blind_zone_20260814_125953,0.7999468218959412,2,13,scan,96899.744047721,901.331,False,0.9016906951039747,0.10174387320803346,475,245,0,True,0
blind_zone_20260814_125953,0.7999468218959412,2,14,scan,96899.889442165,901.478,False,0.8973738759812817,0.09742705408534047,476,244,0,True,0
blind_zone_20260814_125953,0.7999468218959412,2,15,scan,96900.551136913,902.066,False,0.9025670819877064,0.10262026009176517,476,244,0,True,0
blind_zone_20260814_125953,0.7999468218959412,2,16,scan,96900.694728867,902.217,False,0.9051296765724998,0.10518285467655852,475,245,0,True,0
blind_zone_20260814_125953,0.7999468218959412,2,17,scan,96900.862614573,902.373,False,0.9014981083535686,0.10155128645762734,477,243,0,True,0
blind_zone_20260814_125953,0.7999468218959412,2,18,scan,96901.175769158,902.647,False,0.9000230641707962,0.10007624227485501,475,245,0,True,0
blind_zone_20260814_125953,0.7999468218959412,2,19,scan,96901.320775387,902.793,False,0.8975995199754611,0.09765269807951982,477,243,0,True,0
blind_zone_20260814_125953,0.7999468218959412,2,20,scan,96901.478393647,902.942,False,0.9010807054080933,0.10113388351215202,476,244,0,True,0
blind_zone_20260814_125953,0.7999468218959412,2,1,velodyne,96897.537760026,899.296,False,0.9014389514923096,0.10149212959636833,27406,0,1394,True,0
blind_zone_20260814_125953,0.7999468218959412,2,2,velodyne,96897.698679297,899.45,False,0.8981168866157532,0.09817006471981193,27350,0,1450,True,0
blind_zone_20260814_125953,0.7999468218959412,2,3,velodyne,96897.858183892,899.597,False,0.8951372504234314,0.09519042852749016,27285,0,1515,True,0
blind_zone_20260814_125953,0.7999468218959412,2,4,velodyne,96898.014502026,899.748,False,0.8966343998908997,0.09668757799495842,27346,0,1454,True,0
blind_zone_20260814_125953,0.7999468218959412,2,5,velodyne,96898.17622995,899.889,False,0.896121621131897,0.09617479923595573,27311,0,1489,True,0
blind_zone_20260814_125953,0.7999468218959412,2,6,velodyne,96898.483779445,900.181,False,0.9007657170295715,0.10081889513363029,27387,0,1413,True,0
blind_zone_20260814_125953,0.7999468218959412,2,7,velodyne,96898.805417835,900.466,False,0.8994127511978149,0.0994659293018737,27346,0,1454,True,0
blind_zone_20260814_125953,0.7999468218959412,2,8,velodyne,96899.114422965,900.759,False,0.9013869166374207,0.10144009474147941,27425,0,1375,True,0
blind_zone_20260814_125953,0.7999468218959412,2,9,velodyne,96899.275181306,900.903,False,0.8972150683403015,0.09726824644436027,27309,0,1491,True,0
blind_zone_20260814_125953,0.7999468218959412,2,10,velodyne,96899.415878873,901.045,False,0.8965004086494446,0.09655358675350334,27277,0,1523,True,0
blind_zone_20260814_125953,0.7999468218959412,2,11,velodyne,96899.575785031,901.188,False,0.8985567688941956,0.09860994699825432,27386,0,1414,True,0
blind_zone_20260814_125953,0.7999468218959412,2,12,velodyne,96899.740950597,901.331,False,0.9016773700714111,0.10173054817546989,27419,0,1381,True,0
blind_zone_20260814_125953,0.7999468218959412,2,13,velodyne,96899.886422837,901.478,False,0.8978787660598755,0.09793194416393425,27267,0,1533,True,0
blind_zone_20260814_125953,0.7999468218959412,2,14,velodyne,96900.049623869,901.622,False,0.8980852365493774,0.0981384146534362,27398,0,1402,True,0
blind_zone_20260814_125953,0.7999468218959412,2,15,velodyne,96900.548909827,902.066,False,0.9018078446388245,0.10186102274288322,27318,0,1482,True,0
blind_zone_20260814_125953,0.7999468218959412,2,16,velodyne,96900.691432891,902.217,False,0.899104654788971,0.09915783289302971,27374,0,1426,True,0
blind_zone_20260814_125953,0.7999468218959412,2,17,velodyne,96900.85931976,902.373,False,0.8985322713851929,0.09858544948925163,27281,0,1519,True,0
blind_zone_20260814_125953,0.7999468218959412,2,18,velodyne,96901.168323972,902.647,False,0.9005294442176819,0.10058262232174064,27421,0,1379,True,0
blind_zone_20260814_125953,0.7999468218959412,2,19,velodyne,96901.318869102,902.793,False,0.8975862860679626,0.0976394641720214,27261,0,1539,True,0
blind_zone_20260814_125953,0.7999468218959412,2,20,velodyne,96901.473885504,902.942,False,0.8974379301071167,0.09749110821117546,27280,0,1520,True,0
blind_zone_20260814_125953,0.7999468218959412,3,1,scan,96901.639698745,903.088,False,0.902700352661096,0.10275353076515481,475,245,0,True,0
blind_zone_20260814_125953,0.7999468218959412,3,2,scan,96901.792907679,903.233,False,0.9048943016251528,0.10494747972921159,476,244,0,True,0
blind_zone_20260814_125953,0.7999468218959412,3,3,scan,96901.949032067,903.375,False,0.9129106968897365,0.11296387499379523,476,244,0,True,0
blind_zone_20260814_125953,0.7999468218959412,3,4,scan,96902.105548157,903.531,False,0.9145507433150666,0.11460392141912534,475,245,0,True,0
blind_zone_20260814_125953,0.7999468218959412,3,5,scan,96902.266989459,903.674,False,0.9015297358479881,0.10158291395204688,476,244,0,True,0
blind_zone_20260814_125953,0.7999468218959412,3,6,scan,96902.431249804,903.828,False,0.9052791137369269,0.10533229184098569,476,244,0,True,0
blind_zone_20260814_125953,0.7999468218959412,3,7,scan,96902.600756074,903.978,False,0.9119817409210984,0.11203491902515716,476,244,0,True,0
blind_zone_20260814_125953,0.7999468218959412,3,8,scan,96902.738594737,904.128,False,0.9061125992275832,0.10616577733164201,477,243,0,True,0
blind_zone_20260814_125953,0.7999468218959412,3,9,scan,96902.902742593,904.272,False,0.8946486171030305,0.09470179520708921,476,244,0,True,0
blind_zone_20260814_125953,0.7999468218959412,3,10,scan,96903.064628328,904.421,False,0.9091005194947648,0.10915369759882354,477,243,0,True,0
blind_zone_20260814_125953,0.7999468218959412,3,11,scan,96903.272276694,904.578,False,0.8943870562229066,0.09444023432696536,476,244,0,True,0
blind_zone_20260814_125953,0.7999468218959412,3,12,scan,96903.58239722,904.906,False,0.8959639816010863,0.09601715970514502,476,244,0,True,0
blind_zone_20260814_125953,0.7999468218959412,3,13,scan,96903.723035561,905.054,False,0.9019269040350567,0.10198008213911547,477,243,0,True,0
blind_zone_20260814_125953,0.7999468218959412,3,14,scan,96904.051729782,905.339,False,0.9010105276124611,0.1010637057165199,477,243,0,True,0
blind_zone_20260814_125953,0.7999468218959412,3,15,scan,96904.227537129,905.497,False,0.9058767115028592,0.10592988960691796,477,243,0,True,0
blind_zone_20260814_125953,0.7999468218959412,3,16,scan,96904.350907359,905.645,False,0.9006147724220662,0.10066795052612498,477,243,0,True,0
blind_zone_20260814_125953,0.7999468218959412,3,17,scan,96904.507595303,905.783,False,0.9029878222653639,0.10304100036942265,476,244,0,True,0
blind_zone_20260814_125953,0.7999468218959412,3,18,scan,96904.67372545,905.938,False,0.9021943120980004,0.10224749020205914,476,244,0,True,0
blind_zone_20260814_125953,0.7999468218959412,3,19,scan,96904.830904773,906.093,False,0.9022564627736658,0.10230964087772454,477,243,0,True,0
blind_zone_20260814_125953,0.7999468218959412,3,20,scan,96904.983776068,906.236,False,0.9069526166104911,0.10700579471454985,476,244,0,True,0
blind_zone_20260814_125953,0.7999468218959412,3,1,velodyne,96901.636097749,903.088,False,0.8976272940635681,0.09768047216762688,27394,0,1406,True,0
blind_zone_20260814_125953,0.7999468218959412,3,2,velodyne,96901.788355635,903.233,False,0.8983432650566101,0.09839644316066887,27367,0,1433,True,0
blind_zone_20260814_125953,0.7999468218959412,3,3,velodyne,96901.946846218,903.375,False,0.8947393298149109,0.09479250791896965,27286,0,1514,True,0
blind_zone_20260814_125953,0.7999468218959412,3,4,velodyne,96902.102184525,903.531,False,0.9002453684806824,0.10029854658474113,27428,0,1372,True,0
blind_zone_20260814_125953,0.7999468218959412,3,5,velodyne,96902.265526833,903.674,False,0.9015164375305176,0.10156961563457634,27256,0,1544,True,0
blind_zone_20260814_125953,0.7999468218959412,3,6,velodyne,96902.429822765,903.828,False,0.8995566964149475,0.09960987451900627,27416,0,1384,True,0
blind_zone_20260814_125953,0.7999468218959412,3,7,velodyne,96902.598183101,903.978,False,0.8976624011993408,0.09771557930339958,27392,0,1408,True,0
blind_zone_20260814_125953,0.7999468218959412,3,8,velodyne,96902.736523633,904.128,False,0.8979810476303101,0.09803422573436882,27269,0,1531,True,0
blind_zone_20260814_125953,0.7999468218959412,3,9,velodyne,96902.90025505,904.272,False,0.8951519727706909,0.09520515087474968,27335,0,1465,True,0
blind_zone_20260814_125953,0.7999468218959412,3,10,velodyne,96903.06364031,904.421,False,0.8966680765151978,0.09672125461925651,27368,0,1432,True,0
blind_zone_20260814_125953,0.7999468218959412,3,11,velodyne,96903.266654177,904.578,False,0.8957148194313049,0.09576799753536369,27276,0,1524,True,0
blind_zone_20260814_125953,0.7999468218959412,3,12,velodyne,96903.415498938,904.754,False,0.8943375945091248,0.09439077261318352,27346,0,1454,True,0
blind_zone_20260814_125953,0.7999468218959412,3,13,velodyne,96903.580474684,904.906,False,0.8964681029319763,0.09652128103603508,27332,0,1468,True,0
blind_zone_20260814_125953,0.7999468218959412,3,14,velodyne,96903.720237618,905.054,False,0.9007071852684021,0.10076036337246086,27247,0,1553,True,0
blind_zone_20260814_125953,0.7999468218959412,3,15,velodyne,96904.046583205,905.339,False,0.8951667547225952,0.09521993282665397,27384,0,1416,True,0
blind_zone_20260814_125953,0.7999468218959412,3,16,velodyne,96904.224536055,905.497,False,0.8955674171447754,0.09562059524883415,27272,0,1528,True,0
blind_zone_20260814_125953,0.7999468218959412,3,17,velodyne,96904.349388408,905.645,False,0.8955745697021484,0.0956277478062072,27279,0,1521,True,0
blind_zone_20260814_125953,0.7999468218959412,3,18,velodyne,96904.506127157,905.783,False,0.8995554447174072,0.09960862282146599,27356,0,1444,True,0
blind_zone_20260814_125953,0.7999468218959412,3,19,velodyne,96904.671220454,905.938,False,0.8980554342269897,0.0981086123310485,27413,0,1387,True,0
blind_zone_20260814_125953,0.7999468218959412,3,20,velodyne,96904.828570036,906.093,False,0.898661732673645,0.09871491077770378,27365,0,1435,True,0
blind_zone_20260814_125953,0.6002634301682431,1,1,scan,96906.121325118,907.243,False,0.8918179744937988,0.2915545443255557,476,244,0,True,0
blind_zone_20260814_125953,0.6002634301682431,1,2,scan,96906.263583021,907.398,False,0.8938243193555867,0.2935608891873436,477,243,0,True,0
blind_zone_20260814_125953,0.6002634301682431,1,3,scan,96906.421089367,907.564,False,,,437,283,0,True,0
blind_zone_20260814_125953,0.6002634301682431,1,4,scan,96906.735458248,907.856,False,0.8932554142135356,0.2929919840452925,469,251,0,True,0
blind_zone_20260814_125953,0.6002634301682431,1,5,scan,96907.056567927,908.129,False,,,437,283,0,True,0
blind_zone_20260814_125953,0.6002634301682431,1,6,scan,96907.507738506,908.562,False,,,438,282,0,True,0
blind_zone_20260814_125953,0.6002634301682431,1,7,scan,96907.661432013,908.703,False,,,437,283,0,True,0
blind_zone_20260814_125953,0.6002634301682431,1,8,scan,96907.821287976,908.853,False,0.8946764289042854,0.2944129987360423,477,243,0,True,0
blind_zone_20260814_125953,0.6002634301682431,1,9,scan,96908.135698477,909.156,False,0.8952813055112268,0.2950178753429836,443,277,0,True,0
blind_zone_20260814_125953,0.6002634301682431,1,10,scan,96908.288714526,909.3,False,0.8921342177017547,0.2918707875335116,476,244,0,True,0
blind_zone_20260814_125953,0.6002634301682431,1,11,scan,96908.447476263,909.442,False,,,438,282,0,True,0
blind_zone_20260814_125953,0.6002634301682431,1,12,scan,96908.602754074,909.59,False,,,437,283,0,True,0
blind_zone_20260814_125953,0.6002634301682431,1,13,scan,96908.762114893,909.733,False,0.8933478318405285,0.29308440167228533,445,275,0,True,0
blind_zone_20260814_125953,0.6002634301682431,1,14,scan,96908.90743119,909.878,False,0.8930646293914036,0.2928011992231605,454,266,0,True,0
blind_zone_20260814_125953,0.6002634301682431,1,15,scan,96909.061696307,910.028,False,,,438,282,0,True,0
blind_zone_20260814_125953,0.6002634301682431,1,16,scan,96909.235457854,910.161,False,,,437,283,0,True,0
blind_zone_20260814_125953,0.6002634301682431,1,17,scan,96909.540910601,910.468,False,,,438,282,0,True,0
blind_zone_20260814_125953,0.6002634301682431,1,18,scan,96909.894423251,910.773,False,0.8952040389478407,0.2949406087795976,446,274,0,True,0
blind_zone_20260814_125953,0.6002634301682431,1,19,scan,96910.249168857,911.088,False,,,437,283,0,True,0
blind_zone_20260814_125953,0.6002634301682431,1,20,scan,96910.391641475,911.267,False,,,438,282,0,True,0
blind_zone_20260814_125953,0.6002634301682431,1,1,velodyne,96906.119561509,907.243,False,0.891807496547699,0.29154406637945585,27344,0,1456,True,0
blind_zone_20260814_125953,0.6002634301682431,1,2,velodyne,96906.261042068,907.398,False,0.8919970393180847,0.2917336091498416,27235,0,1565,True,0
blind_zone_20260814_125953,0.6002634301682431,1,3,velodyne,96906.418769368,907.564,False,6.244530200958252,5.644266770790009,27267,0,1533,True,0
blind_zone_20260814_125953,0.6002634301682431,1,4,velodyne,96906.567917239,907.713,False,0.8911680579185486,0.29090462775030546,27367,0,1433,True,0
blind_zone_20260814_125953,0.6002634301682431,1,5,velodyne,96906.733900534,907.856,False,0.8929154872894287,0.2926520571211856,27303,0,1497,True,0
blind_zone_20260814_125953,0.6002634301682431,1,6,velodyne,96907.053792686,908.129,False,6.244626045227051,5.6443626150588075,27343,0,1457,True,0
blind_zone_20260814_125953,0.6002634301682431,1,7,velodyne,96907.505474401,908.562,False,6.24483585357666,5.644572423408417,27300,0,1500,True,0
blind_zone_20260814_125953,0.6002634301682431,1,8,velodyne,96907.659940713,908.703,False,0.895366907119751,0.29510347695150785,27399,0,1401,True,0
blind_zone_20260814_125953,0.6002634301682431,1,9,velodyne,96907.818554032,908.853,False,0.8925265073776245,0.2922630772093814,27369,0,1431,True,0
blind_zone_20260814_125953,0.6002634301682431,1,10,velodyne,96907.984243168,909.008,False,6.243957042694092,5.643693612525849,27357,0,1443,True,0
blind_zone_20260814_125953,0.6002634301682431,1,11,velodyne,96908.133897819,909.156,False,0.8926517963409424,0.29238836617269925,27390,0,1410,True,0
blind_zone_20260814_125953,0.6002634301682431,1,12,velodyne,96908.28528409,909.3,False,0.8906111121177673,0.2903476819495242,27353,0,1447,True,0
blind_zone_20260814_125953,0.6002634301682431,1,13,velodyne,96908.442824111,909.442,False,6.242966175079346,5.6427027449111025,27266,0,1534,True,0
blind_zone_20260814_125953,0.6002634301682431,1,14,velodyne,96908.599890147,909.59,False,6.2403483390808105,5.640084908912567,27375,0,1425,True,0
blind_zone_20260814_125953,0.6002634301682431,1,15,velodyne,96908.75852599,909.733,False,0.8913986086845398,0.29113517851629667,27399,0,1401,True,0
blind_zone_20260814_125953,0.6002634301682431,1,16,velodyne,96908.903304782,909.878,False,0.8927657604217529,0.2925023302535098,27410,0,1390,True,0
blind_zone_20260814_125953,0.6002634301682431,1,17,velodyne,96909.058989824,910.028,False,6.2434258460998535,5.64316241593161,27285,0,1515,True,0
blind_zone_20260814_125953,0.6002634301682431,1,18,velodyne,96909.233321507,910.161,False,6.244213581085205,5.643950150916962,27300,0,1500,True,0
blind_zone_20260814_125953,0.6002634301682431,1,19,velodyne,96909.538603836,910.468,False,6.23807954788208,5.637816117713837,27261,0,1539,True,0
blind_zone_20260814_125953,0.6002634301682431,1,20,velodyne,96909.892302884,910.773,False,0.8927174210548401,0.29245399088659696,27425,0,1375,True,0
blind_zone_20260814_125953,0.6002634301682431,2,1,scan,96910.547613066,911.407,False,,,439,281,0,True,0
blind_zone_20260814_125953,0.6002634301682431,2,2,scan,96910.688436451,911.551,False,,,438,282,0,True,0
blind_zone_20260814_125953,0.6002634301682431,2,3,scan,96910.867510137,911.689,False,,,439,281,0,True,0
blind_zone_20260814_125953,0.6002634301682431,2,4,scan,96911.000387227,911.833,False,,,437,283,0,True,0
blind_zone_20260814_125953,0.6002634301682431,2,5,scan,96911.496127431,912.273,False,,,439,281,0,True,0
blind_zone_20260814_125953,0.6002634301682431,2,6,scan,96911.81036121,912.571,False,,,437,283,0,True,0
blind_zone_20260814_125953,0.6002634301682431,2,7,scan,96911.967139942,912.717,False,,,439,281,0,True,0
blind_zone_20260814_125953,0.6002634301682431,2,8,scan,96912.102542798,912.867,False,,,438,282,0,True,0
blind_zone_20260814_125953,0.6002634301682431,2,9,scan,96912.26163085,913.01,False,,,438,282,0,True,0
blind_zone_20260814_125953,0.6002634301682431,2,10,scan,96912.419309135,913.153,False,,,438,282,0,True,0
blind_zone_20260814_125953,0.6002634301682431,2,11,scan,96912.576670688,913.3,False,,,439,281,0,True,0
blind_zone_20260814_125953,0.6002634301682431,2,12,scan,96912.743902535,913.445,False,,,438,282,0,True,0
blind_zone_20260814_125953,0.6002634301682431,2,13,scan,96912.898305384,913.583,False,,,438,282,0,True,0
blind_zone_20260814_125953,0.6002634301682431,2,14,scan,96913.046467218,913.728,False,,,440,280,0,True,0
blind_zone_20260814_125953,0.6002634301682431,2,15,scan,96913.200812188,913.876,False,,,438,282,0,True,0
blind_zone_20260814_125953,0.6002634301682431,2,16,scan,96913.365385943,914.028,False,,,438,282,0,True,0
blind_zone_20260814_125953,0.6002634301682431,2,17,scan,96913.523307795,914.173,False,,,439,281,0,True,0
blind_zone_20260814_125953,0.6002634301682431,2,18,scan,96913.687733864,914.322,False,,,439,281,0,True,0
blind_zone_20260814_125953,0.6002634301682431,2,19,scan,96913.839615197,914.477,False,,,439,281,0,True,0
blind_zone_20260814_125953,0.6002634301682431,2,20,scan,96914.150504805,914.772,False,,,439,281,0,True,0
blind_zone_20260814_125953,0.6002634301682431,2,1,velodyne,96910.546029464,911.407,False,6.245179176330566,5.644915746162323,27290,0,1510,True,0
blind_zone_20260814_125953,0.6002634301682431,2,2,velodyne,96910.685160853,911.551,False,6.238917827606201,5.638654397437958,27402,0,1398,True,0
blind_zone_20260814_125953,0.6002634301682431,2,3,velodyne,96910.864168015,911.689,False,6.23991060256958,5.639647172401337,27296,0,1504,True,0
blind_zone_20260814_125953,0.6002634301682431,2,4,velodyne,96910.9983198,911.833,False,6.243215560913086,5.642952130744843,27369,0,1431,True,0
blind_zone_20260814_125953,0.6002634301682431,2,5,velodyne,96911.493688649,912.273,False,6.2415852546691895,5.641321824500946,27367,0,1433,True,0
blind_zone_20260814_125953,0.6002634301682431,2,6,velodyne,96911.807122892,912.571,False,6.243442058563232,5.643178628394989,27404,0,1396,True,0
blind_zone_20260814_125953,0.6002634301682431,2,7,velodyne,96911.964140732,912.717,False,6.241183757781982,5.640920327613739,27268,0,1532,True,0
blind_zone_20260814_125953,0.6002634301682431,2,8,velodyne,96912.100675124,912.867,False,6.242737293243408,5.642473863075165,27391,0,1409,True,0
blind_zone_20260814_125953,0.6002634301682431,2,9,velodyne,96912.257091869,913.01,False,6.242432594299316,5.642169164131073,27383,0,1417,True,0
blind_zone_20260814_125953,0.6002634301682431,2,10,velodyne,96912.417244002,913.153,False,6.241375923156738,5.641112492988495,27375,0,1425,True,0
blind_zone_20260814_125953,0.6002634301682431,2,11,velodyne,96912.573727152,913.3,False,6.2406110763549805,5.640347646186737,27308,0,1492,True,0
blind_zone_20260814_125953,0.6002634301682431,2,12,velodyne,96912.741033167,913.445,False,6.242528915405273,5.64226548523703,27378,0,1422,True,0
blind_zone_20260814_125953,0.6002634301682431,2,13,velodyne,96912.897201469,913.583,False,6.241337299346924,5.641073869178681,27330,0,1470,True,0
blind_zone_20260814_125953,0.6002634301682431,2,14,velodyne,96913.044826358,913.728,False,6.2428693771362305,5.642605946967987,27309,0,1491,True,0
blind_zone_20260814_125953,0.6002634301682431,2,15,velodyne,96913.199135903,913.876,False,6.24249267578125,5.642229245613007,27375,0,1425,True,0
blind_zone_20260814_125953,0.6002634301682431,2,16,velodyne,96913.363333864,914.028,False,6.2414021492004395,5.641138719032196,27369,0,1431,True,0
blind_zone_20260814_125953,0.6002634301682431,2,17,velodyne,96913.519743327,914.173,False,6.241138935089111,5.640875504920868,27297,0,1503,True,0
blind_zone_20260814_125953,0.6002634301682431,2,18,velodyne,96913.685469759,914.322,False,6.243114948272705,5.642851518104462,27278,0,1522,True,0
blind_zone_20260814_125953,0.6002634301682431,2,19,velodyne,96913.837587324,914.477,False,6.241118431091309,5.640855000923065,27426,0,1374,True,0
blind_zone_20260814_125953,0.6002634301682431,2,20,velodyne,96914.002391892,914.617,False,6.239344596862793,5.63908116669455,27286,0,1514,True,0
blind_zone_20260814_125953,0.6002634301682431,3,1,scan,96914.311735658,914.912,False,,,439,281,0,True,0
blind_zone_20260814_125953,0.6002634301682431,3,2,scan,96914.628067087,915.208,False,,,439,281,0,True,0
blind_zone_20260814_125953,0.6002634301682431,3,3,scan,96914.952983145,915.49,False,,,438,282,0,True,0
blind_zone_20260814_125953,0.6002634301682431,3,4,scan,96915.132782654,915.63,False,,,440,280,0,True,0
blind_zone_20260814_125953,0.6002634301682431,3,5,scan,96915.308012424,915.775,False,,,439,281,0,True,0
blind_zone_20260814_125953,0.6002634301682431,3,6,scan,96915.630316097,916.053,False,,,439,281,0,True,0
blind_zone_20260814_125953,0.6002634301682431,3,7,scan,96915.970876723,916.339,False,,,439,281,0,True,0
blind_zone_20260814_125953,0.6002634301682431,3,8,scan,96916.1364065,916.482,False,,,439,281,0,True,0
blind_zone_20260814_125953,0.6002634301682431,3,9,scan,96916.305232432,916.633,False,,,439,281,0,True,0
blind_zone_20260814_125953,0.6002634301682431,3,10,scan,96916.478811466,916.792,False,,,439,281,0,True,0
blind_zone_20260814_125953,0.6002634301682431,3,11,scan,96916.621122239,916.938,False,,,439,281,0,True,0
blind_zone_20260814_125953,0.6002634301682431,3,12,scan,96917.101237605,917.387,False,,,439,281,0,True,0
blind_zone_20260814_125953,0.6002634301682431,3,13,scan,96917.41604571,917.674,False,,,439,281,0,True,0
blind_zone_20260814_125953,0.6002634301682431,3,14,scan,96917.573456531,917.815,False,,,439,281,0,True,0
blind_zone_20260814_125953,0.6002634301682431,3,15,scan,96917.709633891,917.954,False,,,439,281,0,True,0
blind_zone_20260814_125953,0.6002634301682431,3,16,scan,96917.87513128,918.093,False,,,439,281,0,True,0
blind_zone_20260814_125953,0.6002634301682431,3,17,scan,96918.032623072,918.243,False,,,439,281,0,True,0
blind_zone_20260814_125953,0.6002634301682431,3,18,scan,96918.190740565,918.388,False,,,439,281,0,True,0
blind_zone_20260814_125953,0.6002634301682431,3,19,scan,96918.496677598,918.676,False,,,439,281,0,True,0
blind_zone_20260814_125953,0.6002634301682431,3,20,scan,96918.665187994,918.829,False,,,440,280,0,True,0
blind_zone_20260814_125953,0.6002634301682431,3,1,velodyne,96914.309255098,914.912,False,6.2410759925842285,5.640812562415985,27414,0,1386,True,0
blind_zone_20260814_125953,0.6002634301682431,3,2,velodyne,96914.49310898,915.064,False,6.243528842926025,5.643265412757782,27412,0,1388,True,0
blind_zone_20260814_125953,0.6002634301682431,3,3,velodyne,96914.625247061,915.208,False,6.237522125244141,5.637258695075897,27273,0,1527,True,0
blind_zone_20260814_125953,0.6002634301682431,3,4,velodyne,96914.800676115,915.342,False,6.240071773529053,5.6398083433608095,27329,0,1471,True,0
blind_zone_20260814_125953,0.6002634301682431,3,5,velodyne,96915.1291188,915.63,False,6.242210388183594,5.6419469580153505,27357,0,1443,True,0
blind_zone_20260814_125953,0.6002634301682431,3,6,velodyne,96915.30493606,915.775,False,6.2355475425720215,5.635284112403778,27280,0,1520,True,0
blind_zone_20260814_125953,0.6002634301682431,3,7,velodyne,96915.626833542,916.053,False,6.238877773284912,5.638614343116669,27279,0,1521,True,0
blind_zone_20260814_125953,0.6002634301682431,3,8,velodyne,96915.961060451,916.339,False,6.2399067878723145,5.639643357704071,27380,0,1420,True,0
blind_zone_20260814_125953,0.6002634301682431,3,9,velodyne,96916.131994607,916.482,False,6.240593433380127,5.640330003211884,27399,0,1401,True,0
blind_zone_20260814_125953,0.6002634301682431,3,10,velodyne,96916.300502675,916.633,False,6.240713119506836,5.640449689338593,27402,0,1398,True,0
blind_zone_20260814_125953,0.6002634301682431,3,11,velodyne,96916.475968959,916.792,False,6.240939140319824,5.640675710151581,27403,0,1397,True,0
blind_zone_20260814_125953,0.6002634301682431,3,12,velodyne,96916.618280213,916.938,False,6.23928165435791,5.639018224189667,27268,0,1532,True,0
blind_zone_20260814_125953,0.6002634301682431,3,13,velodyne,96917.099954164,917.387,False,6.2397661209106445,5.639502690742401,27310,0,1490,True,0
blind_zone_20260814_125953,0.6002634301682431,3,14,velodyne,96917.275359396,917.528,False,6.239302158355713,5.63903872818747,27291,0,1509,True,0
blind_zone_20260814_125953,0.6002634301682431,3,15,velodyne,96917.414577333,917.674,False,6.240071773529053,5.6398083433608095,27364,0,1436,True,0
blind_zone_20260814_125953,0.6002634301682431,3,16,velodyne,96917.570275119,917.815,False,6.238786697387695,5.638523267219452,27312,0,1488,True,0
blind_zone_20260814_125953,0.6002634301682431,3,17,velodyne,96917.70860671,917.954,False,6.240489482879639,5.640226052711395,27402,0,1398,True,0
blind_zone_20260814_125953,0.6002634301682431,3,18,velodyne,96917.871406812,918.093,False,6.2424821853637695,5.642218755195526,27386,0,1414,True,0
blind_zone_20260814_125953,0.6002634301682431,3,19,velodyne,96918.030912182,918.243,False,6.236509799957275,5.636246369789032,27283,0,1517,True,0
blind_zone_20260814_125953,0.6002634301682431,3,20,velodyne,96918.186211323,918.388,False,6.237960338592529,5.637696908424286,27256,0,1544,True,0
blind_zone_20260814_125953,0.49944089017798043,1,1,scan,96919.915412542,920.0,False,,,439,281,0,True,0
blind_zone_20260814_125953,0.49944089017798043,1,2,scan,96920.087454656,920.153,False,,,439,281,0,True,0
blind_zone_20260814_125953,0.49944089017798043,1,3,scan,96920.229299701,920.322,False,,,439,281,0,True,0
blind_zone_20260814_125953,0.49944089017798043,1,4,scan,96920.382567965,920.465,False,,,440,280,0,True,0
blind_zone_20260814_125953,0.49944089017798043,1,5,scan,96920.554921311,920.608,False,,,439,281,0,True,0
blind_zone_20260814_125953,0.49944089017798043,1,6,scan,96920.695267804,920.758,False,,,439,281,0,True,0
blind_zone_20260814_125953,0.49944089017798043,1,7,scan,96920.845212361,920.908,False,,,439,281,0,True,0
blind_zone_20260814_125953,0.49944089017798043,1,8,scan,96921.178877239,921.191,False,,,439,281,0,True,0
blind_zone_20260814_125953,0.49944089017798043,1,9,scan,96921.314066925,921.335,False,,,439,281,0,True,0
blind_zone_20260814_125953,0.49944089017798043,1,10,scan,96921.472844336,921.477,False,,,439,281,0,True,0
blind_zone_20260814_125953,0.49944089017798043,1,11,scan,96921.782434751,921.788,False,,,440,280,0,True,0
blind_zone_20260814_125953,0.49944089017798043,1,12,scan,96922.132398732,922.085,False,,,439,281,0,True,0
blind_zone_20260814_125953,0.49944089017798043,1,13,scan,96922.272557816,922.235,False,,,439,281,0,True,0
blind_zone_20260814_125953,0.49944089017798043,1,14,scan,96922.423201792,922.382,False,,,440,280,0,True,0
blind_zone_20260814_125953,0.49944089017798043,1,15,scan,96922.735527967,922.674,False,,,439,281,0,True,0
blind_zone_20260814_125953,0.49944089017798043,1,16,scan,96922.890720043,922.822,False,,,439,281,0,True,0
blind_zone_20260814_125953,0.49944089017798043,1,17,scan,96923.051812467,922.965,False,,,441,279,0,True,0
blind_zone_20260814_125953,0.49944089017798043,1,18,scan,96923.197285361,923.098,False,,,439,281,0,True,0
blind_zone_20260814_125953,0.49944089017798043,1,19,scan,96923.369174993,923.253,False,,,440,280,0,True,0
blind_zone_20260814_125953,0.49944089017798043,1,20,scan,96923.533920651,923.396,False,,,439,281,0,True,0
blind_zone_20260814_125953,0.49944089017798043,1,1,velodyne,96919.913093865,920.0,False,6.237335681915283,5.737894791737303,27288,0,1512,True,0
blind_zone_20260814_125953,0.49944089017798043,1,2,velodyne,96920.084302469,920.153,False,6.235988616943359,5.736547726765379,27382,0,1418,True,0
blind_zone_20260814_125953,0.49944089017798043,1,3,velodyne,96920.227784637,920.322,False,6.2379326820373535,5.738491791859373,27394,0,1406,True,0
blind_zone_20260814_125953,0.49944089017798043,1,4,velodyne,96920.380869958,920.465,False,6.235414028167725,5.7359731379897445,27259,0,1541,True,0
blind_zone_20260814_125953,0.49944089017798043,1,5,velodyne,96920.550607672,920.608,False,6.239592552185059,5.7401516620070785,27418,0,1382,True,0
blind_zone_20260814_125953,0.49944089017798043,1,6,velodyne,96920.693245521,920.758,False,6.2385406494140625,5.739099759236082,27348,0,1452,True,0
blind_zone_20260814_125953,0.49944089017798043,1,7,velodyne,96920.843118865,920.908,False,6.235304832458496,5.735863942280516,27300,0,1500,True,0
blind_zone_20260814_125953,0.49944089017798043,1,8,velodyne,96921.175769025,921.191,False,6.240175724029541,5.740734833851561,27411,0,1389,True,0
blind_zone_20260814_125953,0.49944089017798043,1,9,velodyne,96921.311757044,921.335,False,6.234935283660889,5.735494393482909,27343,0,1457,True,0
blind_zone_20260814_125953,0.49944089017798043,1,10,velodyne,96921.471400996,921.477,False,6.233674049377441,5.734233159199461,27255,0,1545,True,0
blind_zone_20260814_125953,0.49944089017798043,1,11,velodyne,96921.631587855,921.635,False,6.236926078796387,5.737485188618407,27426,0,1374,True,0
blind_zone_20260814_125953,0.49944089017798043,1,12,velodyne,96921.780973879,921.788,False,6.2347540855407715,5.735313195362791,27287,0,1513,True,0
blind_zone_20260814_125953,0.49944089017798043,1,13,velodyne,96922.128859892,922.085,False,6.236948013305664,5.737507123127684,27277,0,1523,True,0
blind_zone_20260814_125953,0.49944089017798043,1,14,velodyne,96922.271353392,922.235,False,6.232910633087158,5.733469742909178,27302,0,1498,True,0
blind_zone_20260814_125953,0.49944089017798043,1,15,velodyne,96922.421286109,922.382,False,6.236859321594238,5.737418431416258,27354,0,1446,True,0
blind_zone_20260814_125953,0.49944089017798043,1,16,velodyne,96922.575972268,922.528,False,6.2366790771484375,5.737238186970457,27386,0,1414,True,0
blind_zone_20260814_125953,0.49944089017798043,1,17,velodyne,96922.733757074,922.674,False,6.235867023468018,5.7364261332900375,27322,0,1478,True,0
blind_zone_20260814_125953,0.49944089017798043,1,18,velodyne,96922.88818445,922.822,False,6.235510349273682,5.7360694590957015,27268,0,1532,True,0
blind_zone_20260814_125953,0.49944089017798043,1,19,velodyne,96923.047479661,922.965,False,6.235957145690918,5.736516255512938,27286,0,1514,True,0
blind_zone_20260814_125953,0.49944089017798043,1,20,velodyne,96923.366539673,923.253,False,6.234062194824219,5.734621304646239,27279,0,1521,True,0
blind_zone_20260814_125953,0.49944089017798043,2,1,scan,96923.680617957,923.546,False,,,439,281,0,True,0
blind_zone_20260814_125953,0.49944089017798043,2,2,scan,96923.833655875,923.698,False,,,440,280,0,True,0
blind_zone_20260814_125953,0.49944089017798043,2,3,scan,96924.004056192,923.838,False,,,440,280,0,True,0
blind_zone_20260814_125953,0.49944089017798043,2,4,scan,96924.136290281,923.988,False,,,439,281,0,True,0
blind_zone_20260814_125953,0.49944089017798043,2,5,scan,96924.32336941,924.131,False,,,441,279,0,True,0
blind_zone_20260814_125953,0.49944089017798043,2,6,scan,96924.494800234,924.273,False,,,440,280,0,True,0
blind_zone_20260814_125953,0.49944089017798043,2,7,scan,96924.956892051,924.735,False,,,440,280,0,True,0
blind_zone_20260814_125953,0.49944089017798043,2,8,scan,96925.127460954,924.875,False,,,439,281,0,True,0
blind_zone_20260814_125953,0.49944089017798043,2,9,scan,96925.43893504,925.166,False,,,441,279,0,True,0
blind_zone_20260814_125953,0.49944089017798043,2,10,scan,96925.604314005,925.32,False,,,439,281,0,True,0
blind_zone_20260814_125953,0.49944089017798043,2,11,scan,96925.887210653,925.611,False,,,441,279,0,True,0
blind_zone_20260814_125953,0.49944089017798043,2,12,scan,96926.046334267,925.747,False,,,440,280,0,True,0
blind_zone_20260814_125953,0.49944089017798043,2,13,scan,96926.365085297,926.046,False,,,442,278,0,True,0
blind_zone_20260814_125953,0.49944089017798043,2,14,scan,96926.516284688,926.187,False,,,440,280,0,True,0
blind_zone_20260814_125953,0.49944089017798043,2,15,scan,96926.843980243,926.485,False,,,441,279,0,True,0
blind_zone_20260814_125953,0.49944089017798043,2,16,scan,96927.133604037,926.776,False,,,441,279,0,True,0
blind_zone_20260814_125953,0.49944089017798043,2,17,scan,96927.301727368,926.921,False,,,441,279,0,True,0
blind_zone_20260814_125953,0.49944089017798043,2,18,scan,96927.457491168,927.078,False,,,439,281,0,True,0
blind_zone_20260814_125953,0.49944089017798043,2,19,scan,96927.617355329,927.232,False,,,441,279,0,True,0
blind_zone_20260814_125953,0.49944089017798043,2,20,scan,96927.777893261,927.378,False,,,441,279,0,True,0
blind_zone_20260814_125953,0.49944089017798043,2,1,velodyne,96923.679209352,923.546,False,6.235119342803955,5.735678452625975,27411,0,1389,True,0
blind_zone_20260814_125953,0.49944089017798043,2,2,velodyne,96923.830423027,923.698,False,6.234012126922607,5.734571236744627,27302,0,1498,True,0
blind_zone_20260814_125953,0.49944089017798043,2,3,velodyne,96924.00037225,923.838,False,6.234608173370361,5.735167283192381,27241,0,1559,True,0
blind_zone_20260814_125953,0.49944089017798043,2,4,velodyne,96924.13438659,923.988,False,6.23864221572876,5.73920132555078,27463,0,1337,True,0
blind_zone_20260814_125953,0.49944089017798043,2,5,velodyne,96924.320211903,924.131,False,6.232594013214111,5.733153123036131,27250,0,1550,True,0
blind_zone_20260814_125953,0.49944089017798043,2,6,velodyne,96924.492624835,924.273,False,6.233256816864014,5.733815926686034,27295,0,1505,True,0
blind_zone_20260814_125953,0.49944089017798043,2,7,velodyne,96925.125284503,924.875,False,6.2336506843566895,5.734209794178709,27384,0,1416,True,0
blind_zone_20260814_125953,0.49944089017798043,2,8,velodyne,96925.434285311,925.166,False,6.230582237243652,5.731141347065672,27287,0,1513,True,0
blind_zone_20260814_125953,0.49944089017798043,2,9,velodyne,96925.601109741,925.32,False,6.2321248054504395,5.732683915272459,27266,0,1534,True,0
blind_zone_20260814_125953,0.49944089017798043,2,10,velodyne,96925.736527318,925.465,False,6.236419200897217,5.736978310719237,27415,0,1385,True,0
blind_zone_20260814_125953,0.49944089017798043,2,11,velodyne,96925.882843012,925.611,False,6.231680870056152,5.732239979878172,27297,0,1503,True,0
blind_zone_20260814_125953,0.49944089017798043,2,12,velodyne,96926.044178323,925.747,False,6.236123561859131,5.736682671681151,27297,0,1503,True,0
blind_zone_20260814_125953,0.49944089017798043,2,13,velodyne,96926.362073924,926.046,False,6.230048179626465,5.730607289448485,27292,0,1508,True,0
blind_zone_20260814_125953,0.49944089017798043,2,14,velodyne,96926.514616447,926.187,False,6.232965469360352,5.7335245791823715,27273,0,1527,True,0
blind_zone_20260814_125953,0.49944089017798043,2,15,velodyne,96926.841607083,926.485,False,6.23082160949707,5.73138071931909,27273,0,1527,True,0
blind_zone_20260814_125953,0.49944089017798043,2,16,velodyne,96927.131089934,926.776,False,6.231856822967529,5.732415932789549,27360,0,1440,True,0
blind_zone_20260814_125953,0.49944089017798043,2,17,velodyne,96927.298025533,926.921,False,6.23285436630249,5.73341347612451,27402,0,1398,True,0
blind_zone_20260814_125953,0.49944089017798043,2,18,velodyne,96927.45508699,927.078,False,6.229044437408447,5.729603547230467,27356,0,1444,True,0
blind_zone_20260814_125953,0.49944089017798043,2,19,velodyne,96927.616049386,927.232,False,6.231285572052002,5.731844681874022,27278,0,1522,True,0
blind_zone_20260814_125953,0.49944089017798043,2,20,velodyne,96927.775222395,927.378,False,6.232674598693848,5.7332337085158676,27366,0,1434,True,0
blind_zone_20260814_125953,0.49944089017798043,3,1,scan,96927.922756059,927.522,False,,,440,280,0,True,0
blind_zone_20260814_125953,0.49944089017798043,3,2,scan,96928.072353415,927.661,False,,,439,281,0,True,0
blind_zone_20260814_125953,0.49944089017798043,3,3,scan,96928.242827154,927.8,False,,,441,279,0,True,0
blind_zone_20260814_125953,0.49944089017798043,3,4,scan,96928.399212267,927.957,False,,,441,279,0,True,0
blind_zone_20260814_125953,0.49944089017798043,3,5,scan,96928.544027477,928.099,False,,,441,279,0,True,0
blind_zone_20260814_125953,0.49944089017798043,3,6,scan,96928.702918769,928.241,False,,,441,279,0,True,0
blind_zone_20260814_125953,0.49944089017798043,3,7,scan,96928.877326198,928.389,False,,,439,281,0,True,0
blind_zone_20260814_125953,0.49944089017798043,3,8,scan,96929.038086828,928.538,False,,,441,279,0,True,0
blind_zone_20260814_125953,0.49944089017798043,3,9,scan,96929.174832272,928.672,False,,,441,279,0,True,0
blind_zone_20260814_125953,0.49944089017798043,3,10,scan,96929.360054112,928.814,False,,,439,281,0,True,0
blind_zone_20260814_125953,0.49944089017798043,3,11,scan,96929.476978997,928.958,False,,,441,279,0,True,0
blind_zone_20260814_125953,0.49944089017798043,3,12,scan,96929.645518019,929.108,False,,,441,279,0,True,0
blind_zone_20260814_125953,0.49944089017798043,3,13,scan,96929.832339833,929.259,False,,,441,279,0,True,0
blind_zone_20260814_125953,0.49944089017798043,3,14,scan,96929.976649148,929.414,False,,,441,279,0,True,0
blind_zone_20260814_125953,0.49944089017798043,3,15,scan,96930.12210075,929.558,False,,,441,279,0,True,0
blind_zone_20260814_125953,0.49944089017798043,3,16,scan,96930.284244218,929.706,False,,,441,279,0,True,0
blind_zone_20260814_125953,0.49944089017798043,3,17,scan,96930.468134027,929.846,False,,,441,279,0,True,0
blind_zone_20260814_125953,0.49944089017798043,3,18,scan,96930.586530396,929.992,False,,,441,279,0,True,0
blind_zone_20260814_125953,0.49944089017798043,3,19,scan,96930.910902363,930.291,False,,,440,280,0,True,0
blind_zone_20260814_125953,0.49944089017798043,3,20,scan,96931.231515288,930.592,False,,,441,279,0,True,0
blind_zone_20260814_125953,0.49944089017798043,3,1,velodyne,96927.920910316,927.522,False,6.2322258949279785,5.732785004749998,27364,0,1436,True,0
blind_zone_20260814_125953,0.49944089017798043,3,2,velodyne,96928.070834393,927.661,False,6.233218193054199,5.733777302876219,27420,0,1380,True,0
blind_zone_20260814_125953,0.49944089017798043,3,3,velodyne,96928.239899447,927.8,False,6.232316493988037,5.732875603810057,27340,0,1460,True,0
blind_zone_20260814_125953,0.49944089017798043,3,4,velodyne,96928.397691181,927.957,False,6.23254919052124,5.73310830034326,27404,0,1396,True,0
blind_zone_20260814_125953,0.49944089017798043,3,5,velodyne,96928.543095884,928.099,False,6.229040145874023,5.729599255696043,27286,0,1514,True,0
blind_zone_20260814_125953,0.49944089017798043,3,6,velodyne,96928.699435944,928.241,False,6.230277061462402,5.730836171284422,27255,0,1545,True,0
blind_zone_20260814_125953,0.49944089017798043,3,7,velodyne,96928.873470566,928.389,False,6.2323222160339355,5.7328813258559554,27408,0,1392,True,0
blind_zone_20260814_125953,0.49944089017798043,3,8,velodyne,96929.036348035,928.538,False,6.230003356933594,5.730562466755614,27278,0,1522,True,0
blind_zone_20260814_125953,0.49944089017798043,3,9,velodyne,96929.171899295,928.672,False,6.231165409088135,5.731724518910155,27304,0,1496,True,0
blind_zone_20260814_125953,0.49944089017798043,3,10,velodyne,96929.358275695,928.814,False,6.23093843460083,5.73149754442285,27399,0,1401,True,0
blind_zone_20260814_125953,0.49944089017798043,3,11,velodyne,96929.47476233,928.958,False,6.232452869415283,5.733011979237303,27379,0,1421,True,0
blind_zone_20260814_125953,0.49944089017798043,3,12,velodyne,96929.644169737,929.108,False,6.23246431350708,5.7330234233291,27301,0,1499,True,0
blind_zone_20260814_125953,0.49944089017798043,3,13,velodyne,96929.829718359,929.259,False,6.231893539428711,5.732452649250731,27357,0,1443,True,0
blind_zone_20260814_125953,0.49944089017798043,3,14,velodyne,96929.973595616,929.414,False,6.230953693389893,5.7315128032119125,27280,0,1520,True,0
blind_zone_20260814_125953,0.49944089017798043,3,15,velodyne,96930.120403154,929.558,False,6.227925777435303,5.728484887257323,27264,0,1536,True,0
blind_zone_20260814_125953,0.49944089017798043,3,16,velodyne,96930.28229459,929.706,False,6.2305474281311035,5.731106537953123,27369,0,1431,True,0
blind_zone_20260814_125953,0.49944089017798043,3,17,velodyne,96930.46546809,929.846,False,6.23378849029541,5.73434760011743,27373,0,1427,True,0
blind_zone_20260814_125953,0.49944089017798043,3,18,velodyne,96930.583785481,929.992,False,6.23293924331665,5.73349835313867,27290,0,1510,True,0
blind_zone_20260814_125953,0.49944089017798043,3,19,velodyne,96930.751507957,930.137,False,6.228163242340088,5.728722352162108,27331,0,1469,True,0
blind_zone_20260814_125953,0.49944089017798043,3,20,velodyne,96930.909603563,930.291,False,6.230459690093994,5.731018799916014,27325,0,1475,True,0
blind_zone_20260814_125953,0.3994825711693295,1,1,scan,96932.431101763,931.673,False,,,440,280,0,True,0
blind_zone_20260814_125953,0.3994825711693295,1,2,scan,96932.590015702,931.816,False,,,441,279,0,True,0
blind_zone_20260814_125953,0.3994825711693295,1,3,scan,96932.740575282,931.966,False,,,441,279,0,True,0
blind_zone_20260814_125953,0.3994825711693295,1,4,scan,96932.908790392,932.113,False,,,441,279,0,True,0
blind_zone_20260814_125953,0.3994825711693295,1,5,scan,96933.057384706,932.26,False,,,441,279,0,True,0
blind_zone_20260814_125953,0.3994825711693295,1,6,scan,96933.215302712,932.401,False,,,441,279,0,True,0
blind_zone_20260814_125953,0.3994825711693295,1,7,scan,96933.369158589,932.553,False,,,441,279,0,True,0
blind_zone_20260814_125953,0.3994825711693295,1,8,scan,96933.538323386,932.693,False,,,441,279,0,True,0
blind_zone_20260814_125953,0.3994825711693295,1,9,scan,96933.830509207,932.983,False,,,441,279,0,True,0
blind_zone_20260814_125953,0.3994825711693295,1,10,scan,96934.30172474,933.412,False,,,441,279,0,True,0
blind_zone_20260814_125953,0.3994825711693295,1,11,scan,96934.456782957,933.561,False,,,441,279,0,True,0
blind_zone_20260814_125953,0.3994825711693295,1,12,scan,96934.620683217,933.712,False,,,441,279,0,True,0
blind_zone_20260814_125953,0.3994825711693295,1,13,scan,96934.77577602,933.863,False,,,441,279,0,True,0
blind_zone_20260814_125953,0.3994825711693295,1,14,scan,96934.935713787,934.006,False,,,441,279,0,True,0
blind_zone_20260814_125953,0.3994825711693295,1,15,scan,96935.070160536,934.147,False,,,441,279,0,True,0
blind_zone_20260814_125953,0.3994825711693295,1,16,scan,96935.231369451,934.281,False,,,441,279,0,True,0
blind_zone_20260814_125953,0.3994825711693295,1,17,scan,96935.380665199,934.425,False,,,441,279,0,True,0
blind_zone_20260814_125953,0.3994825711693295,1,18,scan,96935.52540816,934.566,False,,,441,279,0,True,0
blind_zone_20260814_125953,0.3994825711693295,1,19,scan,96935.694744791,934.71,False,,,441,279,0,True,0
blind_zone_20260814_125953,0.3994825711693295,1,20,scan,96935.873254974,934.86,False,,,441,279,0,True,0
blind_zone_20260814_125953,0.3994825711693295,1,1,velodyne,96932.429449833,931.673,False,6.230132579803467,5.830650008634137,27370,0,1430,True,0
blind_zone_20260814_125953,0.3994825711693295,1,2,velodyne,96932.588517048,931.816,False,6.22998571395874,5.830503142789411,27295,0,1505,True,0
blind_zone_20260814_125953,0.3994825711693295,1,3,velodyne,96932.738702589,931.966,False,6.228281497955322,5.828798926785993,27272,0,1528,True,0
blind_zone_20260814_125953,0.3994825711693295,1,4,velodyne,96932.905983411,932.113,False,6.230356216430664,5.830873645261335,27427,0,1373,True,0
blind_zone_20260814_125953,0.3994825711693295,1,5,velodyne,96933.054851357,932.26,False,6.231118202209473,5.831635631040143,27280,0,1520,True,0
blind_zone_20260814_125953,0.3994825711693295,1,6,velodyne,96933.214394172,932.401,False,6.22881555557251,5.82933298440318,27268,0,1532,True,0
blind_zone_20260814_125953,0.3994825711693295,1,7,velodyne,96933.366540762,932.553,False,6.230350017547607,5.830867446378278,27395,0,1405,True,0
blind_zone_20260814_125953,0.3994825711693295,1,8,velodyne,96933.536038692,932.693,False,6.230135917663574,5.830653346494245,27334,0,1466,True,0
blind_zone_20260814_125953,0.3994825711693295,1,9,velodyne,96933.829503545,932.983,False,6.229299545288086,5.829816974118756,27285,0,1515,True,0
blind_zone_20260814_125953,0.3994825711693295,1,10,velodyne,96933.989812736,933.126,False,6.229094982147217,5.829612410977887,27386,0,1414,True,0
blind_zone_20260814_125953,0.3994825711693295,1,11,velodyne,96934.300012717,933.412,False,6.2275495529174805,5.828066981748151,27301,0,1499,True,0
blind_zone_20260814_125953,0.3994825711693295,1,12,velodyne,96934.454637163,933.561,False,6.229355812072754,5.829873240903424,27297,0,1503,True,0
blind_zone_20260814_125953,0.3994825711693295,1,13,velodyne,96934.618691761,933.712,False,6.23230504989624,5.832822478726911,27392,0,1408,True,0
blind_zone_20260814_125953,0.3994825711693295,1,14,velodyne,96934.774085257,933.863,False,6.227573394775391,5.828090823606061,27304,0,1496,True,0
blind_zone_20260814_125953,0.3994825711693295,1,15,velodyne,96934.929912654,934.006,False,6.228767395019531,5.829284823850202,27274,0,1526,True,0
blind_zone_20260814_125953,0.3994825711693295,1,16,velodyne,96935.068508425,934.147,False,6.227953910827637,5.828471339658307,27417,0,1383,True,0
blind_zone_20260814_125953,0.3994825711693295,1,17,velodyne,96935.228302403,934.281,False,6.226541996002197,5.827059424832868,27285,0,1515,True,0
blind_zone_20260814_125953,0.3994825711693295,1,18,velodyne,96935.378017736,934.425,False,6.229025840759277,5.829543269589948,27315,0,1485,True,0
blind_zone_20260814_125953,0.3994825711693295,1,19,velodyne,96935.693357817,934.71,False,6.224059104919434,5.824576533750104,27278,0,1522,True,0
blind_zone_20260814_125953,0.3994825711693295,1,20,velodyne,96935.870357474,934.86,False,6.22648811340332,5.827005542233991,27288,0,1512,True,0
blind_zone_20260814_125953,0.3994825711693295,2,1,scan,96936.022208754,935.012,False,,,441,279,0,True,0
blind_zone_20260814_125953,0.3994825711693295,2,2,scan,96936.333802626,935.315,False,,,441,279,0,True,0
blind_zone_20260814_125953,0.3994825711693295,2,3,scan,96936.493389197,935.458,False,,,441,279,0,True,0
blind_zone_20260814_125953,0.3994825711693295,2,4,scan,96936.649237125,935.605,False,,,441,279,0,True,0
blind_zone_20260814_125953,0.3994825711693295,2,5,scan,96936.802706133,935.746,False,,,441,279,0,True,0
blind_zone_20260814_125953,0.3994825711693295,2,6,scan,96937.132935531,936.047,False,,,441,279,0,True,0
blind_zone_20260814_125953,0.3994825711693295,2,7,scan,96937.436323805,936.337,False,,,441,279,0,True,0
blind_zone_20260814_125953,0.3994825711693295,2,8,scan,96937.587850079,936.48,False,,,441,279,0,True,0
blind_zone_20260814_125953,0.3994825711693295,2,9,scan,96937.757254529,936.621,False,,,442,278,0,True,0
blind_zone_20260814_125953,0.3994825711693295,2,10,scan,96938.094575907,936.784,False,,,441,279,0,True,0
blind_zone_20260814_125953,0.3994825711693295,2,11,scan,96938.120855441,936.936,False,,,441,279,0,True,0
blind_zone_20260814_125953,0.3994825711693295,2,12,scan,96938.239689925,937.055,False,,,441,279,0,True,0
blind_zone_20260814_125953,0.3994825711693295,2,13,scan,96938.389970569,937.195,False,,,441,279,0,True,0
blind_zone_20260814_125953,0.3994825711693295,2,14,scan,96938.561338934,937.341,False,,,441,279,0,True,0
blind_zone_20260814_125953,0.3994825711693295,2,15,scan,96938.743769054,937.488,False,,,441,279,0,True,0
blind_zone_20260814_125953,0.3994825711693295,2,16,scan,96938.869915618,937.642,False,,,441,279,0,True,0
blind_zone_20260814_125953,0.3994825711693295,2,17,scan,96939.033510491,937.79,False,,,441,279,0,True,0
blind_zone_20260814_125953,0.3994825711693295,2,18,scan,96939.192976279,937.943,False,,,441,279,0,True,0
blind_zone_20260814_125953,0.3994825711693295,2,19,scan,96939.510212394,938.236,False,,,441,279,0,True,0
blind_zone_20260814_125953,0.3994825711693295,2,20,scan,96939.660624807,938.38,False,,,440,280,0,True,0
blind_zone_20260814_125953,0.3994825711693295,2,1,velodyne,96936.020947885,935.012,False,6.227982997894287,5.828500426724958,27362,0,1438,True,0
blind_zone_20260814_125953,0.3994825711693295,2,2,velodyne,96936.329964116,935.315,False,6.2261433601379395,5.82666078896861,27265,0,1535,True,0
blind_zone_20260814_125953,0.3994825711693295,2,3,velodyne,96936.489815752,935.458,False,6.226663112640381,5.827180541471051,27297,0,1503,True,0
blind_zone_20260814_125953,0.3994825711693295,2,4,velodyne,96936.647580416,935.605,False,6.227313041687012,5.827830470517682,27419,0,1381,True,0
blind_zone_20260814_125953,0.3994825711693295,2,5,velodyne,96936.799553254,935.746,False,6.227208137512207,5.8277255663428775,27287,0,1513,True,0
blind_zone_20260814_125953,0.3994825711693295,2,6,velodyne,96937.12740267,936.047,False,6.227933883666992,5.828451312497663,27409,0,1391,True,0
blind_zone_20260814_125953,0.3994825711693295,2,7,velodyne,96937.432711838,936.337,False,6.228081703186035,5.828599132016706,27304,0,1496,True,0
blind_zone_20260814_125953,0.3994825711693295,2,8,velodyne,96937.585980852,936.48,False,6.227956295013428,5.828473723844098,27403,0,1397,True,0
blind_zone_20260814_125953,0.3994825711693295,2,9,velodyne,96937.755301666,936.621,False,6.223017692565918,5.8235351213965885,27259,0,1541,True,0
blind_zone_20260814_125953,0.3994825711693295,2,10,velodyne,96938.117135561,936.784,False,6.226328372955322,5.826845801785993,27423,0,1377,True,0
blind_zone_20260814_125953,0.3994825711693295,2,11,velodyne,96938.236083668,937.055,False,6.223577976226807,5.824095405057477,27287,0,1513,True,0
blind_zone_20260814_125953,0.3994825711693295,2,12,velodyne,96938.387471574,937.195,False,6.226647853851318,5.827165282681989,27368,0,1432,True,0
blind_zone_20260814_125953,0.3994825711693295,2,13,velodyne,96938.558123769,937.341,False,6.225984573364258,5.826502002194928,27327,0,1473,True,0
blind_zone_20260814_125953,0.3994825711693295,2,14,velodyne,96938.741063051,937.488,False,6.226272106170654,5.826789535001325,27295,0,1505,True,0
blind_zone_20260814_125953,0.3994825711693295,2,15,velodyne,96938.867603713,937.642,False,6.22560453414917,5.82612196297984,27316,0,1484,True,0
blind_zone_20260814_125953,0.3994825711693295,2,16,velodyne,96939.031803398,937.79,False,6.226325988769531,5.826843417600202,27360,0,1440,True,0
blind_zone_20260814_125953,0.3994825711693295,2,17,velodyne,96939.18986549,937.943,False,6.223813533782959,5.8243309626136295,27271,0,1529,True,0
blind_zone_20260814_125953,0.3994825711693295,2,18,velodyne,96939.507717457,938.236,False,6.224330902099609,5.82484833093028,27396,0,1404,True,0
blind_zone_20260814_125953,0.3994825711693295,2,19,velodyne,96939.657992953,938.38,False,6.223207473754883,5.823724902585553,27261,0,1539,True,0
blind_zone_20260814_125953,0.3994825711693295,2,20,velodyne,96939.816854292,938.531,False,6.226629257202148,5.827146686032819,27289,0,1511,True,0
blind_zone_20260814_125953,0.3994825711693295,3,1,scan,96939.995518207,938.672,False,,,441,279,0,True,0
blind_zone_20260814_125953,0.3994825711693295,3,2,scan,96940.13316654,938.823,False,,,441,279,0,True,0
blind_zone_20260814_125953,0.3994825711693295,3,3,scan,96940.285613759,938.968,False,,,442,278,0,True,0
blind_zone_20260814_125953,0.3994825711693295,3,4,scan,96940.438203625,939.103,False,,,442,278,0,True,0
blind_zone_20260814_125953,0.3994825711693295,3,5,scan,96940.627097169,939.25,False,,,441,279,0,True,0
blind_zone_20260814_125953,0.3994825711693295,3,6,scan,96940.752553203,939.394,False,,,442,278,0,True,0
blind_zone_20260814_125953,0.3994825711693295,3,7,scan,96940.903642884,939.537,False,,,442,278,0,True,0
blind_zone_20260814_125953,0.3994825711693295,3,8,scan,96941.079700424,939.69,False,,,441,279,0,True,0
blind_zone_20260814_125953,0.3994825711693295,3,9,scan,96941.23703106,939.833,False,,,442,278,0,True,0
blind_zone_20260814_125953,0.3994825711693295,3,10,scan,96941.392944415,939.977,False,,,442,278,0,True,0
blind_zone_20260814_125953,0.3994825711693295,3,11,scan,96941.573982674,940.141,False,,,440,280,0,True,0
blind_zone_20260814_125953,0.3994825711693295,3,12,scan,96941.720225417,940.315,False,,,442,278,0,True,0
blind_zone_20260814_125953,0.3994825711693295,3,13,scan,96941.895976486,940.451,False,,,442,278,0,True,0
blind_zone_20260814_125953,0.3994825711693295,3,14,scan,96942.03466166,940.596,False,,,439,281,0,True,0
blind_zone_20260814_125953,0.3994825711693295,3,15,scan,96942.179738833,940.73,False,,,442,278,0,True,0
blind_zone_20260814_125953,0.3994825711693295,3,16,scan,96942.330121823,940.873,False,,,442,278,0,True,0
blind_zone_20260814_125953,0.3994825711693295,3,17,scan,96942.657695084,941.159,False,,,442,278,0,True,0
blind_zone_20260814_125953,0.3994825711693295,3,18,scan,96942.950903165,941.455,False,,,440,280,0,True,0
blind_zone_20260814_125953,0.3994825711693295,3,19,scan,96943.128490519,941.606,False,,,442,278,0,True,0
blind_zone_20260814_125953,0.3994825711693295,3,20,scan,96943.424816033,941.901,False,,,442,278,0,True,0
blind_zone_20260814_125953,0.3994825711693295,3,1,velodyne,96939.993769926,938.672,False,6.223808288574219,5.824325717404889,27333,0,1467,True,0
blind_zone_20260814_125953,0.3994825711693295,3,2,velodyne,96940.283845591,938.968,False,6.221833229064941,5.822350657895612,27266,0,1534,True,0
blind_zone_20260814_125953,0.3994825711693295,3,3,velodyne,96940.436423234,939.103,False,6.2261199951171875,5.826637423947858,27294,0,1506,True,0
blind_zone_20260814_125953,0.3994825711693295,3,4,velodyne,96940.624017147,939.25,False,6.228819847106934,5.829337275937604,27420,0,1380,True,0
blind_zone_20260814_125953,0.3994825711693295,3,5,velodyne,96940.750475366,939.394,False,6.223404407501221,5.823921836331891,27257,0,1543,True,0
blind_zone_20260814_125953,0.3994825711693295,3,6,velodyne,96940.901732169,939.537,False,6.224612236022949,5.82512966485362,27289,0,1511,True,0
blind_zone_20260814_125953,0.3994825711693295,3,7,velodyne,96941.078356169,939.69,False,6.2222795486450195,5.82279697747569,27365,0,1435,True,0
blind_zone_20260814_125953,0.3994825711693295,3,8,velodyne,96941.234015358,939.833,False,6.223202228546143,5.823719657376813,27286,0,1514,True,0
blind_zone_20260814_125953,0.3994825711693295,3,9,velodyne,96941.389504138,939.977,False,6.221219062805176,5.821736491635846,27299,0,1501,True,0
blind_zone_20260814_125953,0.3994825711693295,3,10,velodyne,96941.572515048,940.141,False,6.225709438323975,5.826226867154645,27270,0,1530,True,0
blind_zone_20260814_125953,0.3994825711693295,3,11,velodyne,96941.717436139,940.315,False,6.222449779510498,5.8229672083411685,27306,0,1494,True,0
blind_zone_20260814_125953,0.3994825711693295,3,12,velodyne,96941.893469686,940.451,False,6.225751876831055,5.826269305661725,27381,0,1419,True,0
blind_zone_20260814_125953,0.3994825711693295,3,13,velodyne,96942.03268347,940.596,False,6.2212934494018555,5.821810878232526,27304,0,1496,True,0
blind_zone_20260814_125953,0.3994825711693295,3,14,velodyne,96942.173867459,940.73,False,6.222443580627441,5.822961009458112,27340,0,1460,True,0
blind_zone_20260814_125953,0.3994825711693295,3,15,velodyne,96942.326158899,940.873,False,6.2249226570129395,5.82544008584361,27389,0,1411,True,0
blind_zone_20260814_125953,0.3994825711693295,3,16,velodyne,96942.473403016,941.012,False,6.222370147705078,5.822887576535749,27288,0,1512,True,0
blind_zone_20260814_125953,0.3994825711693295,3,17,velodyne,96942.652393065,941.159,False,6.223023414611816,5.823540843442487,27300,0,1500,True,0
blind_zone_20260814_125953,0.3994825711693295,3,18,velodyne,96942.793856197,941.303,False,6.221563816070557,5.822081244901227,27338,0,1462,True,0
blind_zone_20260814_125953,0.3994825711693295,3,19,velodyne,96942.949149364,941.455,False,6.224254131317139,5.824771560147809,27280,0,1520,True,0
blind_zone_20260814_125953,0.3994825711693295,3,20,velodyne,96943.125045785,941.606,False,6.224206447601318,5.824723876431989,27400,0,1400,True,0
blind_zone_20260814_125953,0.29971073678378113,1,1,scan,96944.585696595,943.028,False,,,442,278,0,True,0
blind_zone_20260814_125953,0.29971073678378113,1,2,scan,96944.717710331,943.146,False,,,441,279,0,True,0
blind_zone_20260814_125953,0.29971073678378113,1,3,scan,96944.873165753,943.273,False,,,442,278,0,True,0
blind_zone_20260814_125953,0.29971073678378113,1,4,scan,96945.009298185,943.408,False,,,442,278,0,True,0
blind_zone_20260814_125953,0.29971073678378113,1,5,scan,96945.110043533,943.526,False,,,441,279,0,True,0
blind_zone_20260814_125953,0.29971073678378113,1,6,scan,96945.3765536,943.755,False,,,441,279,0,True,0
blind_zone_20260814_125953,0.29971073678378113,1,7,scan,96945.492718376,943.876,False,,,442,278,0,True,0
blind_zone_20260814_125953,0.29971073678378113,1,8,scan,96945.654140301,943.999,False,,,442,278,0,True,0
blind_zone_20260814_125953,0.29971073678378113,1,9,scan,96945.875998393,944.233,False,,,442,278,0,True,0
blind_zone_20260814_125953,0.29971073678378113,1,10,scan,96946.015162738,944.357,False,,,442,278,0,True,0
blind_zone_20260814_125953,0.29971073678378113,1,11,scan,96946.140185226,944.473,False,,,442,278,0,True,0
blind_zone_20260814_125953,0.29971073678378113,1,12,scan,96946.268235779,944.596,False,,,442,278,0,True,0
blind_zone_20260814_125953,0.29971073678378113,1,13,scan,96946.380569187,944.712,False,,,441,279,0,True,0
blind_zone_20260814_125953,0.29971073678378113,1,14,scan,96946.526396448,944.833,False,,,442,278,0,True,0
blind_zone_20260814_125953,0.29971073678378113,1,15,scan,96946.772518576,945.076,False,,,441,279,0,True,0
blind_zone_20260814_125953,0.29971073678378113,1,16,scan,96946.910048484,945.196,False,,,442,278,0,True,0
blind_zone_20260814_125953,0.29971073678378113,1,17,scan,96947.02104416,945.315,False,,,442,278,0,True,0
blind_zone_20260814_125953,0.29971073678378113,1,18,scan,96947.145370627,945.426,False,,,441,279,0,True,0
blind_zone_20260814_125953,0.29971073678378113,1,19,scan,96947.269998156,945.538,False,,,441,279,0,True,0
blind_zone_20260814_125953,0.29971073678378113,1,20,scan,96947.399668891,945.655,False,,,442,278,0,True,0
blind_zone_20260814_125953,0.29971073678378113,1,1,velodyne,96944.583679521,943.028,False,6.218462944030762,5.918752207246981,27318,0,1482,True,0
blind_zone_20260814_125953,0.29971073678378113,1,2,velodyne,96944.714992477,943.146,False,6.221671104431152,5.9219603676473715,27382,0,1418,True,0
blind_zone_20260814_125953,0.29971073678378113,1,3,velodyne,96944.868175096,943.273,False,6.223809242248535,5.924098505464754,27303,0,1497,True,0
blind_zone_20260814_125953,0.29971073678378113,1,4,velodyne,96945.007653849,943.408,False,6.221385955810547,5.921675219026766,27307,0,1493,True,0
blind_zone_20260814_125953,0.29971073678378113,1,5,velodyne,96945.107755493,943.526,False,6.223339080810547,5.923628344026766,27391,0,1409,True,0
blind_zone_20260814_125953,0.29971073678378113,1,6,velodyne,96945.373481262,943.755,False,6.22031307220459,5.920602335420809,27286,0,1514,True,0
blind_zone_20260814_125953,0.29971073678378113,1,7,velodyne,96945.650767602,943.999,False,6.222378253936768,5.922667517152987,27292,0,1508,True,0
blind_zone_20260814_125953,0.29971073678378113,1,8,velodyne,96946.010253434,944.357,False,6.221716403961182,5.922005667177401,27415,0,1385,True,0
blind_zone_20260814_125953,0.29971073678378113,1,9,velodyne,96946.135762131,944.473,False,6.219605445861816,5.919894709078036,27274,0,1526,True,0
blind_zone_20260814_125953,0.29971073678378113,1,10,velodyne,96946.264635814,944.596,False,6.219422340393066,5.919711603609286,27365,0,1435,True,0
blind_zone_20260814_125953,0.29971073678378113,1,11,velodyne,96946.408948911,944.712,False,6.221210956573486,5.9215002197897055,27290,0,1510,True,0
blind_zone_20260814_125953,0.29971073678378113,1,12,velodyne,96946.522667852,944.833,False,6.2219133377075195,5.922202600923739,27419,0,1381,True,0
blind_zone_20260814_125953,0.29971073678378113,1,13,velodyne,96946.769617478,945.076,False,6.2179646492004395,5.918253912416659,27302,0,1498,True,0
blind_zone_20260814_125953,0.29971073678378113,1,14,velodyne,96946.907294481,945.196,False,6.222491264343262,5.922780527559481,27400,0,1400,True,0
blind_zone_20260814_125953,0.29971073678378113,1,15,velodyne,96947.019442083,945.315,False,6.221409797668457,5.921699060884676,27419,0,1381,True,0
blind_zone_20260814_125953,0.29971073678378113,1,16,velodyne,96947.142851574,945.426,False,6.219305515289307,5.919594778505526,27279,0,1521,True,0
blind_zone_20260814_125953,0.29971073678378113,1,17,velodyne,96947.264811803,945.538,False,6.217763423919678,5.918052687135897,27288,0,1512,True,0
blind_zone_20260814_125953,0.29971073678378113,1,18,velodyne,96947.397406839,945.655,False,6.220325946807861,5.9206152100240805,27358,0,1442,True,0
blind_zone_20260814_125953,0.29971073678378113,1,19,velodyne,96947.513386029,945.776,False,6.224053859710693,5.924343122926913,27407,0,1393,True,0
blind_zone_20260814_125953,0.29971073678378113,1,20,velodyne,96947.672673694,945.889,False,6.2213544845581055,5.921643747774325,27276,0,1524,True,0
blind_zone_20260814_125953,0.29971073678378113,2,1,scan,96947.79070309,946.005,False,,,441,279,0,True,0
blind_zone_20260814_125953,0.29971073678378113,2,2,scan,96948.030425486,946.247,False,,,442,278,0,True,0
blind_zone_20260814_125953,0.29971073678378113,2,3,scan,96948.174011055,946.36,False,,,441,279,0,True,0
blind_zone_20260814_125953,0.29971073678378113,2,4,scan,96948.278135757,946.476,False,,,441,279,0,True,0
blind_zone_20260814_125953,0.29971073678378113,2,5,scan,96948.421694345,946.583,False,,,441,279,0,True,0
blind_zone_20260814_125953,0.29971073678378113,2,6,scan,96948.546654839,946.696,False,,,441,279,0,True,0
blind_zone_20260814_125953,0.29971073678378113,2,7,scan,96948.910276816,947.043,False,,,441,279,0,True,0
blind_zone_20260814_125953,0.29971073678378113,2,8,scan,96949.063526235,947.164,False,,,442,278,0,True,0
blind_zone_20260814_125953,0.29971073678378113,2,9,scan,96949.299261694,947.415,False,,,441,279,0,True,0
blind_zone_20260814_125953,0.29971073678378113,2,10,scan,96949.438016406,947.526,False,,,441,279,0,True,0
blind_zone_20260814_125953,0.29971073678378113,2,11,scan,96949.562988472,947.64,False,,,443,277,0,True,0
blind_zone_20260814_125953,0.29971073678378113,2,12,scan,96949.688959648,947.763,False,,,441,279,0,True,0
blind_zone_20260814_125953,0.29971073678378113,2,13,scan,96949.827486203,947.876,False,,,443,277,0,True,0
blind_zone_20260814_125953,0.29971073678378113,2,14,scan,96950.092480564,948.121,False,,,442,278,0,True,0
blind_zone_20260814_125953,0.29971073678378113,2,15,scan,96950.216958356,948.237,False,,,441,279,0,True,0
blind_zone_20260814_125953,0.29971073678378113,2,16,scan,96950.338296263,948.358,False,,,441,279,0,True,0
blind_zone_20260814_125953,0.29971073678378113,2,17,scan,96950.480559289,948.477,False,,,441,279,0,True,0
blind_zone_20260814_125953,0.29971073678378113,2,18,scan,96950.601130302,948.606,False,,,441,279,0,True,0
blind_zone_20260814_125953,0.29971073678378113,2,19,scan,96950.742160513,948.725,False,,,441,279,0,True,0
blind_zone_20260814_125953,0.29971073678378113,2,20,scan,96950.863270044,948.846,False,,,441,279,0,True,0
blind_zone_20260814_125953,0.29971073678378113,2,1,velodyne,96947.789058583,946.005,False,6.22013521194458,5.920424475160799,27321,0,1479,True,0
blind_zone_20260814_125953,0.29971073678378113,2,2,velodyne,96948.02883486,946.247,False,6.219758033752441,5.920047296968661,27416,0,1384,True,0
blind_zone_20260814_125953,0.29971073678378113,2,3,velodyne,96948.169531033,946.36,False,6.217817783355713,5.918107046571932,27357,0,1443,True,0
blind_zone_20260814_125953,0.29971073678378113,2,4,velodyne,96948.276755355,946.476,False,6.218457221984863,5.9187464852010825,27272,0,1528,True,0
blind_zone_20260814_125953,0.29971073678378113,2,5,velodyne,96948.418967433,946.583,False,6.221333980560303,5.921623243776522,27296,0,1504,True,0
blind_zone_20260814_125953,0.29971073678378113,2,6,velodyne,96948.542273502,946.696,False,6.220959663391113,5.9212489266073325,27299,0,1501,True,0
blind_zone_20260814_125953,0.29971073678378113,2,7,velodyne,96948.907729861,947.043,False,6.2205891609191895,5.920878424135409,27357,0,1443,True,0
blind_zone_20260814_125953,0.29971073678378113,2,8,velodyne,96949.060766903,947.164,False,6.218160152435303,5.918449415651522,27341,0,1459,True,0
blind_zone_20260814_125953,0.29971073678378113,2,9,velodyne,96949.182957355,947.296,False,6.218691825866699,5.918981089082918,27314,0,1486,True,0
blind_zone_20260814_125953,0.29971073678378113,2,10,velodyne,96949.297533822,947.415,False,6.217944145202637,5.918233408418856,27304,0,1496,True,0
blind_zone_20260814_125953,0.29971073678378113,2,11,velodyne,96949.435138341,947.526,False,6.219122409820557,5.919411673036776,27386,0,1414,True,0
blind_zone_20260814_125953,0.29971073678378113,2,12,velodyne,96949.561988601,947.64,False,6.216610908508301,5.91690017172452,27286,0,1514,True,0
blind_zone_20260814_125953,0.29971073678378113,2,13,velodyne,96949.68598384,947.763,False,6.216142654418945,5.9164319176351645,27312,0,1488,True,0
blind_zone_20260814_125953,0.29971073678378113,2,14,velodyne,96949.824746147,947.876,False,6.217739105224609,5.918028368440829,27305,0,1495,True,0
blind_zone_20260814_125953,0.29971073678378113,2,15,velodyne,96950.089195568,948.121,False,6.221010684967041,5.92129994818326,27417,0,1383,True,0
blind_zone_20260814_125953,0.29971073678378113,2,16,velodyne,96950.214772446,948.237,False,6.220911979675293,5.921201242891512,27344,0,1456,True,0
blind_zone_20260814_125953,0.29971073678378113,2,17,velodyne,96950.336747786,948.358,False,6.217748165130615,5.918037428346834,27302,0,1498,True,0
blind_zone_20260814_125953,0.29971073678378113,2,18,velodyne,96950.478385211,948.477,False,6.218879699707031,5.9191689629232505,27280,0,1520,True,0
blind_zone_20260814_125953,0.29971073678378113,2,19,velodyne,96950.598731014,948.606,False,6.217789649963379,5.918078913179598,27396,0,1404,True,0
blind_zone_20260814_125953,0.29971073678378113,2,20,velodyne,96950.740868275,948.725,False,6.218780517578125,5.919069780794344,27299,0,1501,True,0
blind_zone_20260814_125953,0.29971073678378113,3,1,scan,96951.006202894,948.96,False,,,441,279,0,True,0
blind_zone_20260814_125953,0.29971073678378113,3,2,scan,96951.113652389,949.069,False,,,441,279,0,True,0
blind_zone_20260814_125953,0.29971073678378113,3,3,scan,96951.238086269,949.196,False,,,442,278,0,True,0
blind_zone_20260814_125953,0.29971073678378113,3,4,scan,96951.380546405,949.313,False,,,441,279,0,True,0
blind_zone_20260814_125953,0.29971073678378113,3,5,scan,96951.758652878,949.681,False,,,442,278,0,True,0
blind_zone_20260814_125953,0.29971073678378113,3,6,scan,96951.890360718,949.799,False,,,441,279,0,True,0
blind_zone_20260814_125953,0.29971073678378113,3,7,scan,96952.028064035,949.923,False,,,441,279,0,True,0
blind_zone_20260814_125953,0.29971073678378113,3,8,scan,96952.177879432,950.034,False,,,442,278,0,True,0
blind_zone_20260814_125953,0.29971073678378113,3,9,scan,96952.335551158,950.177,False,,,441,279,0,True,0
blind_zone_20260814_125953,0.29971073678378113,3,10,scan,96952.453096421,950.326,False,,,442,278,0,True,0
blind_zone_20260814_125953,0.29971073678378113,3,11,scan,96952.58148364,950.447,False,,,442,278,0,True,0
blind_zone_20260814_125953,0.29971073678378113,3,12,scan,96952.722557504,950.563,False,,,441,279,0,True,0
blind_zone_20260814_125953,0.29971073678378113,3,13,scan,96952.843584081,950.689,False,,,442,278,0,True,0
blind_zone_20260814_125953,0.29971073678378113,3,14,scan,96952.974093951,950.805,False,,,442,278,0,True,0
blind_zone_20260814_125953,0.29971073678378113,3,15,scan,96953.231415161,950.926,False,,,441,279,0,True,0
blind_zone_20260814_125953,0.29971073678378113,3,16,scan,96953.262066196,951.04,False,,,441,279,0,True,0
blind_zone_20260814_125953,0.29971073678378113,3,17,scan,96953.373382707,951.157,False,,,442,278,0,True,0
blind_zone_20260814_125953,0.29971073678378113,3,18,scan,96953.482140501,951.275,False,,,443,277,0,True,0
blind_zone_20260814_125953,0.29971073678378113,3,19,scan,96953.626155157,951.392,False,,,441,279,0,True,0
blind_zone_20260814_125953,0.29971073678378113,3,20,scan,96953.747496184,951.511,False,,,442,278,0,True,0
blind_zone_20260814_125953,0.29971073678378113,3,1,velodyne,96951.002321793,948.96,False,6.218822002410889,5.919111265627108,27370,0,1430,True,0
blind_zone_20260814_125953,0.29971073678378113,3,2,velodyne,96951.111814931,949.069,False,6.219590187072754,5.919879450288973,27371,0,1429,True,0
blind_zone_20260814_125953,0.29971073678378113,3,3,velodyne,96951.235770727,949.196,False,6.217292308807373,5.917581572023592,27303,0,1497,True,0
blind_zone_20260814_125953,0.29971073678378113,3,4,velodyne,96951.378602097,949.313,False,6.2136311531066895,5.913920416322909,27305,0,1495,True,0
blind_zone_20260814_125953,0.29971073678378113,3,5,velodyne,96951.629897591,949.558,False,6.217397689819336,5.917686953035555,27412,0,1388,True,0
blind_zone_20260814_125953,0.29971073678378113,3,6,velodyne,96951.755919684,949.681,False,6.217178821563721,5.91746808477994,27291,0,1509,True,0
blind_zone_20260814_125953,0.29971073678378113,3,7,velodyne,96951.888815667,949.799,False,6.215112686157227,5.915401949373446,27275,0,1525,True,0
blind_zone_20260814_125953,0.29971073678378113,3,8,velodyne,96952.025544161,949.923,False,6.214857578277588,5.915146841493807,27384,0,1416,True,0
blind_zone_20260814_125953,0.29971073678378113,3,9,velodyne,96952.175871325,950.034,False,6.216024875640869,5.916314138857088,27368,0,1432,True,0
blind_zone_20260814_125953,0.29971073678378113,3,10,velodyne,96952.332895279,950.177,False,6.21676778793335,5.917057051149569,27446,0,1354,True,0
blind_zone_20260814_125953,0.29971073678378113,3,11,velodyne,96952.579716624,950.447,False,6.215900421142578,5.916189684358797,27403,0,1397,True,0
blind_zone_20260814_125953,0.29971073678378113,3,12,velodyne,96952.721039754,950.563,False,6.216175556182861,5.9164648193990805,27285,0,1515,True,0
blind_zone_20260814_125953,0.29971073678378113,3,13,velodyne,96952.847420118,950.689,False,6.2138166427612305,5.91410590597745,27291,0,1509,True,0
blind_zone_20260814_125953,0.29971073678378113,3,14,velodyne,96952.969915073,950.805,False,6.210327625274658,5.910616888490877,27327,0,1473,True,0
blind_zone_20260814_125953,0.29971073678378113,3,15,velodyne,96953.256298725,950.926,False,6.216119766235352,5.916409029451571,27302,0,1498,True,0
blind_zone_20260814_125953,0.29971073678378113,3,16,velodyne,96953.287604775,951.04,False,6.2159810066223145,5.916270269838534,27412,0,1388,True,0
blind_zone_20260814_125953,0.29971073678378113,3,17,velodyne,96953.371088645,951.157,False,6.213074207305908,5.913363470522127,27295,0,1505,True,0
blind_zone_20260814_125953,0.29971073678378113,3,18,velodyne,96953.478427875,951.275,False,6.212209701538086,5.912498964754305,27284,0,1516,True,0
blind_zone_20260814_125953,0.29971073678378113,3,19,velodyne,96953.621941915,951.392,False,6.213993549346924,5.914282812563143,27367,0,1433,True,0
blind_zone_20260814_125953,0.29971073678378113,3,20,velodyne,96953.745416463,951.511,False,6.214996337890625,5.915285601106844,27323,0,1477,True,0
blind_zone_20260814_125953,0.24970456786397002,1,1,scan,96955.159058457,952.83,False,,,442,278,0,True,0
blind_zone_20260814_125953,0.24970456786397002,1,2,scan,96955.412340062,953.055,False,,,441,279,0,True,0
blind_zone_20260814_125953,0.24970456786397002,1,3,scan,96955.547255477,953.167,False,,,441,279,0,True,0
blind_zone_20260814_125953,0.24970456786397002,1,4,scan,96955.672123484,953.286,False,,,442,278,0,True,0
blind_zone_20260814_125953,0.24970456786397002,1,5,scan,96955.815852598,953.405,False,,,442,278,0,True,0
blind_zone_20260814_125953,0.24970456786397002,1,6,scan,96955.936645811,953.533,False,,,443,277,0,True,0
blind_zone_20260814_125953,0.24970456786397002,1,7,scan,96956.057347844,953.65,False,,,442,278,0,True,0
blind_zone_20260814_125953,0.24970456786397002,1,8,scan,96956.185143528,953.759,False,,,442,278,0,True,0
blind_zone_20260814_125953,0.24970456786397002,1,9,scan,96956.330110048,953.872,False,,,443,277,0,True,0
blind_zone_20260814_125953,0.24970456786397002,1,10,scan,96956.440848099,953.995,False,,,442,278,0,True,0
blind_zone_20260814_125953,0.24970456786397002,1,11,scan,96956.57154944,954.109,False,,,442,278,0,True,0
blind_zone_20260814_125953,0.24970456786397002,1,12,scan,96956.687627823,954.223,False,,,442,278,0,True,0
blind_zone_20260814_125953,0.24970456786397002,1,13,scan,96956.820092233,954.337,False,,,442,278,0,True,0
blind_zone_20260814_125953,0.24970456786397002,1,14,scan,96956.948779195,954.457,False,,,443,277,0,True,0
blind_zone_20260814_125953,0.24970456786397002,1,15,scan,96957.075685046,954.583,False,,,442,278,0,True,0
blind_zone_20260814_125953,0.24970456786397002,1,16,scan,96957.344955288,954.808,False,,,442,278,0,True,0
blind_zone_20260814_125953,0.24970456786397002,1,17,scan,96957.459486777,954.925,False,,,443,277,0,True,0
blind_zone_20260814_125953,0.24970456786397002,1,18,scan,96957.833388428,955.281,False,,,442,278,0,True,0
blind_zone_20260814_125953,0.24970456786397002,1,19,scan,96957.976575881,955.395,False,,,443,277,0,True,0
blind_zone_20260814_125953,0.24970456786397002,1,20,scan,96958.213127692,955.635,False,,,442,278,0,True,0
blind_zone_20260814_125953,0.24970456786397002,1,1,velodyne,96954.915298686,952.591,False,6.210659980773926,5.960955412909955,27292,0,1508,True,0
blind_zone_20260814_125953,0.24970456786397002,1,2,velodyne,96955.156304955,952.83,False,6.214763641357422,5.965059073493451,27309,0,1491,True,0
blind_zone_20260814_125953,0.24970456786397002,1,3,velodyne,96955.409945733,953.055,False,6.213854789733887,5.964150221869916,27279,0,1521,True,0
blind_zone_20260814_125953,0.24970456786397002,1,4,velodyne,96955.542294154,953.167,False,6.2181549072265625,5.968450339362592,27418,0,1382,True,0
blind_zone_20260814_125953,0.24970456786397002,1,5,velodyne,96955.669803583,953.286,False,6.212888240814209,5.9631836729502385,27322,0,1478,True,0
blind_zone_20260814_125953,0.24970456786397002,1,6,velodyne,96955.814249288,953.405,False,6.214847087860107,5.965142519996137,27414,0,1386,True,0
blind_zone_20260814_125953,0.24970456786397002,1,7,velodyne,96955.934586869,953.533,False,6.21168851852417,5.9619839506601995,27274,0,1526,True,0
blind_zone_20260814_125953,0.24970456786397002,1,8,velodyne,96956.054528339,953.65,False,6.215166091918945,5.965461524054975,27407,0,1393,True,0
blind_zone_20260814_125953,0.24970456786397002,1,9,velodyne,96956.182825251,953.759,False,6.214223861694336,5.9645192938303655,27300,0,1500,True,0
blind_zone_20260814_125953,0.24970456786397002,1,10,velodyne,96956.325344462,953.872,False,6.214310646057129,5.9646060781931585,27354,0,1446,True,0
blind_zone_20260814_125953,0.24970456786397002,1,11,velodyne,96956.438074209,953.995,False,6.211357116699219,5.961652548835248,27380,0,1420,True,0
blind_zone_20260814_125953,0.24970456786397002,1,12,velodyne,96956.569728743,954.109,False,6.2139410972595215,5.964236529395551,27383,0,1417,True,0
blind_zone_20260814_125953,0.24970456786397002,1,13,velodyne,96956.684757663,954.223,False,6.215398788452148,5.965694220588178,27400,0,1400,True,0
blind_zone_20260814_125953,0.24970456786397002,1,14,velodyne,96956.816101947,954.337,False,6.212351322174072,5.962646754310102,27409,0,1391,True,0
blind_zone_20260814_125953,0.24970456786397002,1,15,velodyne,96956.946623703,954.457,False,6.21048641204834,5.960781844184369,27305,0,1495,True,0
blind_zone_20260814_125953,0.24970456786397002,1,16,velodyne,96957.073980306,954.583,False,6.213697910308838,5.9639933424448675,27389,0,1411,True,0
blind_zone_20260814_125953,0.24970456786397002,1,17,velodyne,96957.341508089,954.808,False,6.214682102203369,5.964977534339399,27420,0,1380,True,0
blind_zone_20260814_125953,0.24970456786397002,1,18,velodyne,96957.456738125,954.925,False,6.214150428771973,5.964445860908002,27326,0,1474,True,0
blind_zone_20260814_125953,0.24970456786397002,1,19,velodyne,96957.711147014,955.157,False,6.213596820831299,5.963892252967328,27435,0,1365,True,0
blind_zone_20260814_125953,0.24970456786397002,1,20,velodyne,96957.831353311,955.281,False,6.212637901306152,5.962933333442182,27305,0,1495,True,0
blind_zone_20260814_125953,0.24970456786397002,2,1,scan,96958.337129359,955.747,False,,,443,277,0,True,0
blind_zone_20260814_125953,0.24970456786397002,2,2,scan,96958.464811833,955.866,False,,,443,277,0,True,0
blind_zone_20260814_125953,0.24970456786397002,2,3,scan,96958.587753238,955.978,False,,,443,277,0,True,0
blind_zone_20260814_125953,0.24970456786397002,2,4,scan,96958.827988802,956.211,False,,,443,277,0,True,0
blind_zone_20260814_125953,0.24970456786397002,2,5,scan,96958.954178925,956.328,False,,,443,277,0,True,0
blind_zone_20260814_125953,0.24970456786397002,2,6,scan,96959.094185197,956.441,False,,,442,278,0,True,0
blind_zone_20260814_125953,0.24970456786397002,2,7,scan,96959.345171485,956.667,False,,,445,275,0,True,0
blind_zone_20260814_125953,0.24970456786397002,2,8,scan,96959.725986164,957.022,False,,,443,277,0,True,0
blind_zone_20260814_125953,0.24970456786397002,2,9,scan,96959.862851991,957.132,False,,,443,277,0,True,0
blind_zone_20260814_125953,0.24970456786397002,2,10,scan,96959.969446833,957.249,False,,,443,277,0,True,0
blind_zone_20260814_125953,0.24970456786397002,2,11,scan,96960.106732837,957.361,False,,,443,277,0,True,0
blind_zone_20260814_125953,0.24970456786397002,2,12,scan,96960.228013986,957.478,False,,,445,275,0,True,0
blind_zone_20260814_125953,0.24970456786397002,2,13,scan,96960.483411729,957.732,False,,,443,277,0,True,0
blind_zone_20260814_125953,0.24970456786397002,2,14,scan,96960.641489604,957.851,False,,,445,275,0,True,0
blind_zone_20260814_125953,0.24970456786397002,2,15,scan,96960.741626825,957.977,False,,,442,278,0,True,0
blind_zone_20260814_125953,0.24970456786397002,2,16,scan,96960.868804437,958.094,False,,,443,277,0,True,0
blind_zone_20260814_125953,0.24970456786397002,2,17,scan,96961.11459633,958.328,False,,,443,277,0,True,0
blind_zone_20260814_125953,0.24970456786397002,2,18,scan,96961.252303522,958.446,False,,,443,277,0,True,0
blind_zone_20260814_125953,0.24970456786397002,2,19,scan,96961.661046909,958.796,False,,,443,277,0,True,0
blind_zone_20260814_125953,0.24970456786397002,2,20,scan,96962.014945736,959.156,False,,,443,277,0,True,0
blind_zone_20260814_125953,0.24970456786397002,2,1,velodyne,96958.463267013,955.866,False,6.212046146392822,5.962341578528852,27302,0,1498,True,0
blind_zone_20260814_125953,0.24970456786397002,2,2,velodyne,96958.585582807,955.978,False,6.2103962898254395,5.960691721961469,27302,0,1498,True,0
blind_zone_20260814_125953,0.24970456786397002,2,3,velodyne,96958.71467532,956.098,False,6.214437007904053,5.964732440040082,27313,0,1487,True,0
blind_zone_20260814_125953,0.24970456786397002,2,4,velodyne,96958.825992106,956.211,False,6.212835788726807,5.963131220862836,27289,0,1511,True,0
blind_zone_20260814_125953,0.24970456786397002,2,5,velodyne,96959.08991116,956.441,False,6.2105913162231445,5.960886748359174,27294,0,1506,True,0
blind_zone_20260814_125953,0.24970456786397002,2,6,velodyne,96959.220843967,956.553,False,6.210880756378174,5.961176188514203,27358,0,1442,True,0
blind_zone_20260814_125953,0.24970456786397002,2,7,velodyne,96959.337920138,956.667,False,6.213100910186768,5.963396342322797,27285,0,1515,True,0
blind_zone_20260814_125953,0.24970456786397002,2,8,velodyne,96959.721329021,957.022,False,6.211608409881592,5.961903842017621,27425,0,1375,True,0
blind_zone_20260814_125953,0.24970456786397002,2,9,velodyne,96959.859292091,957.132,False,6.207685470581055,5.957980902717084,27345,0,1455,True,0
blind_zone_20260814_125953,0.24970456786397002,2,10,velodyne,96959.966744868,957.249,False,6.209599018096924,5.959894450232953,27412,0,1388,True,0
blind_zone_20260814_125953,0.24970456786397002,2,11,velodyne,96960.103044116,957.361,False,6.2121124267578125,5.962407858893842,27377,0,1423,True,0
blind_zone_20260814_125953,0.24970456786397002,2,12,velodyne,96960.224924436,957.478,False,6.212503910064697,5.962799342200727,27410,0,1390,True,0
blind_zone_20260814_125953,0.24970456786397002,2,13,velodyne,96960.638741122,957.851,False,6.212131023406982,5.962426455543012,27383,0,1417,True,0
blind_zone_20260814_125953,0.24970456786397002,2,14,velodyne,96960.867308118,958.094,False,6.206227779388428,5.956523211524457,27300,0,1500,True,0
blind_zone_20260814_125953,0.24970456786397002,2,15,velodyne,96961.012473654,958.21,False,6.2107672691345215,5.961062701270551,27338,0,1462,True,0
blind_zone_20260814_125953,0.24970456786397002,2,16,velodyne,96961.248366626,958.446,False,6.21281099319458,5.96310642533061,27347,0,1453,True,0
blind_zone_20260814_125953,0.24970456786397002,2,17,velodyne,96961.657571917,958.796,False,6.212018966674805,5.962314398810834,27381,0,1419,True,0
blind_zone_20260814_125953,0.24970456786397002,2,18,velodyne,96961.888414091,959.037,False,6.208091735839844,5.958387167975873,27399,0,1401,True,0
blind_zone_20260814_125953,0.24970456786397002,2,19,velodyne,96962.013615266,959.156,False,6.210262775421143,5.960558207557172,27313,0,1487,True,0
blind_zone_20260814_125953,0.24970456786397002,2,20,velodyne,96962.311897968,959.388,False,6.209435939788818,5.959731371924848,27405,0,1395,True,0
blind_zone_20260814_125953,0.24970456786397002,3,1,scan,96962.433706776,959.509,False,,,444,276,0,True,0
blind_zone_20260814_125953,0.24970456786397002,3,2,scan,96962.549319723,959.628,False,,,443,277,0,True,0
blind_zone_20260814_125953,0.24970456786397002,3,3,scan,96962.667055551,959.744,False,,,443,277,0,True,0
blind_zone_20260814_125953,0.24970456786397002,3,4,scan,96962.80449795,959.855,False,,,443,277,0,True,0
blind_zone_20260814_125953,0.24970456786397002,3,5,scan,96962.927104471,959.976,False,,,443,277,0,True,0
blind_zone_20260814_125953,0.24970456786397002,3,6,scan,96963.050335401,960.094,False,,,443,277,0,True,0
blind_zone_20260814_125953,0.24970456786397002,3,7,scan,96963.183319368,960.221,False,,,443,277,0,True,0
blind_zone_20260814_125953,0.24970456786397002,3,8,scan,96963.30930383,960.345,False,,,444,276,0,True,0
blind_zone_20260814_125953,0.24970456786397002,3,9,scan,96963.431842955,960.463,False,,,443,277,0,True,0
blind_zone_20260814_125953,0.24970456786397002,3,10,scan,96963.576417498,960.577,False,,,443,277,0,True,0
blind_zone_20260814_125953,0.24970456786397002,3,11,scan,96963.687034318,960.693,False,,,443,277,0,True,0
blind_zone_20260814_125953,0.24970456786397002,3,12,scan,96963.81620965,960.808,False,,,444,276,0,True,0
blind_zone_20260814_125953,0.24970456786397002,3,13,scan,96964.08352116,961.046,False,,,443,277,0,True,0
blind_zone_20260814_125953,0.24970456786397002,3,14,scan,96964.321264549,961.291,False,,,443,277,0,True,0
blind_zone_20260814_125953,0.24970456786397002,3,15,scan,96964.463082014,961.404,False,,,443,277,0,True,0
blind_zone_20260814_125953,0.24970456786397002,3,16,scan,96964.602859574,961.523,False,,,444,276,0,True,0
blind_zone_20260814_125953,0.24970456786397002,3,17,scan,96964.729863033,961.648,False,,,443,277,0,True,0
blind_zone_20260814_125953,0.24970456786397002,3,18,scan,96964.843693326,961.765,False,,,443,277,0,True,0
blind_zone_20260814_125953,0.24970456786397002,3,19,scan,96965.109526181,962.015,False,,,443,277,0,True,0
blind_zone_20260814_125953,0.24970456786397002,3,20,scan,96965.254754358,962.139,False,,,443,277,0,True,0
blind_zone_20260814_125953,0.24970456786397002,3,1,velodyne,96962.431030199,959.509,False,6.208888530731201,5.959183962867231,27382,0,1418,True,0
blind_zone_20260814_125953,0.24970456786397002,3,2,velodyne,96962.545998349,959.628,False,6.208209037780762,5.958504469916791,27355,0,1445,True,0
blind_zone_20260814_125953,0.24970456786397002,3,3,velodyne,96962.66427527,959.744,False,6.209463596343994,5.959759028480024,27385,0,1415,True,0
blind_zone_20260814_125953,0.24970456786397002,3,4,velodyne,96962.80033986,959.855,False,6.212238311767578,5.962533743903608,27390,0,1410,True,0
blind_zone_20260814_125953,0.24970456786397002,3,5,velodyne,96962.922014488,959.976,False,6.211440086364746,5.961735518500776,27381,0,1419,True,0
blind_zone_20260814_125953,0.24970456786397002,3,6,velodyne,96963.04749655,960.094,False,6.209561347961426,5.959856780097455,27320,0,1480,True,0
blind_zone_20260814_125953,0.24970456786397002,3,7,velodyne,96963.181568693,960.221,False,6.209920883178711,5.9602163153147405,27416,0,1384,True,0
blind_zone_20260814_125953,0.24970456786397002,3,8,velodyne,96963.304225097,960.345,False,6.209878444671631,5.96017387680766,27413,0,1387,True,0
blind_zone_20260814_125953,0.24970456786397002,3,9,velodyne,96963.429702781,960.463,False,6.208929538726807,5.959224970862836,27428,0,1372,True,0
blind_zone_20260814_125953,0.24970456786397002,3,10,velodyne,96963.568970285,960.577,False,6.208996772766113,5.959292204902143,27349,0,1451,True,0
blind_zone_20260814_125953,0.24970456786397002,3,11,velodyne,96963.68427741,960.693,False,6.209963798522949,5.960259230658979,27421,0,1379,True,0
blind_zone_20260814_125953,0.24970456786397002,3,12,velodyne,96963.812224093,960.808,False,6.209617614746094,5.959913046882123,27382,0,1418,True,0
blind_zone_20260814_125953,0.24970456786397002,3,13,velodyne,96963.934549079,960.927,False,6.210373878479004,5.9606693106150335,27374,0,1426,True,0
blind_zone_20260814_125953,0.24970456786397002,3,14,velodyne,96964.080998029,961.046,False,6.209185600280762,5.959481032416791,27388,0,1412,True,0
blind_zone_20260814_125953,0.24970456786397002,3,15,velodyne,96964.200447525,961.175,False,6.209922790527344,5.960218222663373,27394,0,1406,True,0
blind_zone_20260814_125953,0.24970456786397002,3,16,velodyne,96964.319823112,961.291,False,6.211048126220703,5.961343558356733,27440,0,1360,True,0
blind_zone_20260814_125953,0.24970456786397002,3,17,velodyne,96964.460386701,961.404,False,6.208536624908447,5.958832057044477,27365,0,1435,True,0
blind_zone_20260814_125953,0.24970456786397002,3,18,velodyne,96964.599895478,961.523,False,6.208062171936035,5.958357604072065,27296,0,1504,True,0
blind_zone_20260814_125953,0.24970456786397002,3,19,velodyne,96964.726170154,961.648,False,6.210834980010986,5.961130412147016,27428,0,1372,True,0
blind_zone_20260814_125953,0.24970456786397002,3,20,velodyne,96964.839543792,961.765,False,6.2096405029296875,5.959935935065717,27304,0,1496,True,0
blind_zone_20260814_125953,0.20042952735059635,1,1,scan,96966.480397866,963.288,False,,,444,276,0,True,0
blind_zone_20260814_125953,0.20042952735059635,1,2,scan,96966.628859114,963.419,False,,,444,276,0,True,0
blind_zone_20260814_125953,0.20042952735059635,1,3,scan,96966.782878511,963.568,False,,,443,277,0,True,0
blind_zone_20260814_125953,0.20042952735059635,1,4,scan,96966.930498776,963.708,False,,,444,276,0,True,0
blind_zone_20260814_125953,0.20042952735059635,1,5,scan,96967.09463954,963.845,False,,,444,276,0,True,0
blind_zone_20260814_125953,0.20042952735059635,1,6,scan,96967.405030156,964.148,False,,,445,275,0,True,0
blind_zone_20260814_125953,0.20042952735059635,1,7,scan,96967.565681572,964.285,False,,,445,275,0,True,0
blind_zone_20260814_125953,0.20042952735059635,1,8,scan,96967.888282274,964.578,False,,,444,276,0,True,0
blind_zone_20260814_125953,0.20042952735059635,1,9,scan,96968.03025848,964.733,False,,,445,275,0,True,0
blind_zone_20260814_125953,0.20042952735059635,1,10,scan,96968.216872091,964.873,False,,,444,276,0,True,0
blind_zone_20260814_125953,0.20042952735059635,1,11,scan,96968.358544449,965.012,False,,,444,276,0,True,0
blind_zone_20260814_125953,0.20042952735059635,1,12,scan,96968.671824243,965.308,False,,,444,276,0,True,0
blind_zone_20260814_125953,0.20042952735059635,1,13,scan,96968.820572961,965.456,False,,,445,275,0,True,0
blind_zone_20260814_125953,0.20042952735059635,1,14,scan,96969.110924527,965.74,False,,,443,277,0,True,0
blind_zone_20260814_125953,0.20042952735059635,1,15,scan,96969.270151129,965.878,False,,,446,274,0,True,0
blind_zone_20260814_125953,0.20042952735059635,1,16,scan,96969.411373285,966.021,False,,,445,275,0,True,0
blind_zone_20260814_125953,0.20042952735059635,1,17,scan,96969.566645208,966.165,False,,,446,274,0,True,0
blind_zone_20260814_125953,0.20042952735059635,1,18,scan,96969.714524821,966.306,False,,,445,275,0,True,0
blind_zone_20260814_125953,0.20042952735059635,1,19,scan,96969.870907283,966.45,False,,,445,275,0,True,0
blind_zone_20260814_125953,0.20042952735059635,1,20,scan,96970.017708788,966.595,False,,,445,275,0,True,0
blind_zone_20260814_125953,0.20042952735059635,1,1,velodyne,96966.478328664,963.288,False,6.20749044418335,6.007060916832753,27316,0,1484,True,0
blind_zone_20260814_125953,0.20042952735059635,1,2,velodyne,96966.627446902,963.419,False,6.2064971923828125,6.006067665032216,27372,0,1428,True,0
blind_zone_20260814_125953,0.20042952735059635,1,3,velodyne,96966.781208857,963.568,False,6.206828594207764,6.006399066857167,27403,0,1397,True,0
blind_zone_20260814_125953,0.20042952735059635,1,4,velodyne,96966.928162475,963.708,False,6.208288192749023,6.007858665398427,27339,0,1461,True,0
blind_zone_20260814_125953,0.20042952735059635,1,5,velodyne,96967.092737031,963.845,False,6.20722770690918,6.006798179558583,27373,0,1427,True,0
blind_zone_20260814_125953,0.20042952735059635,1,6,velodyne,96967.403094654,964.148,False,6.2059102058410645,6.005480678490468,27280,0,1520,True,0
blind_zone_20260814_125953,0.20042952735059635,1,7,velodyne,96967.563429027,964.285,False,6.203812599182129,6.003383071831532,27306,0,1494,True,0
blind_zone_20260814_125953,0.20042952735059635,1,8,velodyne,96967.885947125,964.578,False,6.206601619720459,6.006172092369862,27374,0,1426,True,0
blind_zone_20260814_125953,0.20042952735059635,1,9,velodyne,96968.028274167,964.733,False,6.204179763793945,6.003750236443349,27303,0,1497,True,0
blind_zone_20260814_125953,0.20042952735059635,1,10,velodyne,96968.21334898,964.873,False,6.2070441246032715,6.006614597252675,27389,0,1411,True,0
blind_zone_20260814_125953,0.20042952735059635,1,11,velodyne,96968.352286831,965.012,False,6.20731258392334,6.006883056572743,27359,0,1441,True,0
blind_zone_20260814_125953,0.20042952735059635,1,12,velodyne,96968.669873583,965.308,False,6.2063889503479,6.005959422997304,27402,0,1398,True,0
blind_zone_20260814_125953,0.20042952735059635,1,13,velodyne,96968.817118047,965.456,False,6.2041521072387695,6.003722579888173,27320,0,1480,True,0
blind_zone_20260814_125953,0.20042952735059635,1,14,velodyne,96969.108850416,965.74,False,6.206532955169678,6.006103427819081,27419,0,1381,True,0
blind_zone_20260814_125953,0.20042952735059635,1,15,velodyne,96969.2658172,965.878,False,6.204193115234375,6.003763587883778,27366,0,1434,True,0
blind_zone_20260814_125953,0.20042952735059635,1,16,velodyne,96969.408298001,966.021,False,6.201894760131836,6.001465232781239,27287,0,1513,True,0
blind_zone_20260814_125953,0.20042952735059635,1,17,velodyne,96969.563906254,966.165,False,6.20652961730957,6.006100089958974,27303,0,1497,True,0
blind_zone_20260814_125953,0.20042952735059635,1,18,velodyne,96969.712686441,966.306,False,6.204646110534668,6.004216583184071,27324,0,1476,True,0
blind_zone_20260814_125953,0.20042952735059635,1,19,velodyne,96969.867796743,966.45,False,6.204164505004883,6.003734977654286,27342,0,1458,True,0
blind_zone_20260814_125953,0.20042952735059635,1,20,velodyne,96970.016125526,966.595,False,6.204944133758545,6.004514606407948,27336,0,1464,True,0
blind_zone_20260814_125953,0.20042952735059635,2,1,scan,96970.175418574,966.735,False,,,445,275,0,True,0
blind_zone_20260814_125953,0.20042952735059635,2,2,scan,96970.319699032,966.885,False,,,445,275,0,True,0
blind_zone_20260814_125953,0.20042952735059635,2,3,scan,96970.65737182,967.172,False,,,444,276,0,True,0
blind_zone_20260814_125953,0.20042952735059635,2,4,scan,96970.793077305,967.322,False,,,445,275,0,True,0
blind_zone_20260814_125953,0.20042952735059635,2,5,scan,96970.945857318,967.471,False,,,446,274,0,True,0
blind_zone_20260814_125953,0.20042952735059635,2,6,scan,96971.111471483,967.623,False,,,444,276,0,True,0
blind_zone_20260814_125953,0.20042952735059635,2,7,scan,96971.278196497,967.767,False,,,445,275,0,True,0
blind_zone_20260814_125953,0.20042952735059635,2,8,scan,96971.423901582,967.912,False,,,445,275,0,True,0
blind_zone_20260814_125953,0.20042952735059635,2,9,scan,96971.585783876,968.062,False,,,445,275,0,True,0
blind_zone_20260814_125953,0.20042952735059635,2,10,scan,96971.759757322,968.202,False,,,445,275,0,True,0
blind_zone_20260814_125953,0.20042952735059635,2,11,scan,96972.058326559,968.501,False,,,445,275,0,True,0
blind_zone_20260814_125953,0.20042952735059635,2,12,scan,96972.210919753,968.645,False,,,446,274,0,True,0
blind_zone_20260814_125953,0.20042952735059635,2,13,scan,96972.368926806,968.786,False,,,445,275,0,True,0
blind_zone_20260814_125953,0.20042952735059635,2,14,scan,96972.539469715,968.931,False,,,445,275,0,True,0
blind_zone_20260814_125953,0.20042952735059635,2,15,scan,96972.708762605,969.074,False,,,445,275,0,True,0
blind_zone_20260814_125953,0.20042952735059635,2,16,scan,96972.829824665,969.218,False,,,445,275,0,True,0
blind_zone_20260814_125953,0.20042952735059635,2,17,scan,96973.001329043,969.36,False,,,445,275,0,True,0
blind_zone_20260814_125953,0.20042952735059635,2,18,scan,96973.141605553,969.509,False,,,446,274,0,True,0
blind_zone_20260814_125953,0.20042952735059635,2,19,scan,96973.336755242,969.654,False,,,445,275,0,True,0
blind_zone_20260814_125953,0.20042952735059635,2,20,scan,96973.481785566,969.811,False,,,445,275,0,True,0
blind_zone_20260814_125953,0.20042952735059635,2,1,velodyne,96970.173234727,966.735,False,6.203502655029297,6.0030731276787,27375,0,1425,True,0
blind_zone_20260814_125953,0.20042952735059635,2,2,velodyne,96970.485914932,967.026,False,6.205953598022461,6.005524070671864,27407,0,1393,True,0
blind_zone_20260814_125953,0.20042952735059635,2,3,velodyne,96970.653771383,967.172,False,6.201058387756348,6.000628860405751,27301,0,1499,True,0
blind_zone_20260814_125953,0.20042952735059635,2,4,velodyne,96970.790748067,967.322,False,6.201776504516602,6.001346977166005,27260,0,1540,True,0
blind_zone_20260814_125953,0.20042952735059635,2,5,velodyne,96971.109869215,967.623,False,6.202277183532715,6.001847656182118,27297,0,1503,True,0
blind_zone_20260814_125953,0.20042952735059635,2,6,velodyne,96971.275647257,967.767,False,6.203934669494629,6.003505142144032,27329,0,1471,True,0
blind_zone_20260814_125953,0.20042952735059635,2,7,velodyne,96971.422117654,967.912,False,6.203495025634766,6.003065498284169,27369,0,1431,True,0
blind_zone_20260814_125953,0.20042952735059635,2,8,velodyne,96971.756654467,968.202,False,6.204411029815674,6.003981502465077,27333,0,1467,True,0
blind_zone_20260814_125953,0.20042952735059635,2,9,velodyne,96972.056892917,968.501,False,6.2023725509643555,6.001943023613759,27397,0,1403,True,0
blind_zone_20260814_125953,0.20042952735059635,2,10,velodyne,96972.209332273,968.645,False,6.206901550292969,6.006472022942372,27371,0,1429,True,0
blind_zone_20260814_125953,0.20042952735059635,2,11,velodyne,96972.367099928,968.786,False,6.203202247619629,6.002772720269032,27318,0,1482,True,0
blind_zone_20260814_125953,0.20042952735059635,2,12,velodyne,96972.535223931,968.931,False,6.204987049102783,6.0045575217521865,27396,0,1404,True,0
blind_zone_20260814_125953,0.20042952735059635,2,13,velodyne,96972.705997011,969.074,False,6.201590538024902,6.001161010674306,27369,0,1431,True,0
blind_zone_20260814_125953,0.20042952735059635,2,14,velodyne,96972.997737854,969.36,False,6.203670024871826,6.0032404975212295,27317,0,1483,True,0
blind_zone_20260814_125953,0.20042952735059635,2,15,velodyne,96973.333661022,969.654,False,6.203688144683838,6.003258617333241,27382,0,1418,True,0
blind_zone_20260814_125953,0.20042952735059635,2,16,velodyne,96973.479225847,969.811,False,6.20337438583374,6.0029448584831435,27320,0,1480,True,0
blind_zone_20260814_125953,0.20042952735059635,2,17,velodyne,96973.661034526,969.968,False,6.202970027923584,6.002540500572987,27414,0,1386,True,0
blind_zone_20260814_125953,0.20042952735059635,2,18,velodyne,96973.972204944,970.276,False,6.202808856964111,6.002379329613515,27420,0,1380,True,0
blind_zone_20260814_125953,0.20042952735059635,2,19,velodyne,96974.137921774,970.422,False,6.202598571777344,6.002169044426747,27265,0,1535,True,0
blind_zone_20260814_125953,0.20042952735059635,2,20,velodyne,96974.277154262,970.562,False,6.203146457672119,6.002716930321522,27304,0,1496,True,0
blind_zone_20260814_125953,0.20042952735059635,3,1,scan,96974.464653177,970.714,False,,,445,275,0,True,0
blind_zone_20260814_125953,0.20042952735059635,3,2,scan,96974.617175992,970.878,False,,,446,274,0,True,0
blind_zone_20260814_125953,0.20042952735059635,3,3,scan,96974.772989134,971.02,False,,,445,275,0,True,0
blind_zone_20260814_125953,0.20042952735059635,3,4,scan,96974.938466317,971.163,False,,,445,275,0,True,0
blind_zone_20260814_125953,0.20042952735059635,3,5,scan,96975.116292716,971.313,False,,,445,275,0,True,0
blind_zone_20260814_125953,0.20042952735059635,3,6,scan,96975.446321801,971.611,False,,,445,275,0,True,0
blind_zone_20260814_125953,0.20042952735059635,3,7,scan,96975.734432637,971.903,False,,,445,275,0,True,0
blind_zone_20260814_125953,0.20042952735059635,3,8,scan,96975.877637699,972.044,False,,,445,275,0,True,0
blind_zone_20260814_125953,0.20042952735059635,3,9,scan,96976.514269993,972.616,False,,,445,275,0,True,0
blind_zone_20260814_125953,0.20042952735059635,3,10,scan,96976.651611906,972.77,False,,,445,275,0,True,0
blind_zone_20260814_125953,0.20042952735059635,3,11,scan,96976.809785396,972.91,False,,,446,274,0,True,0
blind_zone_20260814_125953,0.20042952735059635,3,12,scan,96977.311809686,973.344,False,,,446,274,0,True,0
blind_zone_20260814_125953,0.20042952735059635,3,13,scan,96977.435541493,973.498,False,,,445,275,0,True,0
blind_zone_20260814_125953,0.20042952735059635,3,14,scan,96977.61360002,973.643,False,,,445,275,0,True,0
blind_zone_20260814_125953,0.20042952735059635,3,15,scan,96977.754457501,973.793,False,,,446,274,0,True,0
blind_zone_20260814_125953,0.20042952735059635,3,16,scan,96977.921163617,973.942,False,,,445,275,0,True,0
blind_zone_20260814_125953,0.20042952735059635,3,17,scan,96978.062838919,974.093,False,,,445,275,0,True,0
blind_zone_20260814_125953,0.20042952735059635,3,18,scan,96978.370627276,974.381,False,,,445,275,0,True,0
blind_zone_20260814_125953,0.20042952735059635,3,19,scan,96978.68190267,974.677,False,,,445,275,0,True,0
blind_zone_20260814_125953,0.20042952735059635,3,20,scan,96978.837496034,974.829,False,,,445,275,0,True,0
blind_zone_20260814_125953,0.20042952735059635,3,1,velodyne,96974.463663455,970.714,False,6.2039666175842285,6.003537090233632,27423,0,1377,True,0
blind_zone_20260814_125953,0.20042952735059635,3,2,velodyne,96974.614842346,970.878,False,6.197296619415283,5.9968670920646865,27253,0,1547,True,0
blind_zone_20260814_125953,0.20042952735059635,3,3,velodyne,96974.771008648,971.02,False,6.201333522796631,6.000903995446034,27422,0,1378,True,0
blind_zone_20260814_125953,0.20042952735059635,3,4,velodyne,96974.931420804,971.163,False,6.198575019836426,5.998145492485829,27285,0,1515,True,0
blind_zone_20260814_125953,0.20042952735059635,3,5,velodyne,96975.113044348,971.313,False,6.202599048614502,6.002169521263905,27367,0,1433,True,0
blind_zone_20260814_125953,0.20042952735059635,3,6,velodyne,96975.440813535,971.611,False,6.202291011810303,6.001861484459706,27390,0,1410,True,0
blind_zone_20260814_125953,0.20042952735059635,3,7,velodyne,96975.577307119,971.759,False,6.201681137084961,6.001251609734364,27358,0,1442,True,0
blind_zone_20260814_125953,0.20042952735059635,3,8,velodyne,96975.73203416,971.903,False,6.19866418838501,5.998234661034413,27386,0,1414,True,0
blind_zone_20260814_125953,0.20042952735059635,3,9,velodyne,96975.875561585,972.044,False,6.202157020568848,6.001727493218251,27405,0,1395,True,0
blind_zone_20260814_125953,0.20042952735059635,3,10,velodyne,96976.51088516,972.616,False,6.201356887817383,6.000927360466786,27345,0,1455,True,0
blind_zone_20260814_125953,0.20042952735059635,3,11,velodyne,96976.648363218,972.77,False,6.200861930847168,6.000432403496571,27331,0,1469,True,0
blind_zone_20260814_125953,0.20042952735059635,3,12,velodyne,96976.808541188,972.91,False,6.199691295623779,5.999261768273183,27365,0,1435,True,0
blind_zone_20260814_125953,0.20042952735059635,3,13,velodyne,96976.966964164,973.057,False,6.202084064483643,6.001654537133046,27353,0,1447,True,0
blind_zone_20260814_125953,0.20042952735059635,3,14,velodyne,96977.30989884,973.344,False,6.201029300689697,6.0005997733391006,27410,0,1390,True,0
blind_zone_20260814_125953,0.20042952735059635,3,15,velodyne,96977.433538155,973.498,False,6.19984769821167,5.999418170861073,27296,0,1504,True,0
blind_zone_20260814_125953,0.20042952735059635,3,16,velodyne,96977.611231568,973.643,False,6.199323654174805,5.998894126824208,27281,0,1519,True,0
blind_zone_20260814_125953,0.20042952735059635,3,17,velodyne,96977.752600076,973.793,False,6.198829174041748,5.998399646691151,27288,0,1512,True,0
blind_zone_20260814_125953,0.20042952735059635,3,18,velodyne,96977.917347757,973.942,False,6.202805042266846,6.002375514916249,27428,0,1372,True,0
blind_zone_20260814_125953,0.20042952735059635,3,19,velodyne,96978.061537774,974.093,False,6.1949286460876465,5.99449911873705,27278,0,1522,True,0
blind_zone_20260814_125953,0.20042952735059635,3,20,velodyne,96978.36516702,974.381,False,6.1985015869140625,5.998072059563466,27384,0,1416,True,0
blind_zone_20260814_125953,0.15275278558604147,1,1,scan,96980.076716951,975.976,False,,,445,275,0,True,131
blind_zone_20260814_125953,0.15275278558604147,1,2,scan,96980.223546218,976.111,False,,,445,275,0,True,131
blind_zone_20260814_125953,0.15275278558604147,1,3,scan,96980.689773821,976.544,False,,,445,275,0,True,131
blind_zone_20260814_125953,0.15275278558604147,1,4,scan,96980.856958114,976.691,False,,,445,275,0,True,131
blind_zone_20260814_125953,0.15275278558604147,1,5,scan,96981.002806296,976.84,False,,,445,275,0,True,131
blind_zone_20260814_125953,0.15275278558604147,1,6,scan,96981.15671501,976.987,False,,,445,275,0,True,131
blind_zone_20260814_125953,0.15275278558604147,1,7,scan,96981.311294449,977.128,False,,,445,275,0,True,131
blind_zone_20260814_125953,0.15275278558604147,1,8,scan,96981.462739804,977.277,False,,,445,275,0,True,131
blind_zone_20260814_125953,0.15275278558604147,1,9,scan,96981.651344838,977.428,False,,,445,275,0,True,131
blind_zone_20260814_125953,0.15275278558604147,1,10,scan,96981.780868427,977.587,False,,,446,274,0,True,131
blind_zone_20260814_125953,0.15275278558604147,1,11,scan,96981.951679056,977.723,False,,,445,275,0,True,131
blind_zone_20260814_125953,0.15275278558604147,1,12,scan,96982.085212878,977.864,False,,,446,274,0,True,131
blind_zone_20260814_125953,0.15275278558604147,1,13,scan,96982.261669201,977.996,False,,,445,275,0,True,131
blind_zone_20260814_125953,0.15275278558604147,1,14,scan,96982.422059123,978.143,False,,,445,275,0,True,131
blind_zone_20260814_125953,0.15275278558604147,1,15,scan,96982.575382062,978.313,False,,,445,275,0,True,131
blind_zone_20260814_125953,0.15275278558604147,1,16,scan,96982.720125149,978.452,False,,,445,275,0,True,131
blind_zone_20260814_125953,0.15275278558604147,1,17,scan,96982.884356058,978.596,False,,,446,274,0,True,131
blind_zone_20260814_125953,0.15275278558604147,1,18,scan,96983.046726236,978.735,False,,,446,274,0,True,131
blind_zone_20260814_125953,0.15275278558604147,1,19,scan,96983.18184291,978.877,False,,,445,275,0,True,131
blind_zone_20260814_125953,0.15275278558604147,1,20,scan,96983.338478689,979.026,False,,,445,275,0,True,131
blind_zone_20260814_125953,0.15275278558604147,1,1,velodyne,96980.075242542,975.976,False,6.203002452850342,6.050249667264301,27399,0,1401,True,131
blind_zone_20260814_125953,0.15275278558604147,1,2,velodyne,96980.220760586,976.111,False,6.201929569244385,6.049176783658344,27409,0,1391,True,131
blind_zone_20260814_125953,0.15275278558604147,1,3,velodyne,96980.688663603,976.544,False,6.2026896476745605,6.049936862088519,27416,0,1384,True,131
blind_zone_20260814_125953,0.15275278558604147,1,4,velodyne,96980.855033603,976.691,False,6.200249195098877,6.047496409512836,27424,0,1376,True,131
blind_zone_20260814_125953,0.15275278558604147,1,5,velodyne,96980.999700014,976.84,False,6.200505256652832,6.047752471066791,27425,0,1375,True,131
blind_zone_20260814_125953,0.15275278558604147,1,6,velodyne,96981.154579524,976.987,False,6.199095726013184,6.0463429404271425,27427,0,1373,True,131
blind_zone_20260814_125953,0.15275278558604147,1,7,velodyne,96981.309963779,977.128,False,6.2023186683654785,6.049565882779437,27401,0,1399,True,131
blind_zone_20260814_125953,0.15275278558604147,1,8,velodyne,96981.461432027,977.277,False,6.2007622718811035,6.048009486295062,27402,0,1398,True,131
blind_zone_20260814_125953,0.15275278558604147,1,9,velodyne,96981.649119664,977.428,False,6.202033042907715,6.049280257321674,27398,0,1402,True,131
blind_zone_20260814_125953,0.15275278558604147,1,10,velodyne,96981.778739233,977.587,False,6.201208591461182,6.0484558058751405,27396,0,1404,True,131
blind_zone_20260814_125953,0.15275278558604147,1,11,velodyne,96981.950306909,977.723,False,6.20161247253418,6.048859686948139,27414,0,1386,True,131
blind_zone_20260814_125953,0.15275278558604147,1,12,velodyne,96982.08258457,977.864,False,6.203335762023926,6.050582976437885,27420,0,1380,True,131
blind_zone_20260814_125953,0.15275278558604147,1,13,velodyne,96982.258582225,977.996,False,6.203129291534424,6.050376505948383,27429,0,1371,True,131
blind_zone_20260814_125953,0.15275278558604147,1,14,velodyne,96982.416140709,978.143,False,6.201239585876465,6.048486800290424,27398,0,1402,True,131
blind_zone_20260814_125953,0.15275278558604147,1,15,velodyne,96982.571977522,978.313,False,6.202946186065674,6.050193400479633,27434,0,1366,True,131
blind_zone_20260814_125953,0.15275278558604147,1,16,velodyne,96982.717109215,978.452,False,6.203281879425049,6.050529093839008,27420,0,1380,True,131
blind_zone_20260814_125953,0.15275278558604147,1,17,velodyne,96982.882295613,978.596,False,6.2027587890625,6.050006003476459,27399,0,1401,True,131
blind_zone_20260814_125953,0.15275278558604147,1,18,velodyne,96983.045368546,978.735,False,6.199924468994141,6.0471716834080995,27413,0,1387,True,131
blind_zone_20260814_125953,0.15275278558604147,1,19,velodyne,96983.180205226,978.877,False,6.20452356338501,6.051770777798969,27431,0,1369,True,131
blind_zone_20260814_125953,0.15275278558604147,1,20,velodyne,96983.501240339,979.176,False,6.199084281921387,6.046331496335346,27426,0,1374,True,131
blind_zone_20260814_125953,0.15275278558604147,2,1,scan,96983.687055556,979.326,False,,,446,274,0,True,171
blind_zone_20260814_125953,0.15275278558604147,2,2,scan,96983.838506143,979.472,False,,,445,275,0,True,171
blind_zone_20260814_125953,0.15275278558604147,2,3,scan,96983.981634139,979.633,False,,,445,275,0,True,171
blind_zone_20260814_125953,0.15275278558604147,2,4,scan,96984.148533672,979.771,False,,,445,275,0,True,171
blind_zone_20260814_125953,0.15275278558604147,2,5,scan,96984.320257383,979.915,False,,,446,274,0,True,171
blind_zone_20260814_125953,0.15275278558604147,2,6,scan,96984.451664226,980.066,False,,,445,275,0,True,171
blind_zone_20260814_125953,0.15275278558604147,2,7,scan,96984.610523898,980.215,False,,,446,274,0,True,171
blind_zone_20260814_125953,0.15275278558604147,2,8,scan,96984.767022501,980.35,False,,,446,274,0,True,171
blind_zone_20260814_125953,0.15275278558604147,2,9,scan,96984.919892886,980.494,False,,,445,275,0,True,171
blind_zone_20260814_125953,0.15275278558604147,2,10,scan,96985.065447643,980.637,False,,,446,274,0,True,171
blind_zone_20260814_125953,0.15275278558604147,2,11,scan,96985.243232976,980.777,False,,,445,275,0,True,171
blind_zone_20260814_125953,0.15275278558604147,2,12,scan,96985.37944417,980.926,False,,,445,275,0,True,171
blind_zone_20260814_125953,0.15275278558604147,2,13,scan,96985.541208166,981.072,False,,,446,274,0,True,171
blind_zone_20260814_125953,0.15275278558604147,2,14,scan,96985.995511674,981.501,False,,,446,274,0,True,171
blind_zone_20260814_125953,0.15275278558604147,2,15,scan,96986.145740337,981.65,False,,,446,274,0,True,171
blind_zone_20260814_125953,0.15275278558604147,2,16,scan,96986.311262796,981.793,False,,,445,275,0,True,171
blind_zone_20260814_125953,0.15275278558604147,2,17,scan,96986.487021127,981.935,False,,,446,274,0,True,171
blind_zone_20260814_125953,0.15275278558604147,2,18,scan,96986.615871731,982.081,False,,,445,275,0,True,171
blind_zone_20260814_125953,0.15275278558604147,2,19,scan,96987.078962423,982.523,False,,,445,275,0,True,171
blind_zone_20260814_125953,0.15275278558604147,2,20,scan,96987.25656185,982.663,False,,,445,275,0,True,171
blind_zone_20260814_125953,0.15275278558604147,2,1,velodyne,96983.683767394,979.326,False,6.201396465301514,6.048643679715473,27414,0,1386,True,171
blind_zone_20260814_125953,0.15275278558604147,2,2,velodyne,96983.836803137,979.472,False,6.198855400085449,6.046102614499408,27413,0,1387,True,171
blind_zone_20260814_125953,0.15275278558604147,2,3,velodyne,96984.146044094,979.771,False,6.202712059020996,6.049959273434955,27408,0,1392,True,171
blind_zone_20260814_125953,0.15275278558604147,2,4,velodyne,96984.316551078,979.915,False,6.201745510101318,6.048992724515277,27433,0,1367,True,171
blind_zone_20260814_125953,0.15275278558604147,2,5,velodyne,96984.445380188,980.066,False,6.200855255126953,6.048102469540912,27437,0,1363,True,171
blind_zone_20260814_125953,0.15275278558604147,2,6,velodyne,96984.608758554,980.215,False,6.20251989364624,6.049767108060199,27429,0,1371,True,171
blind_zone_20260814_125953,0.15275278558604147,2,7,velodyne,96984.764244964,980.35,False,6.202245712280273,6.049492926694232,27404,0,1396,True,171
blind_zone_20260814_125953,0.15275278558604147,2,8,velodyne,96984.917795241,980.494,False,6.202248573303223,6.0494957877171815,27437,0,1363,True,171
blind_zone_20260814_125953,0.15275278558604147,2,9,velodyne,96985.062697858,980.637,False,6.20181941986084,6.049066634274799,27401,0,1399,True,171
blind_zone_20260814_125953,0.15275278558604147,2,10,velodyne,96985.240382783,980.777,False,6.2020039558410645,6.049251170255023,27414,0,1386,True,171
blind_zone_20260814_125953,0.15275278558604147,2,11,velodyne,96985.377780617,980.926,False,6.200448989868164,6.047696204282123,27415,0,1385,True,171
blind_zone_20260814_125953,0.15275278558604147,2,12,velodyne,96985.538354296,981.072,False,6.202849388122559,6.0500966025365175,27432,0,1368,True,171
blind_zone_20260814_125953,0.15275278558604147,2,13,velodyne,96986.020437843,981.501,False,6.204590320587158,6.051837535001117,27443,0,1357,True,171
blind_zone_20260814_125953,0.15275278558604147,2,14,velodyne,96986.143375672,981.65,False,6.201971054077148,6.049218268491107,27423,0,1377,True,171
blind_zone_20260814_125953,0.15275278558604147,2,15,velodyne,96986.309154261,981.793,False,6.202215671539307,6.0494628859532655,27418,0,1382,True,171
blind_zone_20260814_125953,0.15275278558604147,2,16,velodyne,96986.485017869,981.935,False,6.203591823577881,6.05083903799184,27427,0,1373,True,171
blind_zone_20260814_125953,0.15275278558604147,2,17,velodyne,96986.61430033,982.081,False,6.202006816864014,6.049254031277973,27427,0,1373,True,171
blind_zone_20260814_125953,0.15275278558604147,2,18,velodyne,96987.077055194,982.523,False,6.20073938369751,6.047986598111469,27424,0,1376,True,171
blind_zone_20260814_125953,0.15275278558604147,2,19,velodyne,96987.253538002,982.663,False,6.202804088592529,6.050051303006488,27407,0,1393,True,171
blind_zone_20260814_125953,0.15275278558604147,2,20,velodyne,96987.40236875,982.816,False,6.202800273895264,6.050047488309223,27425,0,1375,True,171
blind_zone_20260814_125953,0.15275278558604147,3,1,scan,96987.571346777,982.961,False,,,445,275,0,True,140
blind_zone_20260814_125953,0.15275278558604147,3,2,scan,96987.711873057,983.104,False,,,445,275,0,True,140
blind_zone_20260814_125953,0.15275278558604147,3,3,scan,96987.895029243,983.249,False,,,445,275,0,True,140
blind_zone_20260814_125953,0.15275278558604147,3,4,scan,96988.028259863,983.399,False,,,445,275,0,True,140
blind_zone_20260814_125953,0.15275278558604147,3,5,scan,96988.178036312,983.538,False,,,446,274,0,True,140
blind_zone_20260814_125953,0.15275278558604147,3,6,scan,96988.33352604,983.68,False,,,444,276,0,True,140
blind_zone_20260814_125953,0.15275278558604147,3,7,scan,96988.48384291,983.828,False,,,445,275,0,True,140
blind_zone_20260814_125953,0.15275278558604147,3,8,scan,96988.637038658,983.969,False,,,445,275,0,True,140
blind_zone_20260814_125953,0.15275278558604147,3,9,scan,96988.79575783,984.111,False,,,445,275,0,True,140
blind_zone_20260814_125953,0.15275278558604147,3,10,scan,96988.952779486,984.26,False,,,445,275,0,True,140
blind_zone_20260814_125953,0.15275278558604147,3,11,scan,96989.306712307,984.573,False,,,445,275,0,True,140
blind_zone_20260814_125953,0.15275278558604147,3,12,scan,96989.470610219,984.72,False,,,445,275,0,True,140
blind_zone_20260814_125953,0.15275278558604147,3,13,scan,96989.609448263,984.871,False,,,445,275,0,True,140
blind_zone_20260814_125953,0.15275278558604147,3,14,scan,96989.76834572,985.018,False,,,445,275,0,True,140
blind_zone_20260814_125953,0.15275278558604147,3,15,scan,96990.113235852,985.288,False,,,445,275,0,True,140
blind_zone_20260814_125953,0.15275278558604147,3,16,scan,96990.419369286,985.572,False,,,445,275,0,True,140
blind_zone_20260814_125953,0.15275278558604147,3,17,scan,96990.572062655,985.712,False,,,445,275,0,True,140
blind_zone_20260814_125953,0.15275278558604147,3,18,scan,96990.726668403,985.859,False,,,446,274,0,True,140
blind_zone_20260814_125953,0.15275278558604147,3,19,scan,96990.88895397,986.005,False,,,445,275,0,True,140
blind_zone_20260814_125953,0.15275278558604147,3,20,scan,96991.039370499,986.146,False,,,445,275,0,True,140
blind_zone_20260814_125953,0.15275278558604147,3,1,velodyne,96987.562407631,982.961,False,6.2032880783081055,6.050535292722064,27418,0,1382,True,140
blind_zone_20260814_125953,0.15275278558604147,3,2,velodyne,96987.710725059,983.104,False,6.204123020172119,6.051370234586078,27404,0,1396,True,140
blind_zone_20260814_125953,0.15275278558604147,3,3,velodyne,96987.891831019,983.249,False,6.200255393981934,6.0475026083958925,27394,0,1406,True,140
blind_zone_20260814_125953,0.15275278558604147,3,4,velodyne,96988.026325534,983.399,False,6.203568458557129,6.050815672971088,27403,0,1397,True,140
blind_zone_20260814_125953,0.15275278558604147,3,5,velodyne,96988.174694769,983.538,False,6.19779109954834,6.045038313962299,27385,0,1415,True,140
blind_zone_20260814_125953,0.15275278558604147,3,6,velodyne,96988.327919821,983.68,False,6.203834533691406,6.051081748105365,27422,0,1378,True,140
blind_zone_20260814_125953,0.15275278558604147,3,7,velodyne,96988.482293671,983.828,False,6.200765132904053,6.048012347318012,27423,0,1377,True,140
blind_zone_20260814_125953,0.15275278558604147,3,8,velodyne,96988.635079241,983.969,False,6.201690196990967,6.048937411404926,27395,0,1405,True,140
blind_zone_20260814_125953,0.15275278558604147,3,9,velodyne,96988.794130165,984.111,False,6.203341960906982,6.050589175320941,27439,0,1361,True,140
blind_zone_20260814_125953,0.15275278558604147,3,10,velodyne,96988.949716154,984.26,False,6.200347900390625,6.047595114804584,27401,0,1399,True,140
blind_zone_20260814_125953,0.15275278558604147,3,11,velodyne,96989.121550457,984.405,False,6.200502872467041,6.047750086881,27373,0,1427,True,140
blind_zone_20260814_125953,0.15275278558604147,3,12,velodyne,96989.303923699,984.573,False,6.199976444244385,6.047223658658344,27422,0,1378,True,140
blind_zone_20260814_125953,0.15275278558604147,3,13,velodyne,96989.466447651,984.72,False,6.2025885581970215,6.04983577261098,27372,0,1428,True,140
blind_zone_20260814_125953,0.15275278558604147,3,14,velodyne,96989.605658161,984.871,False,6.198708534240723,6.0459557486546815,27375,0,1425,True,140
blind_zone_20260814_125953,0.15275278558604147,3,15,velodyne,96989.766348402,985.018,False,6.202391624450684,6.0496388388646425,27284,0,1516,True,140
blind_zone_20260814_125953,0.15275278558604147,3,16,velodyne,96990.110260034,985.288,False,6.2036590576171875,6.050906272031146,27425,0,1375,True,140
blind_zone_20260814_125953,0.15275278558604147,3,17,velodyne,96990.415739294,985.572,False,6.19999361038208,6.047240824796039,27340,0,1460,True,140
blind_zone_20260814_125953,0.15275278558604147,3,18,velodyne,96990.570405144,985.712,False,6.199694633483887,6.046941847897846,27403,0,1397,True,140
blind_zone_20260814_125953,0.15275278558604147,3,19,velodyne,96990.723236221,985.859,False,6.1998796463012695,6.047126860715228,27443,0,1357,True,140
blind_zone_20260814_125953,0.15275278558604147,3,20,velodyne,96990.885991517,986.005,False,6.202105522155762,6.049352736569721,27388,0,1412,True,140
