case,sample,wall_time,ros_time,link,tx,ty,tz,qx,qy,qz,qw
stand,1,102527.539060721,262.829,trunk,-2.446961360262807e-07,2.7194783883759555e-08,0.20609431012505128,0.002215691236414856,0.002715021572080313,-1.8925079770211188e-06,0.9999938596644614
stand,1,102527.539060721,262.829,imu_link,-2.446961360262807e-07,2.7194783883759555e-08,0.20609431012505128,0.002215691236414856,0.002715021572080313,-1.8925079770211188e-06,0.9999938596644614
stand,1,102527.539060721,262.829,rf_hip_link,0.19339890453099354,-0.046499870949981974,0.20673762844622492,-0.01027148195223437,0.001471735176206369,1.53875418854612e-05,0.9999461637594794
stand,1,102527.539060721,262.829,rf_upper_leg_link,0.19340473072141628,-0.14197971976653206,0.20869937155484902,-0.008992883824073802,0.48575681399903897,-0.004963025165988319,0.874033645848506
stand,1,102527.539060721,262.829,rf_lower_leg_link,0.012519835096643292,-0.14430110441705846,0.09625264768919235,-0.008709311074354208,-0.5275904176115713,0.005445317151613185,0.8494367826190341
stand,1,102527.539060721,262.829,rf_foot_link,0.20345394325945126,-0.14622880214089304,0.0018627630533978035,-0.008709311074354208,-0.5275904176115713,0.005445317151613185,0.8494367826190341
stand,1,102527.539060721,262.829,lf_hip_link,0.1933989787893172,0.04650011944133325,0.20677990384993036,0.012104738068230382,0.001471711023702952,-1.754616880339696e-05,0.9999256517737177
stand,1,102527.539060721,262.829,lf_upper_leg_link,0.19340573246159684,0.1419721331679437,0.2090917319953216,0.010599441029395569,0.48547925002038933,0.005846096255867777,0.8741643854608079
stand,1,102527.539060721,262.829,lf_lower_leg_link,0.012589761695756665,0.1447102462202052,0.09654357584463265,0.010272270797640252,-0.5264913214117927,-0.00640354934614021,0.8500943262288579
stand,1,102527.539060721,262.829,lf_foot_link,0.20328144701677608,0.14699402624154453,0.0016727926801440862,0.010272270797640252,-0.5264913214117927,-0.00640354934614021,0.8500943262288579
stand,1,102527.539060721,262.829,rh_hip_link,-0.19339941966480992,-0.046500079676682245,0.20787622375382156,-0.009989618616453505,0.0014717394551489302,1.4972691354597674e-05,0.9999490193398324
stand,1,102527.539060721,262.829,rh_upper_leg_link,-0.1933937519224257,-0.14198101927016404,0.20978413942873295,-0.008750075932023663,0.48503945236735835,-0.004819634370727835,0.8744352102602511
stand,1,102527.539060721,262.829,rh_lower_leg_link,-0.37409347243499025,-0.14424463914227564,0.09703890879011291,-0.0085247286190913,-0.5187624682047649,0.0052078504447158,0.8548600522177981
stand,1,102527.539060721,262.829,rh_foot_link,-0.18515663360661744,-0.14619819531060707,-0.00128735703870142,-0.0085247286190913,-0.5187624682047649,0.0052078504447158,0.8548600522177981
stand,1,102527.539060721,262.829,lh_hip_link,-0.19339934540648626,0.046499910714632976,0.207918499157527,0.009249763787272427,0.0014717551218570632,-1.3344160369579703e-05,0.9999561368523493
stand,1,102527.539060721,262.829,lh_upper_leg_link,-0.19339419662669027,0.14198356907776924,0.20968512279654564,0.008104355265965346,0.4845366685977979,0.004458445234605013,0.8747220464101501
stand,1,102527.539060721,262.829,lh_lower_leg_link,-0.37396325930064445,0.14408322851513222,0.09672758637114073,0.00787801462660117,-0.5215259602126165,-0.0048471841031686065,0.853185275609068
stand,1,102527.539060721,262.829,lh_foot_link,-0.18439476892172316,0.14586964832697355,-0.0003785213652558739,0.00787801462660117,-0.5215259602126165,-0.0048471841031686065,0.853185275609068
stand,1,102527.539060721,262.829,d435_link,0.3402203646326216,0.017318757443860175,0.24582463318601586,0.002215691236414856,0.002715021572080313,-1.8925079770211188e-06,0.9999938596644614
stand,1,102527.539060721,262.829,velodyne_base_link,0.20043120687881236,-0.0003528327870814485,0.2850063415866245,0.002215691236414856,0.002715021572080313,-1.8925079770211188e-06,0.9999938596644614
stand,1,102527.539060721,262.829,gps_frame,0.0003798554029452675,-0.000310168392949924,0.2760925908368804,0.002215691236414856,0.002715021572080313,-1.8925079770211188e-06,0.9999938596644614
stand,2,102527.648811904,262.934,trunk,-3.125831062415951e-07,4.8401016054223135e-08,0.20855841851811738,0.0003865478050201829,-0.00033955998542613595,2.8981055937318226e-06,0.9999998676356971
stand,2,102527.648811904,262.934,imu_link,-3.125831062415951e-07,4.8401016054223135e-08,0.20855841851811738,0.0003865478050201829,-0.00033955998542613595,2.8981055937318226e-06,0.9999998676356971
stand,2,102527.648811904,262.934,rf_hip_link,0.19340000630272738,-0.046498637336232745,0.2079717512000531,-0.010729660399227145,-8.160076200068329e-05,2.473097243200395e-06,0.9999424322044328
stand,2,102527.648811904,262.934,rf_upper_leg_link,0.1934003114073513,-0.14197664834311852,0.21002099839741734,-0.009385349639676304,0.48474764330228726,-0.005200079859000347,0.8745882440865985
stand,2,102527.648811904,262.934,rf_lower_leg_link,0.012774865244492358,-0.1443995616851928,0.09716012081175898,-0.009166616334414986,-0.5195822035396975,0.00557662652296077,0.8543530933673931
stand,2,102527.648811904,262.934,rf_foot_link,0.20190088022678038,-0.14650145042397494,-0.0007987099318200186,-0.009166616334414986,-0.5195822035396975,0.00557662652296077,0.8543530933673931
stand,2,102527.648811904,262.934,lf_hip_link,0.19339937076487715,0.046501329995117656,0.20804969966922354,0.011374640703987695,-8.152616417681603e-05,4.2761108125629934e-06,0.999935303349199
stand,2,102527.648811904,262.934,lf_upper_leg_link,0.1933983769603645,0.14197661794345653,0.21022211541997865,0.009945240808419513,0.4848925001774559,0.005520385375359631,0.8744997889091947
stand,2,102527.648811904,262.934,lf_lower_leg_link,0.012734635160184936,0.14454127320740798,0.0974256839953314,0.009722430588825598,-0.5194036819555431,-0.005903965859945806,0.8544532946285567
stand,2,102527.648811904,262.934,lf_foot_link,0.2018205237280126,0.1467738630567657,-0.0006076893378330339,0.009722430588825598,-0.5194036819555431,-0.005903965859945806,0.8544532946285567
stand,2,102527.648811904,262.934,rh_hip_link,-0.19339998854138282,-0.04650122773841427,0.20790864901247197,-0.010140909566003296,-8.159929173931851e-05,2.5211419452426325e-06,0.9999485763219895
stand,2,102527.648811904,262.934,rh_upper_leg_link,-0.1933996650788221,-0.14198158567025648,0.20984546317564393,-0.008850290306074,0.48832134446278336,-0.004950799398099915,0.872604965885983
stand,2,102527.648811904,262.934,rh_lower_leg_link,-0.37494188513372273,-0.1442416120537649,0.0984618260547283,-0.008692727124955866,-0.5148239948009448,0.005222504027099494,0.8572359163754251
stand,2,102527.648811904,262.934,rh_foot_link,-0.18691783199495898,-0.14627067029586532,-0.0015973482568833464,-0.008692727124955866,-0.5148239948009448,0.005222504027099494,0.8572359163754251
stand,2,102527.648811904,262.934,lh_hip_link,-0.19340062407923306,0.04649873959293613,0.20798659748164242,0.009132901700396155,-8.153554572710917e-05,4.093330190561882e-06,0.9999582908510386
stand,2,102527.648811904,262.934,lh_upper_leg_link,-0.19340154810200982,0.14198280830008322,0.20973090888589,0.007973179937717201,0.4872067839838615,0.004454021992001721,0.8732388789614663
stand,2,102527.648811904,262.934,lh_lower_leg_link,-0.37465748442019,0.14402439667758613,0.0978778022400901,0.007816608459678902,-0.5176171025542274,-0.004723403689345989,0.8555636301486536
stand,2,102527.648811904,262.934,lh_foot_link,-0.18598579561054174,0.14583178320433313,-0.0009590694002961364,0.007816608459678902,-0.5176171025542274,-0.004723403689345989,0.8555636301486536
stand,2,102527.648811904,262.934,d435_link,0.3399713195967867,0.017469841083150525,0.25030282720458485,0.0003865478050201829,-0.00033955998542613595,2.8981055937318226e-06,0.9999998676356971
stand,2,102527.648811904,262.934,velodyne_base_link,0.19994531188190487,-6.069265743643028e-05,0.28869420058718187,0.0003865478050201829,-0.00033955998542613595,2.8981055937318226e-06,0.9999998676356971
stand,2,102527.648811904,262.934,gps_frame,-4.78508179376239e-05,-5.406842229495014e-05,0.2785583814572909,0.0003865478050201829,-0.00033955998542613595,2.8981055937318226e-06,0.9999998676356971
stand,3,102527.744300927,263.034,trunk,-3.053498307012139e-07,5.047499623613458e-08,0.20708965533070417,-0.0007875979570882117,0.0030759991139823572,2.3069144955649486e-06,0.9999949589440873
stand,3,102527.744300927,263.034,imu_link,-3.053498307012139e-07,5.047499623613458e-08,0.20708965533070417,-0.0007875979570882117,0.0030759991139823572,2.3069144955649486e-06,0.9999949589440873
stand,3,102527.744300927,263.034,rf_hip_link,0.19339935774262917,-0.04649941987040957,0.20727977708731404,-0.011895702786364733,0.001194452560522305,1.5528202473589467e-05,0.9999285300946134
stand,3,102527.744300927,263.034,rf_upper_leg_link,0.19340503730818656,-0.1419723918451014,0.20955169039161103,-0.01040598967872756,0.4866927697097249,-0.00576397126231673,0.8734922094251156
stand,3,102527.744300927,263.034,rf_lower_leg_link,0.012277367901698834,-0.14464948991833448,0.09750437662960976,-0.010122224972097369,-0.5231396677338261,0.006248883701977989,0.8521639396603422
stand,3,102527.744300927,263.034,rf_foot_link,0.20221543737806327,-0.14693146804538737,0.0011336220438982747,-0.010122224972097369,-0.5231396677338261,0.006248883701977989,0.8521639396603422
stand,3,102527.744300927,263.034,lf_hip_link,0.1933989184240164,0.04650054463257266,0.20719852285023607,0.01049075430491245,0.001194500857925061,-1.1213600075116475e-05,0.9999442570043939
stand,3,102527.744300927,263.034,lf_upper_leg_link,0.19340345356430888,0.14197952392671118,0.20920214266995568,0.009172304201602768,0.4872969612759151,0.005091648776587591,0.87317330208821
stand,3,102527.744300927,263.034,lf_lower_leg_link,0.012122817621701735,0.14433439491545305,0.09739523047365944,0.008923598089945077,-0.523833529561397,-0.005515926826925303,0.8517560550155298
stand,3,102527.744300927,263.034,lf_foot_link,0.20221577630296353,0.14634140926375133,0.0013242205215943936,0.008923598089945077,-0.523833529561397,-0.005515926826925303,0.8517560550155298
stand,3,102527.744300927,263.034,rh_hip_link,-0.1933995383626277,-0.04650043966089062,0.20820388244643126,-0.011001647975458377,0.0011944659670583466,1.4460219559890438e-05,0.9999387665171201
stand,3,102527.744300927,263.034,rh_upper_leg_link,-0.19339426668084173,-0.14197732169564128,0.21030506523992434,-0.009608487686096448,0.4892222566014932,-0.005358491547067151,0.8720897586707855
stand,3,102527.744300927,263.034,rh_lower_leg_link,-0.375167276733346,-0.14443021707782924,0.09930256022000947,-0.00940078351344602,-0.517294478353524,0.005715044759857849,0.8557367505241793
stand,3,102527.744300927,263.034,rh_foot_link,-0.18656786581719356,-0.14659780511897053,0.00033507180000239,-0.00940078351344602,-0.517294478353524,0.005715044759857849,0.8557367505241793
stand,3,102527.744300927,263.034,lh_hip_link,-0.19339997768124045,0.04649952484209161,0.2081226282093533,0.008416673698502507,0.001194521547387582,-8.735973736706745e-06,0.9999638656700593
stand,3,102527.744300927,263.034,lh_upper_leg_link,-0.1933963888760142,0.14198599431185094,0.20973015280362817,0.007354809825401619,0.4881502580574547,0.004092339782627633,0.8727190184051085
stand,3,102527.744300927,263.034,lh_lower_leg_link,-0.3748928847698925,0.1438693427359751,0.0982650238306765,0.007176591866284677,-0.520537648356396,-0.004397385774420708,0.8537972336398898
stand,3,102527.744300927,263.034,lh_foot_link,-0.18555072558106572,0.14550447959420457,0.0007156871790731933,0.007176591866284677,-0.520537648356396,-0.004397385774420708,0.8537972336398898
stand,3,102527.744300927,263.034,d435_link,0.34024840159683956,0.017565320945344583,0.24646958288805765,-0.0007875979570882117,0.0030759991139823572,2.3069144955649486e-06,0.9999949589440873
stand,3,102527.744300927,263.034,velodyne_base_link,0.2004880670263453,0.0001260203491482479,0.2858576480278816,-0.0007875979570882117,0.0030759991139823572,2.3069144955649486e-06,0.9999949589440873
stand,3,102527.744300927,263.034,gps_frame,0.00043033210087817567,0.0001103146265924106,0.2770882438393514,-0.0007875979570882117,0.0030759991139823572,2.3069144955649486e-06,0.9999949589440873
stand,4,102527.847196215,263.134,trunk,-3.1631722418959007e-07,1.6114955264079304e-08,0.20635093031086502,-0.0008684378857710467,0.0020740886318900177,-8.841824339185314e-07,0.9999974719824065
stand,4,102527.847196215,263.134,imu_link,-3.1631722418959007e-07,1.6114955264079304e-08,0.20635093031086502,-0.0008684378857710467,0.0020740886318900177,-8.841824339185314e-07,0.9999974719824065
stand,4,102527.847196215,263.134,rf_hip_link,0.19339791061982456,-0.04650089637208027,0.2054509567245613,-0.012743158457878231,0.0023115720197215786,2.6717915249577836e-05,0.9999161303996791
stand,4,102527.847196215,263.134,rf_upper_leg_link,0.1934086395487905,-0.1419698801110263,0.20788468405993357,-0.011161878616485774,0.48629253760414787,-0.006148273504035608,0.8737031412723597
stand,4,102527.847196215,263.134,rf_lower_leg_link,0.012382519419869157,-0.14485062369627602,0.09567842243668291,-0.010840590698671113,-0.521858648515336,0.006698536753162906,0.8529367867365186
stand,4,102527.847196215,263.134,rf_foot_link,0.20203135280324508,-0.1473004002809569,-0.0012561874351767754,-0.010840590698671113,-0.521858648515336,0.006698536753162906,0.8529367867365186
stand,4,102527.847196215,263.134,lf_hip_link,0.19339736131460938,0.04649882148965946,0.20522187740408535,0.009363148486103286,0.002311597796179837,-2.4386021641546163e-05,0.99995349260422
stand,4,102527.847196215,263.134,lf_upper_leg_link,0.1934061528003045,0.14198207668310753,0.20701014482610275,0.008202968777709346,0.48643126994304053,0.0045144708973251044,0.8736686731692684
stand,4,102527.847196215,263.134,lf_lower_leg_link,0.012348998444267727,0.14409959362059838,0.09483696185212406,0.007956014915902676,-0.5230390716601715,-0.004936696355742762,0.8522572735815255
stand,4,102527.847196215,263.134,lf_foot_link,0.2022611316621966,0.14588814887037602,-0.0015953083002171464,0.007956014915902676,-0.5230390716601715,-0.004936696355742762,0.8522572735815255
stand,4,102527.847196215,263.134,rh_hip_link,-0.1933979552006228,-0.04649877589262433,0.20723930224878276,-0.011136766793719433,0.002311611959378196,2.300431730517929e-05,0.999935312080903
stand,4,102527.847196215,263.134,rh_upper_leg_link,-0.1933886445785328,-0.1419750865247954,0.20936627695044024,-0.009738064818344175,0.4889894542699526,-0.005403535639748662,0.8722185996119078
stand,4,102527.847196215,263.134,rh_lower_leg_link,-0.3751024876242122,-0.1444678039330609,0.09826782689152765,-0.0095132559995432,-0.5161374517863929,0.0057901696092136955,0.856433361540542
stand,4,102527.847196215,263.134,rh_foot_link,-0.1867711183161267,-0.1466655151111222,-0.0012081269873839284,-0.0095132559995432,-0.5161374517863929,0.0057901696092136955,0.856433361540542
stand,4,102527.847196215,263.134,lh_hip_link,-0.19339850450583798,0.0465009419691154,0.20701022292830681,0.00819854181442655,0.002311624629719993,-2.169379235829804e-05,0.9999637192583878
stand,4,102527.847196215,263.134,lh_upper_leg_link,-0.1933907413191508,0.1419881036064412,0.20857607802381964,0.007181131204908561,0.486812144200289,0.00395574431952015,0.8734682133315519
stand,4,102527.847196215,263.134,lh_lower_leg_link,-0.374544404389915,0.1438398342163022,0.09655410942036859,0.006985093143550805,-0.5193116143132781,-0.004292438966304234,0.8545456282029846
stand,4,102527.847196215,263.134,lh_foot_link,-0.18548328150885596,0.14543306032848038,-0.001539485913417571,0.006985093143550805,-0.5193116143132781,-0.004292438966304234,0.8545456282029846
stand,4,102527.847196215,263.134,d435_link,0.34016887531724954,0.017570243658367783,0.24640973916511624,-0.0008684378857710467,0.0020740886318900177,-8.841824339185314e-07,0.9999974719824065
stand,4,102527.847196215,263.134,velodyne_base_link,0.20032981641002834,0.00013789137305276529,0.2855204882981027,-0.0008684378857710467,0.0020740886318900177,-8.841824339185314e-07,0.9999974719824065
stand,4,102527.847196215,263.134,gps_frame,0.00029005546467390894,0.0001215968548613522,0.276350222466943,-0.0008684378857710467,0.0020740886318900177,-8.841824339185314e-07,0.9999974719824065
stand,5,102527.950166355,263.23400000000004,trunk,-2.873935309954522e-07,2.8092853316360302e-08,0.20783343211708757,0.00035967616044470994,-9.459908237951053e-05,-5.751927774752102e-07,0.9999999308418688
stand,5,102527.950166355,263.23400000000004,imu_link,-2.873935309954522e-07,2.8092853316360302e-08,0.20783343211708757,0.00035967616044470994,-9.459908237951053e-05,-5.751927774752102e-07,0.9999999308418688
stand,5,102527.950166355,263.23400000000004,rf_hip_link,0.19339958935878282,-0.04650028913681902,0.20805414749066112,-0.010626107520417444,-0.0003401020981969241,-4.439641078281754e-06,0.9999434834778499
stand,5,102527.950166355,263.23400000000004,rf_upper_leg_link,0.19339805116862174,-0.14197872252829652,0.21008361903349154,-0.009289373814431533,0.4848708722058921,-0.005159623521308401,0.8745211964872844
stand,5,102527.950166355,263.23400000000004,rf_lower_leg_link,0.01274091476928833,-0.14437369586840032,0.097272878539987,-0.009057813509206923,-0.5234884272227533,0.005556095317605134,0.8519665206938017
stand,5,102527.950166355,263.23400000000004,rf_foot_link,0.20275605922618598,-0.14642207523167985,0.0010489261216395374,-0.009057813509206923,-0.5234884272227533,0.005556095317605134,0.8519665206938017
stand,5,102527.950166355,263.23400000000004,lf_hip_link,0.19339974903712814,0.04649971042382059,0.20804510893241732,0.011412173948659185,-0.0003401173429189426,3.0562487812054193e-06,0.9999348211741693
stand,5,102527.950166355,263.23400000000004,lf_upper_leg_link,0.19339842396930712,0.1419748350186177,0.21022469188613918,0.009977342870642341,0.4848734510778311,0.0055398874371917,0.8745098619891596
stand,5,102527.950166355,263.23400000000004,lf_lower_leg_link,0.012739539621365835,0.14454750882755657,0.09742066334269588,0.009730278118594858,-0.5230113668655106,-0.005963171246065811,0.8522493017925536
stand,5,102527.950166355,263.23400000000004,lf_foot_link,0.2026478243279635,0.14675155460908396,0.000989415388566478,0.009730278118594858,-0.5230113668655106,-0.005963171246065811,0.8522493017925536
stand,5,102527.950166355,263.23400000000004,rh_hip_link,-0.19340032114409256,-0.04649965058517527,0.20779102288172793,-0.010144774913639446,-0.00034010419585438646,-4.275929500748532e-06,0.9999484825993807
stand,5,102527.950166355,263.23400000000004,rh_upper_leg_link,-0.193401796808131,-0.14197999353819582,0.20972857478967433,-0.008850750327063261,0.48802410405846963,-0.004957892191241242,0.8727711941749658
stand,5,102527.950166355,263.23400000000004,rh_lower_leg_link,-0.37486811005854714,-0.1442399699882333,0.09822131196905295,-0.008680288915636535,-0.5181941762855633,0.00525062478882836,0.8552028292676508
stand,5,102527.950166355,263.23400000000004,rh_foot_link,-0.18606205474686263,-0.14624326244482,-0.00035485298462381576,-0.008680288915636535,-0.5181941762855633,0.00525062478882836,0.8552028292676508
stand,5,102527.950166355,263.23400000000004,lh_hip_link,-0.19340016146574723,0.04650034897546434,0.20778198432348413,0.009111653278538434,-0.0003401234741358107,2.273752985874493e-06,0.999958430178667
stand,5,102527.950166355,263.23400000000004,lh_upper_leg_link,-0.19340118766016345,0.1419844917294124,0.20952223760694225,0.007962125906021848,0.48567834030510404,0.004430212375824505,0.8740901140773996
stand,5,102527.950166355,263.23400000000004,lh_lower_leg_link,-0.3742645612311027,0.14403268155949162,0.09703559387107978,0.007787122850078667,-0.5197142924441992,-0.004731062074844875,0.8542915380586343
stand,5,102527.950166355,263.23400000000004,lh_foot_link,-0.18511018233545876,0.1458191860776803,-0.0008747188963181274,0.007787122850078667,-0.5197142924441992,-0.004731062074844875,0.8542915380586343
stand,5,102527.950166355,263.23400000000004,d435_link,0.33999187372133716,0.01746975618217751,0.24941033653440384,0.00035967616044470994,-9.459908237951053e-05,-5.751927774752102e-07,0.9999999308418688
stand,5,102527.950166355,263.23400000000004,velodyne_base_link,0.19998457314150686,-5.7763767240849936e-05,0.2878712495341209,0.00035967616044470994,-9.459908237951053e-05,-5.751927774752102e-07,0.9999999308418688
stand,5,102527.950166355,263.23400000000004,gps_frame,-1.3531293111843682e-05,-5.032655850872943e-05,0.27783341275285783,0.00035967616044470994,-9.459908237951053e-05,-5.751927774752102e-07,0.9999999308418688
stand,6,102528.03971326,263.324,trunk,-2.5671891888733825e-07,2.3824331159808388e-08,0.20739508890287126,3.673346413103351e-05,0.00025877266871665377,4.3149359735446675e-07,0.9999999658435855
stand,6,102528.03971326,263.324,imu_link,-2.5671891888733825e-07,2.3824331159808388e-08,0.20739508890287126,3.673346413103351e-05,0.00025877266871665377,4.3149359735446675e-07,0.9999999658435855
stand,6,102528.03971326,263.324,rf_hip_link,0.19339796073902696,-0.04649988958704203,0.2069662540683094,-0.010616814928350416,0.0021144395526994523,2.266289161266734e-05,0.9999414042195415
stand,6,102528.03971326,263.324,rf_upper_leg_link,0.19340657678284753,-0.1419783605879316,0.20899393774582894,-0.009283297069331668,0.48890066056312304,-0.005151472445043119,0.8722748573861983
stand,6,102528.03971326,263.324,rf_lower_leg_link,0.011716053143678393,-0.14435502666331512,0.09785481287033511,-0.009026992279837288,-0.5227282265294522,0.005588441930382608,0.8524332724128876
stand,6,102528.03971326,263.324,rf_foot_link,0.20155928082995392,-0.1463886110332166,0.0012918104508400086,-0.009026992279837288,-0.5227282265294522,0.005588441930382608,0.8524332724128876
stand,6,102528.03971326,263.324,lf_hip_link,0.1933980532624235,0.04650010516483615,0.20699749734061806,0.011701770596482914,0.0021144187020521823,-2.4531226795111248e-05,0.9999292960988184
stand,6,102528.03971326,263.324,lf_upper_leg_link,0.1934074642019967,0.14197395114579325,0.20923236759159403,0.010231834336029564,0.4888832608363484,0.00567816898250189,0.8722707293249873
stand,6,102528.03971326,263.324,lf_lower_leg_link,0.011719888503662113,0.14459341144174623,0.09809388071769484,0.009955813955584284,-0.5218769084012055,-0.006149293077711724,0.8529405374589286
stand,6,102528.03971326,263.324,lf_foot_link,0.20137133627733064,0.14684377486448602,0.001159551288864108,0.009955813955584284,-0.5218769084012055,-0.006149293077711724,0.8529405374589286
stand,6,102528.03971326,263.324,rh_hip_link,-0.19339858021051123,-0.04650005432535902,0.2086020747935129,-0.010373189663358087,0.002114445011512183,2.214773052374424e-05,0.9999439612138169
stand,6,102528.03971326,263.324,rh_upper_leg_link,-0.19339016092506223,-0.14197950204648507,0.21058323404617116,-0.009056666982067925,0.4912526481670086,-0.005057700810633932,0.8709553559824909
stand,6,102528.03971326,263.324,rh_lower_leg_link,-0.3756776615198052,-0.14428132646205521,0.10042439994158633,-0.008858444486395476,-0.5166556848387037,0.005397361910731579,0.8561304221726594
stand,6,102528.03971326,263.324,rh_foot_link,-0.18722699278886312,-0.14632416946219706,0.001171328214120304,-0.008858444486395476,-0.5166556848387037,0.005397361910731579,0.8561304221726594
stand,6,102528.03971326,263.324,lh_hip_link,-0.19339848768711468,0.04649994042651916,0.20863331806582155,0.009091271014349122,0.0021144755389751733,-1.901114809152757e-05,0.9999564377627232
stand,6,102528.03971326,263.324,lh_upper_leg_link,-0.19339118507140532,0.14198415397663386,0.2103696675087321,0.007945661397412117,0.4896021979940998,0.004417922027126684,0.8718985239976417
stand,6,102528.03971326,263.324,lh_lower_leg_link,-0.37525848187155975,0.14401395285929827,0.09951315542621866,0.007754091076612653,-0.5184379818902668,-0.0047461185884564985,0.855066902273423
stand,6,102528.03971326,263.324,lh_foot_link,-0.18639736247210217,0.14579024441774815,0.0010381719660361999,0.007754091076612653,-0.5184379818902668,-0.0047461185884564985,0.855066902273423
stand,6,102528.03971326,263.324,d435_link,0.3400211611084212,0.017497274788401858,0.24872040351009195,3.673346413103351e-05,0.00025877266871665377,4.3149359735446675e-07,0.9999999658435855
stand,6,102528.03971326,263.324,velodyne_base_link,0.2000411201238055,-5.677112183992012e-06,0.28729156891523755,3.673346413103351e-05,0.00025877266871665377,4.3149359735446675e-07,0.9999999658435855
stand,6,102528.03971326,263.324,gps_frame,3.5971455683055313e-05,-5.11884483930424e-06,0.27739507933910146,3.673346413103351e-05,0.00025877266871665377,4.3149359735446675e-07,0.9999999658435855
stand,7,102528.144188624,263.42900000000003,trunk,-2.4466833074854023e-07,1.8972392614331786e-08,0.20751283125954426,-8.670837795345229e-05,0.0033816972577118093,7.13896738264607e-07,0.9999942782860334
stand,7,102528.144188624,263.42900000000003,imu_link,-2.4466833074854023e-07,1.8972392614331786e-08,0.20751283125954426,-8.670837795345229e-05,0.0033816972577118093,7.13896738264607e-07,0.9999942782860334
stand,7,102528.144188624,263.42900000000003,rf_hip_link,0.19339736769540558,-0.04649973900952364,0.20620671969682108,-0.011269464666072116,0.0025361479616432124,2.9199168652844707e-05,0.9999332809078141
stand,7,102528.144188624,263.42900000000003,rf_upper_leg_link,0.19340840334122292,-0.1419754816874115,0.20835902969314482,-0.009866956637200521,0.48758841614590714,-0.00544470873150277,0.8730008790109403
stand,7,102528.144188624,263.42900000000003,rf_lower_leg_link,0.012052178099375935,-0.1445140518593567,0.09667879318054355,-0.009601109586639166,-0.5192068542530851,0.005900879693456176,0.8545743038555303
stand,7,102528.144188624,263.42900000000003,rf_foot_link,0.20109286927515027,-0.1467041537959829,-0.001442664886959183,-0.009601109586639166,-0.5192068542530851,0.005900879693456176,0.8545743038555303
stand,7,102528.144188624,263.42900000000003,lf_hip_link,0.1933971498755481,0.0465002587647109,0.2061863740603523,0.010821016842748988,0.0025361741374431025,-2.6829449524234202e-05,0.9999382344402149
stand,7,102528.144188624,263.42900000000003,lf_upper_leg_link,0.1934075157846582,0.14197789359577276,0.20825304762294647,0.00947121320035447,0.48801125391133493,0.005233664666736904,0.8727702566715688
stand,7,102528.144188624,263.42900000000003,lf_lower_leg_link,0.011943752000477249,0.14441125071739402,0.09674528463580005,0.009220631828363765,-0.5190659034027041,-0.00566348603036894,0.8546657199159238
stand,7,102528.144188624,263.42900000000003,lf_foot_link,0.20095145540280113,0.1465160466177761,-0.0014415672782769895,0.009220631828363765,-0.5190659034027041,-0.00566348603036894,0.8546657199159238
stand,7,102528.144188624,263.42900000000003,rh_hip_link,-0.19339765581387006,-0.04650021569462528,0.208168807419529,-0.010802933890609786,0.002536161308794198,2.8015898563840087e-05,0.9999384299647056
stand,7,102528.144188624,263.42900000000003,rh_upper_leg_link,-0.19338707209196346,-0.14197792519900798,0.21023202718037243,-0.00943958105051528,0.4907417285172792,-0.005253425085238262,0.8712381142525489
stand,7,102528.144188624,263.42900000000003,rh_lower_leg_link,-0.3755457320951179,-0.14438314159879295,0.09986247739454893,-0.009238795248036917,-0.5138598869368542,0.005599002402241701,0.8578061042168609
stand,7,102528.144188624,263.42900000000003,rh_foot_link,-0.1877462410199065,-0.1465335862836613,-0.0006150163020442467,-0.009238795248036917,-0.5138598869368542,0.005599002402241701,0.8578061042168609
stand,7,102528.144188624,263.42900000000003,lh_hip_link,-0.19339787363372754,0.04649978207960926,0.20814846178306023,0.008475325199605062,0.0025362300960961822,-2.088000126886647e-05,0.9999608672161557
stand,7,102528.144188624,263.42900000000003,lh_upper_leg_link,-0.19338978009295443,0.1419860622491255,0.20976717543384948,0.0074144938248138555,0.4887799689385657,0.004105709991622732,0.8723659268857314
stand,7,102528.144188624,263.42900000000003,lh_lower_leg_link,-0.37504701429861337,0.143886602876772,0.09856449018716573,0.007239108784719208,-0.5157528116701001,-0.004407593131916189,0.8566955151517794
stand,7,102528.144188624,263.42900000000003,lh_foot_link,-0.18680825248526883,0.14556013683886065,-0.0010967752827081012,0.007239108784719208,-0.5157528116701001,-0.004407593131916189,0.8566955151517794
stand,7,102528.144188624,263.42900000000003,d435_link,0.34027262294769134,0.017507501720197403,0.246709305746472,-8.670837795345229e-05,0.0033816972577118093,7.13896738264607e-07,0.9999942782860334
stand,7,102528.144188624,263.42900000000003,velodyne_base_link,0.20053624943640133,1.4060888222945824e-05,0.2861583291281913,-8.670837795345229e-05,0.0033816972577118093,7.13896738264607e-07,0.9999942782860334
stand,7,102528.144188624,263.42900000000003,gps_frame,0.00047319023020816857,1.2158413834792341e-05,0.2775112291842883,-8.670837795345229e-05,0.0033816972577118093,7.13896738264607e-07,0.9999942782860334
stand,8,102528.245329296,263.529,trunk,-2.1966450456386536e-07,1.572884490070179e-08,0.20809918671676994,0.00017508116922287836,0.0018277874365834573,5.634828487387008e-07,0.9999983142682558
stand,8,102528.245329296,263.529,imu_link,-2.1966450456386536e-07,1.572884490070179e-08,0.20809918671676994,0.00017508116922287836,0.0018277874365834573,5.634828487387008e-07,0.9999983142682558
stand,8,102528.245329296,263.529,rf_hip_link,0.19339893260961036,-0.04649974969067725,0.20767429230327555,-0.010837007959230916,0.001451373423692726,1.631599596451241e-05,0.9999402244671752
stand,8,102528.245329296,263.529,rf_upper_leg_link,0.19340505293071852,-0.14197731845820274,0.20974403257299984,-0.00950016455234853,0.48370876173274907,-0.005214199957659757,0.8751619237691105
stand,8,102528.245329296,263.529,rf_lower_leg_link,0.01304814376116304,-0.14444472242062775,0.09645547519631255,-0.00922432790634061,-0.5223130133643907,0.005687950632386362,0.8526849799676839
stand,8,102528.245329296,263.529,rf_foot_link,0.20279745945519279,-0.1465298029449287,-0.00029084066560886024,-0.00922432790634061,-0.5223130133643907,0.005687950632386362,0.8526849799676839
stand,8,102528.245329296,263.529,lf_hip_link,0.1933989407739105,0.046500241538694774,0.20771468211220098,0.011526662460643603,0.0014513753456151873,-1.61441279186963e-05,0.9999325123734559
stand,8,102528.245329296,263.529,lf_upper_leg_link,0.19340521943136207,0.14197486447494492,0.2099161215865723,0.010103738666048414,0.4837715135848189,0.005547853015597556,0.8751184253778107
stand,8,102528.245329296,263.529,lf_lower_leg_link,0.013031102823187965,0.1445982042636441,0.09665846777821424,0.00980748056977483,-0.5229436879933363,-0.006056197898679152,0.8522892906635713
stand,8,102528.245329296,263.529,lf_foot_link,0.2029243094236496,0.1468098941061421,0.00019770624776072054,0.00980748056977483,-0.5229436879933363,-0.006056197898679152,0.8522892906635713
stand,8,102528.245329296,263.529,rh_hip_link,-0.1933994376077955,-0.04650020338798696,0.20879714445422806,-0.009309901335931329,0.0014513966487251192,1.409946081782374e-05,0.9999556085077419
stand,8,102528.245329296,263.529,rh_upper_leg_link,-0.1933941638696421,-0.14198364856580623,0.2105752527642252,-0.008150692012063915,0.48581800868637337,-0.004498964481305534,0.8740104049577025
stand,8,102528.245329296,263.529,rh_lower_leg_link,-0.37429364281099614,-0.1440872841332605,0.09814770615688366,-0.0079608197652089,-0.5159175728920098,0.004826987709268647,0.8565876391353883
stand,8,102528.245329296,263.529,rh_foot_link,-0.18601568269270968,-0.14593135805587518,-0.001436474941646726,-0.0079608197652089,-0.5159175728920098,0.004826987709268647,0.8565876391353883
stand,8,102528.245329296,263.529,lh_hip_link,-0.19339942944349534,0.04649978784138507,0.2088375342631535,0.009891233998311188,0.001451399808544539,-1.3770347952566579e-05,0.9999500271208377
stand,8,102528.245329296,263.529,lh_upper_leg_link,-0.19339405741666177,0.1419811010317554,0.21072666172940407,0.008668820671886268,0.48402566727682383,0.004763218217813163,0.874997895264665
stand,8,102528.245329296,263.529,lh_lower_leg_link,-0.3738317810807527,0.14423024469729917,0.09756231561415042,0.008439840147533718,-0.5190256296201731,-0.005158080836503814,0.8547014444224083
stand,8,102528.245329296,263.529,lh_foot_link,-0.18483454289185178,0.14616273721438228,-0.0006482206314037675,0.008439840147533718,-0.5190256296201731,-0.005158080836503814,0.8547014444224083
stand,8,102528.245329296,263.529,d435_link,0.3401492061747912,0.017486083804180312,0.2483621414576001,0.00017508116922287836,0.0018277874365834573,5.634828487387008e-07,0.9999983142682558
stand,8,102528.245329296,263.529,velodyne_base_link,0.20029088952525578,-2.7643648995940532e-05,0.28736753358040973,0.00017508116922287836,0.0018277874365834573,5.634828487387008e-07,0.9999983142682558
stand,8,102528.245329296,263.529,gps_frame,0.00025567015906655067,-2.4495449336956374e-05,0.2780987147123239,0.00017508116922287836,0.0018277874365834573,5.634828487387008e-07,0.9999983142682558
stand,9,102528.34564499,263.624,trunk,-2.7909330226017735e-07,-3.01779948844138e-09,0.20796187403844618,0.0002638351068145192,-0.00013863363215322965,-2.3851361850469973e-06,0.9999999555830308
stand,9,102528.34564499,263.624,imu_link,-2.7909330226017735e-07,-3.01779948844138e-09,0.20796187403844618,0.0002638351068145192,-0.00013863363215322965,-2.3851361850469973e-06,0.9999999555830308
stand,9,102528.34564499,263.624,rf_hip_link,0.19339857710791952,-0.046501021223324404,0.20978015440633602,-0.011290271994754509,-0.0016014529057369001,-2.0880190006670208e-05,0.9999349802216606
stand,9,102528.34564499,263.624,rf_upper_leg_link,0.1933911358107062,-0.1419766743238841,0.21193644975917603,-0.009855032743432279,0.48489469803409246,-0.00550899331309727,0.8744996633165324
stand,9,102528.34564499,263.624,rf_lower_leg_link,0.012726861138407552,-0.14451007126105964,0.09914016543610575,-0.009640868885844662,-0.523334490421143,0.0058757403638882025,0.8520525455967752
stand,9,102528.34564499,263.624,rf_foot_link,0.20270800737227399,-0.1466995192572221,0.00285220983864648,-0.009640868885844662,-0.523334490421143,0.0058757403638882025,0.8520525455967752
stand,9,102528.34564499,263.624,lf_hip_link,0.19339899338007155,0.04649897309111508,0.2098126711855431,0.011345569273695028,-0.001601515238415764,1.5373117770146998e-05,0.9999343543305551
stand,9,102528.34564499,263.624,lf_upper_leg_link,0.19339258681783317,0.14197438715502594,0.21197952795993427,0.009903927471061414,0.4852263778239182,0.005534835058510578,0.8743149547419415
stand,9,102528.34564499,263.624,lf_lower_leg_link,0.012642705874689556,0.1445190998297745,0.0993207290295253,0.009685367705348067,-0.5233042181172355,-0.005908961912989746,0.8520704038530101
stand,9,102528.34564499,263.624,lf_foot_link,0.2026170935902863,0.14671744321357258,0.003019642335495676,0.009685367705348067,-0.5233042181172355,-0.005908961912989746,0.8520704038530101
stand,9,102528.34564499,263.624,rh_hip_link,-0.19339943854047414,-0.04649885669556148,0.2085411686196152,-0.010356552546756255,-0.0016014717049587968,-1.9384783832716225e-05,0.9999450868582508
stand,9,102528.34564499,263.624,rh_upper_leg_link,-0.19340630870451073,-0.14197837031128452,0.21051915560283666,-0.009020269511817293,0.4882806898429696,-0.005088545406866987,0.8726251826357352
stand,9,102528.34564499,263.624,rh_lower_leg_link,-0.3749385092668682,-0.14427309423131277,0.0991198988677989,-0.008874373322186291,-0.5184555878959048,0.005338918857037997,0.8550418380541902
stand,9,102528.34564499,263.624,rh_foot_link,-0.18607200635568705,-0.1463264006684215,0.0006606280459200697,-0.008874373322186291,-0.5184555878959048,0.005338918857037997,0.8550418380541902
stand,9,102528.34564499,263.624,lh_hip_link,-0.19339902226832212,0.046501137618878,0.20857368539882226,0.009031914547371865,-0.0016015465214603772,1.1667528703256577e-05,0.9999579288311171
stand,9,102528.34564499,263.624,lh_upper_leg_link,-0.19340401349353206,0.1419855566761222,0.21029870493153546,0.007876307187269558,0.4868678190301852,0.004420339536055965,0.8734289617228573
stand,9,102528.34564499,263.624,lh_lower_leg_link,-0.37457298235329833,0.14399937528914689,0.0983042887453575,0.007723611714189469,-0.5208381688897011,-0.004682033597774458,0.853607653557008
stand,9,102528.34564499,263.624,lh_foot_link,-0.1851616207325365,0.14576912935471417,0.0008917430465803788,0.007723611714189469,-0.5208381688897011,-0.004682033597774458,0.853607653557008
stand,9,102528.34564499,263.624,d435_link,0.3399882833901162,0.0174764494957407,0.24956537134336787,0.0002638351068145192,-0.00013863363215322965,-2.3851361850469973e-06,0.9999999555830308
stand,9,102528.34564499,263.624,velodyne_base_link,0.1999775317358641,-4.3185265108497256e-05,0.28801731302461175,0.0002638351068145192,-0.00013863363215322965,-2.3851361850469973e-06,0.9999999555830308
stand,9,102528.34564499,263.624,gps_frame,-1.968788904120874e-05,-3.693988482048236e-05,0.27796186160249153,0.0002638351068145192,-0.00013863363215322965,-2.3851361850469973e-06,0.9999999555830308
stand,10,102528.440840138,263.719,trunk,-2.794365099973018e-07,-4.411179797878348e-09,0.20809226829611277,-0.00035267185739774876,0.0013678345357385764,-2.7056994092851003e-06,0.9999990023214638
stand,10,102528.440840138,263.719,imu_link,-2.794365099973018e-07,-4.411179797878348e-09,0.20809226829611277,-0.00035267185739774876,0.0013678345357385764,-2.7056994092851003e-06,0.9999990023214638
stand,10,102528.440840138,263.719,rf_hip_link,0.19339756427454713,-0.04650083528304346,0.20617202537611876,-0.011815851658808729,0.0023176409711202993,2.5200002595451133e-05,0.9999275041496088
stand,10,102528.440840138,263.719,rf_upper_leg_link,0.1934076076423712,-0.14197416882082003,0.20842867827703965,-0.010352018048628621,0.485970363279702,-0.005696552271678997,0.8738954119506128
stand,10,102528.440840138,263.719,rf_lower_leg_link,0.01246570870968015,-0.14464869288391238,0.09608155489745454,-0.010081650453201342,-0.5176978059456353,0.00616241102187846,0.8554819499753412
stand,10,102528.440840138,263.719,rf_foot_link,0.20115953568141695,-0.14696374869964363,-0.0027024528129549474,-0.010081650453201342,-0.5176978059456353,0.00616241102187846,0.8554819499753412
stand,10,102528.440840138,263.719,lf_hip_link,0.19339768341937918,0.04649914402375998,0.20610998571192066,0.01050238284304653,0.002317626141305021,-2.6528857605578693e-05,0.9999421622573512
stand,10,102528.440840138,263.719,lf_upper_leg_link,0.19340739919214875,0.14197807658067002,0.20811581307158736,0.009199900666061947,0.4865589663786377,0.005065824404457478,0.8735846103769168
stand,10,102528.440840138,263.719,lf_lower_leg_link,0.012316064347997289,0.1443517781249541,0.09600295036020137,0.00895787536085564,-0.5178515587010003,-0.005482446368326773,0.8554060219578666
stand,10,102528.440840138,263.719,lf_foot_link,0.20104362926820765,0.14640660068245817,-0.002722344997903192,0.00895787536085564,-0.5178515587010003,-0.005482446368326773,0.8554060219578666
stand,10,102528.440840138,263.719,rh_hip_link,-0.19339827987298425,-0.04649914363164483,0.20796505279834923,-0.011045211206150212,0.002317659704279542,2.3413805865938343e-05,0.9999363135793701
stand,10,102528.440840138,263.719,rh_upper_leg_link,-0.19338891870405275,-0.14197584215903508,0.2100745434189405,-0.009648071020207361,0.4906563713852686,-0.005376984692539688,0.8712831502905624
stand,10,102528.440840138,263.719,rh_lower_leg_link,-0.3755262864734282,-0.14443298882260258,0.09967100320252796,-0.00944754620741084,-0.5142178471369362,0.005721984747760891,0.8575884843251218
stand,10,102528.440840138,263.719,rh_foot_link,-0.18764266589745598,-0.14663104664831778,-0.0006480561085468184,-0.00944754620741084,-0.5142178471369362,0.005721984747760891,0.8575884843251218
stand,10,102528.440840138,263.719,lh_hip_link,-0.1933981607281522,0.04650083567515861,0.20790301313415113,0.008243518177633337,0.0023176801557995832,-2.1293345417768184e-05,0.9999633354845285
stand,10,102528.440840138,263.719,lh_upper_leg_link,-0.19339044463314065,0.14198785607049647,0.2094774579512882,0.007211481622766676,0.4887429080242524,0.003993817491577299,0.8723889120172525
stand,10,102528.440840138,263.719,lh_lower_leg_link,-0.3750379927580396,0.14383638365571408,0.09825807472165879,0.007039316486136736,-0.5161980408813793,-0.004289996358918489,0.8564295806106152
stand,10,102528.440840138,263.719,lh_foot_link,-0.1866959504076174,0.14546122908567602,-0.001208678319749329,0.007039316486136736,-0.5161980408813793,-0.004289996358918489,0.8564295806106152
stand,10,102528.440840138,263.719,d435_link,0.3401120563459151,0.017527094759584822,0.24864963314247707,-0.00035267185739774876,0.0013678345357385764,-2.7056994092851003e-06,0.9999990023214638
stand,10,102528.440840138,263.719,velodyne_base_link,0.20021782563208337,5.514720017300442e-05,0.2875448161535696,-0.00035267185739774876,0.0013678345357385764,-2.7056994092851003e-06,0.9999990023214638
stand,10,102528.440840138,263.719,gps_frame,0.00019121734103248639,4.936908146357365e-05,0.2780919889472869,-0.00035267185739774876,0.0013678345357385764,-2.7056994092851003e-06,0.9999990023214638
stand,11,102528.546640354,263.819,trunk,-2.9384684100982106e-07,-1.1648955377075619e-08,0.20748034137948154,-0.0008050337678756425,0.0018307818746505816,-1.0455226716611267e-06,0.9999980000766336
stand,11,102528.546640354,263.819,imu_link,-2.9384684100982106e-07,-1.1648955377075619e-08,0.20748034137948154,-0.0008050337678756425,0.0018307818746505816,-1.0455226716611267e-06,0.9999980000766336
stand,11,102528.546640354,263.819,rf_hip_link,0.19339945507762765,-0.0465008212701874,0.2078799480940482,-0.012242738175679217,0.000643367665326651,5.538058634676916e-06,0.9999248478807489
stand,11,102528.546640354,263.819,rf_upper_leg_link,0.19340201719447184,-0.14197219329846403,0.21021813467213404,-0.010707901896005826,0.4857076373974018,-0.005935107892350525,0.8740355864065981
stand,11,102528.546640354,263.819,rf_lower_leg_link,0.0125269701854057,-0.14473112269287108,0.09776545272072484,-0.010400066345225676,-0.5266365027005426,0.006459356680291841,0.8500024172639941
stand,11,102528.546640354,263.819,rf_foot_link,0.20325120783595801,-0.1470478591629634,0.0029609280146551675,-0.010400066345225676,-0.5266365027005426,0.006459356680291841,0.8500024172639941
stand,11,102528.546640354,263.819,lf_hip_link,0.1933996420842212,0.04649897896894013,0.2076871906106608,0.010302867422516744,0.0006433290028562882,-8.967550682361274e-06,0.99994671706559
stand,11,102528.546640354,263.819,lf_upper_leg_link,0.1934026207686226,0.14197870447984948,0.20965493233376742,0.009012537964743017,0.485854575702147,0.004992325808377087,0.8739789368810577
stand,11,102528.546640354,263.819,lf_lower_leg_link,0.012492494001888777,0.14430092590880397,0.09724882342113235,0.00874986621107842,-0.5266529599125949,-0.005439577082012005,0.8500179472562681
stand,11,102528.546640354,263.819,lf_foot_link,0.20321783304140972,0.1462489276092008,0.002438220967424576,0.00874986621107842,-0.5266529599125949,-0.005439577082012005,0.8500179472562681
stand,11,102528.546640354,263.819,rh_hip_link,-0.19340022468862325,-0.04649901186663703,0.20837767236689683,-0.011201018741420063,0.0006433730856939774,4.86780093230478e-06,0.9999370596325208
stand,11,102528.546640354,263.819,rh_upper_leg_link,-0.19339791856827176,-0.14197504846332973,0.21051693169405095,-0.00979064181543337,0.48668470541567677,-0.005441155886667555,0.8735058870264784
stand,11,102528.546640354,263.819,rh_lower_leg_link,-0.3745225655747294,-0.14449017628257654,0.09846097969310205,-0.00956258849865942,-0.5197712203477883,0.0058326448328726525,0.8542320619443113
stand,11,102528.546640354,263.819,rh_foot_link,-0.18535257255450588,-0.14667855053778606,0.0005889982129678173,-0.00956258849865942,-0.5197712203477883,0.0058326448328726525,0.8542320619443113
stand,11,102528.546640354,263.819,lh_hip_link,-0.1934000376820297,0.0465007883724905,0.20818491488350943,0.008312883497171776,0.0006433455749920248,-7.687263458963505e-06,0.9999652404035551
stand,11,102528.546640354,263.819,lh_upper_leg_link,-0.1933975479868941,0.14198758949108437,0.2097726194969431,0.00727651922076624,0.48488130518584716,0.0040194973767113985,0.874540459778813
stand,11,102528.546640354,263.819,lh_lower_leg_link,-0.37405459175267236,0.1438682224379657,0.09695198416134168,0.007083086263425039,-0.5220878099196643,-0.0043513193535351805,0.8528512265583938
stand,11,102528.546640354,263.819,lh_foot_link,-0.18435932652444828,0.14547383689279564,9.059684825321601e-05,0.007083086263425039,-0.5220878099196643,-0.0043513193535351805,0.8528512265583938
stand,11,102528.546640354,263.819,d435_link,0.34014936662440504,0.01756507001242765,0.2477069045874543,-0.0008050337678756425,0.0018307818746505816,-1.0455226716611267e-06,0.9999980000766336
stand,11,102528.546640354,263.819,velodyne_base_link,0.20029129009659807,0.00012778544531939605,0.2867473904562007,-0.0008050337678756425,0.0018307818746505816,-1.0455226716611267e-06,0.9999980000766336
stand,11,102528.546640354,263.819,gps_frame,0.00025601522084613647,0.00011269258516904088,0.27747978140165197,-0.0008050337678756425,0.0018307818746505816,-1.0455226716611267e-06,0.9999980000766336
stand,12,102528.645582871,263.91900000000004,trunk,-2.732808720602333e-07,-6.22058303785545e-09,0.20641626417257694,-0.0002620277611746566,0.0026407132893373425,-9.22528844233524e-07,0.9999964789807636
stand,12,102528.645582871,263.91900000000004,imu_link,-2.732808720602333e-07,-6.22058303785545e-09,0.20641626417257694,-0.0002620277611746566,0.0026407132893373425,-9.22528844233524e-07,0.9999964789807636
stand,12,102528.645582871,263.91900000000004,rf_hip_link,0.1933990605832101,-0.046500604073847256,0.20610317868595585,-0.011518097324853213,0.0011287417394810727,1.1450997506932286e-05,0.9999330273798218
stand,12,102528.645582871,263.91900000000004,rf_upper_leg_link,0.1934037307600825,-0.1419752647346992,0.20830298546942896,-0.010073382797491124,0.4867233172079774,-0.005585128120763617,0.8734802492265938
stand,12,102528.645582871,263.91900000000004,rf_lower_leg_link,0.012268758434610125,-0.14456555297650833,0.09626543726582584,-0.009795209728503916,-0.5242651563516604,0.006059749457259515,0.8514771747606973
stand,12,102528.645582871,263.91900000000004,rf_foot_link,0.2024603651411476,-0.14676519631240748,0.00039409479279778337,-0.009795209728503916,-0.5242651563516604,0.006059749457259515,0.8514771747606973
stand,12,102528.645582871,263.91900000000004,lf_hip_link,0.19339927341364815,0.04649938989617299,0.20606968942044768,0.011158929320938957,0.0011287111708244257,-1.414682461952624e-05,0.999937100075485
stand,12,102528.645582871,263.91900000000004,lf_upper_leg_link,0.19340376005306328,0.14197541974300504,0.20825157686823031,0.009811276703573549,0.4849248834909528,0.005414642526111519,0.8744840066387985
stand,12,102528.645582871,263.91900000000004,lf_lower_leg_link,0.012731971547682495,0.14451187046066277,0.09546739687819847,0.009544272177043001,-0.5222796455418475,-0.005872509927635975,0.8527006463867859
stand,12,102528.645582871,263.91900000000004,lf_foot_link,0.20247417786491925,0.1466722505020779,-0.0012912094570721178,0.009544272177043001,-0.5222796455418475,-0.005872509927635975,0.8527006463867859
stand,12,102528.645582871,263.91900000000004,rh_hip_link,-0.1934001010214293,-0.04649941948284247,0.20687800256693387,-0.010593079782095786,0.0009460910084178176,8.511904728444189e-06,0.9999434441507586
stand,12,102528.645582871,263.91900000000004,rh_upper_leg_link,-0.19339656113422435,-0.14197798672120351,0.20890116483896518,-0.00924573960897687,0.48956063816848955,-0.0051700784138506905,0.8719049077418586
stand,12,102528.645582871,263.91900000000004,rh_lower_leg_link,-0.3752551620669033,-0.144333911072626,0.09803683835267371,-0.00904367192221461,-0.5191862127323366,0.005515923303103093,0.8545954967684598
stand,12,102528.645582871,263.91900000000004,rh_foot_link,-0.1862201824592553,-0.14640635419963977,-9.817815123008833e-05,-0.00904367192221461,-0.5191862127323366,0.005515923303103093,0.8545954967684598
stand,12,102528.645582871,263.91900000000004,lh_hip_link,-0.19339988580968973,0.04650057402399013,0.20684325083625704,0.008830935391453876,0.0009460778593693425,-9.865735769381451e-06,0.9999605589319327
stand,12,102528.645582871,263.91900000000004,lh_upper_leg_link,-0.19339640577076053,0.141985678790201,0.2085298911876866,0.007716051674870357,0.48815456888337333,0.0042951209262959335,0.8727125135811147
stand,12,102528.645582871,263.91900000000004,lh_lower_leg_link,-0.3748944479485278,0.14396113108005745,0.09706887435270532,0.007524899274350091,-0.521589360962672,-0.0046218403403471605,0.8531509555836708
stand,12,102528.645582871,263.91900000000004,lh_foot_link,-0.1853119914484108,0.14566903846153498,-1.137719083760258e-05,0.007524899274350091,-0.521589360962672,-0.0046218403403471605,0.8531509555836708
stand,12,102528.645582871,263.91900000000004,d435_link,0.3402141713510426,0.017520641565004935,0.24611083011013601,-0.0002620277611746566,0.0026407132893373425,-9.22528844233524e-07,0.9999964789807636
stand,12,102528.645582871,263.91900000000004,velodyne_base_link,0.20041945004940698,4.1271897491832194e-05,0.2853588559486983,-0.0002620277611746566,0.0026407132893373425,-9.22528844233524e-07,0.9999964789807636
stand,12,102528.645582871,263.91900000000004,gps_frame,0.0003694253117567906,3.6677195757958774e-05,0.27641527828904555,-0.0002620277611746566,0.0026407132893373425,-9.22528844233524e-07,0.9999964789807636
stand,13,102528.743217677,264.014,trunk,-2.698926465289216e-07,1.4161960341170219e-08,0.21039756448958788,0.001202741554757491,-0.0009590657807506226,-9.76967978095658e-07,0.9999988168016132
stand,13,102528.743217677,264.014,imu_link,-2.698926465289216e-07,1.4161960341170219e-08,0.21039756448958788,0.001202741554757491,-0.0009590657807506226,-9.76967978095658e-07,0.9999988168016132
stand,13,102528.743217677,264.014,rf_hip_link,0.1933993540464145,-0.04650044609234847,0.20961663692873791,-0.01301174557582378,0.0010366578805688696,1.2275179328616212e-05,0.999914806204423
stand,13,102528.743217677,264.014,rf_upper_leg_link,0.1934042747530853,-0.14196810870868892,0.21210166617589582,-0.011371977956476797,0.4876547388677407,-0.006323273753950797,0.8729396027138565
stand,13,102528.743217677,264.014,rf_lower_leg_link,0.012028366802093769,-0.14488342927515038,0.1004626007868116,-0.011130206606000653,-0.5162352440874174,0.006739745879314489,0.8563479824746448
stand,13,102528.743217677,264.014,rf_foot_link,0.20038512924790103,-0.14746159644606666,0.001043874708810899,-0.011130206606000653,-0.5162352440874174,0.006739745879314489,0.8563479824746448
stand,13,102528.743217677,264.014,lf_hip_link,0.19339939069476064,0.04649950911125413,0.20952535644578646,0.008895536335789243,0.001036678018552308,-1.043682056713963e-05,0.9999598965073836
stand,13,102528.743217677,264.014,lf_upper_leg_link,0.19340314541267903,0.14198439515220906,0.21122433368163784,0.007774519664609547,0.48787419941268934,0.004322906384964832,0.8728686240619483
stand,13,102528.743217677,264.014,lf_lower_leg_link,0.011976693610116485,0.14397683966304287,0.09964712834289635,0.007605232663660295,-0.516801386376117,-0.004614229270437779,0.8560591079850123
stand,13,102528.743217677,264.014,lf_foot_link,0.2004593823345618,0.14573446820922095,0.00044941267818210395,0.007605232663660295,-0.516801386376117,-0.004614229270437779,0.8560591079850123
stand,13,102528.743217677,264.014,rh_hip_link,-0.1933998144803828,-0.04649950648163199,0.21041865070381477,-0.011563193619702481,0.001036674575374811,1.0773399860084424e-05,0.9999326066006008
stand,13,102528.743217677,264.014,rh_upper_leg_link,-0.1933954673313386,-0.14197396833714618,0.21262706970895373,-0.010077963024527233,0.49197959498207744,-0.005669411259481419,0.8705299366239613
stand,13,102528.743217677,264.014,rh_lower_leg_link,-0.37586835067985214,-0.14452312416057495,0.10278104726358857,-0.009920522187215917,-0.5120270856646718,0.005940606222081165,0.8588914692689583
stand,13,102528.743217677,264.014,rh_foot_link,-0.18849879837318192,-0.14685713581034707,0.0015081325330610629,-0.009920522187215917,-0.5120270856646718,0.005940606222081165,0.8588914692689583
stand,13,102528.743217677,264.014,lh_hip_link,-0.19339977783203666,0.046500448721970615,0.2103273702208633,0.007554210726792732,0.0010366910855689252,-9.046240932774475e-06,0.999970929122469
stand,13,102528.743217677,264.014,lh_upper_leg_link,-0.19339655425611058,0.1419895490812966,0.21177018073341353,0.006600348863288509,0.48834734282405634,0.0036744491317953314,0.87261664353549
stand,13,102528.743217677,264.014,lh_lower_leg_link,-0.37494253405175165,0.1436787101386895,0.1003825514608462,0.006474149756763718,-0.5133446200251373,-0.003892501312300577,0.8581493080517563
stand,13,102528.743217677,264.014,lh_foot_link,-0.18726758180183625,0.14519424455514032,-0.00033892317800410243,0.006474149756763718,-0.5133446200251373,-0.003892501312300577,0.8581493080517563
stand,13,102528.743217677,264.014,d435_link,0.339919495995732,0.017398687455151777,0.25259162717649686,0.001202741554757491,-0.0009590657807506226,-9.76967978095658e-07,0.9999988168016132
stand,13,102528.743217677,264.014,velodyne_base_link,0.1998459116527389,-0.00019327629922767097,0.290780811254859,0.001202741554757491,-0.0009590657807506226,-9.76967978095658e-07,0.9999988168016132
stand,13,102528.743217677,264.014,gps_frame,-0.00013453910759010217,-0.00016836932529752828,0.28039723319436916,0.001202741554757491,-0.0009590657807506226,-9.76967978095658e-07,0.9999988168016132
stand,14,102528.845911943,264.11400000000003,trunk,-3.252900692215442e-07,-6.168445432452588e-08,0.20778459073080646,-0.0006194474536974647,0.004377474654511733,-1.5769024993238785e-06,0.9999902269512511
stand,14,102528.845911943,264.11400000000003,imu_link,-3.252900692215442e-07,-6.168445432452588e-08,0.20778459073080646,-0.0006194474536974647,0.004377474654511733,-1.5769024993238785e-06,0.9999902269512511
stand,14,102528.845911943,264.11400000000003,rf_hip_link,0.19338384036878145,-0.046501120438233234,0.20545763759764432,-0.009850953935332559,0.0063524007888899475,5.985034057043638e-05,0.999931298704425
stand,14,102528.845911943,264.11400000000003,rf_upper_leg_link,0.19340722324511944,-0.14198258486701296,0.20733896791866294,-0.008633153268019703,0.49248473938997084,-0.00474484353274069,0.8702653253993825
stand,14,102528.845911943,264.11400000000003,rf_lower_leg_link,0.010809414040298476,-0.14418771887354312,0.09769327736215686,-0.008385777944425838,-0.5141158239440263,0.005169487766316083,0.8576641969295766
stand,14,102528.845911943,264.11400000000003,rf_foot_link,0.19866778244124694,-0.14611940140828183,-0.0026785415130560764,-0.008385777944425838,-0.5141158239440263,0.005169487766316083,0.8576641969295766
stand,14,102528.845911943,264.11400000000003,lf_hip_link,0.19338427473667816,0.0464988793801886,0.20545184235259076,0.012218129685922948,0.006352174562838274,-8.035029051849891e-05,0.999905175868758
stand,14,102528.845911943,264.11400000000003,lf_upper_leg_link,0.19341444402019609,0.14197036515269304,0.20778518634883458,0.01070982795036714,0.49259670086022694,0.005881218790756964,0.8701719376953206
stand,14,102528.845911943,264.11400000000003,lf_lower_leg_link,0.01078534188188218,0.14470627465126057,0.0982035918570179,0.010408159314328902,-0.5127012408065973,-0.006399950693463713,0.8584801386905724
stand,14,102528.845911943,264.11400000000003,lf_foot_link,0.19831499103478456,0.14711485112741707,-0.0027708081062790546,0.010408159314328902,-0.5127012408065973,-0.006399950693463713,0.8584801386905724
stand,14,102528.845911943,264.11400000000003,rh_hip_link,-0.193384939782597,-0.046499007753052414,0.2103719733362063,-0.00992805408297509,0.0063523961552177394,6.034014526747975e-05,0.9999305361695279
stand,14,102528.845911943,264.11400000000003,rh_upper_leg_link,-0.19336136983129545,-0.14198018090238015,0.2122680267335266,-0.008694394655728709,0.4936359641086016,-0.004793474770773841,0.8696119623370896
stand,14,102528.845911943,264.11400000000003,rh_lower_leg_link,-0.376248884957866,-0.14419304559508825,0.1031064032540262,-0.008494622014339155,-0.5069336883050477,0.005139192119498344,0.8619278773555437
stand,14,102528.845911943,264.11400000000003,rh_foot_link,-0.19009372932294788,-0.1462022839269213,-0.00038862557279856214,-0.008494622014339155,-0.5069336883050477,0.005139192119498344,0.8619278773555437
stand,14,102528.845911943,264.11400000000003,lh_hip_link,-0.1933845054147003,0.04650099206536942,0.21036617809115274,0.008940953775098211,0.006352403788575529,-5.9531108231509675e-05,0.999939849574836
stand,14,102528.845911943,264.11400000000003,lh_upper_leg_link,-0.19336228751617576,0.14198572272348245,0.21207372531234508,0.007833502329401996,0.4934352854976418,0.004310503406395093,0.8697365548414643
stand,14,102528.845911943,264.11400000000003,lh_lower_leg_link,-0.3761982804111337,0.1439820136133028,0.10282165656855369,0.007628764569669848,-0.5103867669530749,-0.004663276691537855,0.8598984846601524
stand,14,102528.845911943,264.11400000000003,lh_foot_link,-0.1892199014518429,0.1457626460628788,0.0008171706385938504,0.007628764569669848,-0.5103867669530749,-0.004663276691537855,0.8598984846601524
stand,14,102528.845911943,264.11400000000003,d435_link,0.3403499315659399,0.01754842176689662,0.24628463471268242,-0.0006194474536974647,0.004377474654511733,-1.5769024993238785e-06,0.9999902269512511
stand,14,102528.845911943,264.11400000000003,velodyne_base_link,0.20069239905120329,9.733243401211155e-05,0.28603049101231454,-0.0006194474536974647,0.004377474654511733,-1.5769024993238785e-06,0.9999902269512511
stand,14,102528.845911943,264.11400000000003,gps_frame,0.000612515308937327,8.665914511959651e-05,0.27778185429087665,-0.0006194474536974647,0.004377474654511733,-1.5769024993238785e-06,0.9999902269512511
stand,15,102528.949139146,264.214,trunk,-3.7410129841968004e-07,-8.713844643958866e-08,0.20785485379440163,0.0013652339758269596,0.000987050348933385,-2.6757448027580726e-06,0.9999985809293133
stand,15,102528.949139146,264.214,imu_link,-3.7410129841968004e-07,-8.713844643958866e-08,0.20785485379440163,0.0013652339758269596,0.000987050348933385,-2.6757448027580726e-06,0.9999985809293133
stand,15,102528.949139146,264.214,rf_hip_link,0.1933990715295273,-0.046500582699370935,0.20782906908932472,-0.009302071187527601,0.0007750726739136791,5.466353819093241e-06,0.999956434403065
stand,15,102528.949139146,264.214,rf_upper_leg_link,0.19340149262582795,-0.14198405574474346,0.20960568647410535,-0.008137401832818652,0.4856648741542843,-0.004506800380546592,0.8740955905703016
stand,15,102528.949139146,264.214,rf_lower_leg_link,0.012541404005691936,-0.14408171059613584,0.09711467266215258,-0.007910694558922977,-0.5249177809691701,0.004893819556775839,0.8511021058980782
stand,15,102528.949139146,264.214,rf_foot_link,0.20287707183313727,-0.14585555580783585,0.0015208076610695176,-0.007910694558922977,-0.5249177809691701,0.004893819556775839,0.8511021058980782
stand,15,102528.949139146,264.214,lf_hip_link,0.193399784379489,0.046499079567915616,0.2080797036090516,0.01289664665083725,0.0007750030406382691,-1.173958573429914e-05,0.9999165343855619
stand,15,102528.949139146,264.214,lf_upper_leg_link,0.19340393548682294,0.14196731175407862,0.21054275578413395,0.011285576201457532,0.48541569839008997,0.006241746747147009,0.874188352772906
stand,15,102528.949139146,264.214,lf_lower_leg_link,0.012603063910256423,0.14487939553210386,0.09797471144994623,0.010974349393819565,-0.5237753647695295,-0.006774015650764108,0.851758794276814
stand,15,102528.949139146,264.214,lf_foot_link,0.20268622929641988,0.14734995530611106,0.001895126879760567,0.010974349393819565,-0.5237753647695295,-0.006774015650764108,0.851758794276814
stand,15,102528.949139146,264.214,rh_hip_link,-0.19340046371671074,-0.0464992337997292,0.20842867852442887,-0.009049617101642288,0.000775074029274565,5.270675086414168e-06,0.9999587509806506
stand,15,102528.949139146,264.214,rh_upper_leg_link,-0.1933981173617652,-0.1419835917406131,0.21015708331260063,-0.007902854963704855,0.488382938732819,-0.004409136070592288,0.8725824944136968
stand,15,102528.949139146,264.214,rh_lower_leg_link,-0.37495473686980546,-0.14400391636463983,0.09879231239636233,-0.007728991323313546,-0.518979923479367,0.004707259350247912,0.8547385234256638
stand,15,102528.949139146,264.214,rh_foot_link,-0.1859689891181346,-0.14577747941006833,0.0005566690642921368,-0.007728991323313546,-0.518979923479367,0.004707259350247912,0.8547385234256638
stand,15,102528.949139146,264.214,lh_hip_link,-0.19339975086674904,0.04650042846755735,0.20867931304415574,0.010114672800101485,0.0007750327025791431,-9.583360822024495e-06,0.9999485449894989
stand,15,102528.949139146,264.214,lh_upper_leg_link,-0.19339642325139692,0.14198088788829782,0.2106111147242746,0.008846570797959738,0.48627728925082253,0.004903558178568248,0.8737460107269034
stand,15,102528.949139146,264.214,lh_lower_leg_link,-0.3744149935101111,0.1442579290152057,0.09837880072693544,0.008622831645127272,-0.5212201445172776,-0.005287104322188969,0.8533623229623478
stand,15,102528.949139146,264.214,lh_foot_link,-0.18491518846504024,0.1462186597744017,0.0011420822365932892,0.008622831645127272,-0.5212201445172776,-0.005287104322188969,0.8533623229623478
stand,15,102528.949139146,264.214,d435_link,0.3400810289661791,0.017385629980959563,0.24873120548948224,0.0013652339758269596,0.000987050348933385,-2.6757448027580726e-06,0.9999985809293133
stand,15,102528.949139146,264.214,velodyne_base_link,0.20015716343571666,-0.00021905596170915373,0.2874595786527469,0.0013652339758269596,0.000987050348933385,-2.6757448027580726e-06,0.9999985809293133
stand,15,102528.949139146,264.214,gps_frame,0.00013781224003258372,-0.0001912199935845995,0.27785445645589363,0.0013652339758269596,0.000987050348933385,-2.6757448027580726e-06,0.9999985809293133
stand,16,102529.044423762,264.309,trunk,-3.2472296051449385e-07,-1.1582620735691388e-07,0.20590259597849173,0.0003372793433884786,0.000821088556853059,-1.6254818915482008e-06,0.9999996060267144
stand,16,102529.044423762,264.309,imu_link,-3.2472296051449385e-07,-1.1582620735691388e-07,0.20590259597849173,0.0003372793433884786,0.000821088556853059,-1.6254818915482008e-06,0.9999996060267144
stand,16,102529.044423762,264.309,rf_hip_link,0.19339902231025036,-0.04650059413569349,0.2056020625192494,-0.011275965682333437,0.0012255722846248606,1.2479639319263315e-05,0.9999356731384097
stand,16,102529.044423762,264.309,rf_upper_leg_link,0.19340404529463542,-0.14197630895215166,0.20775563050191798,-0.009871356208776222,0.485349541420059,-0.0054501270086131,0.8742474907516338
stand,16,102529.044423762,264.309,rf_lower_leg_link,0.012622672856429654,-0.14452583023830212,0.09514748106072446,-0.009573526543641032,-0.5263455154469361,0.005957780402864772,0.8501960072895478
stand,16,102529.044423762,264.309,rf_foot_link,0.20328063112812925,-0.14665733105590595,0.0002053952824385974,-0.009573526543641032,-0.5263455154469361,0.005957780402864772,0.8501960072895478
stand,16,102529.044423762,264.309,lf_hip_link,0.19339912598834064,0.04649938687312303,0.20554262895115985,0.010984124824810796,0.0012255464224076938,-1.4803133514281549e-05,0.9999389215440444
stand,16,102529.044423762,264.309,lf_upper_leg_link,0.19340452437113123,0.14197634249061877,0.2076404651869542,0.009624458134732748,0.484145278108035,0.005293488727915002,0.8749186810603564
stand,16,102529.044423762,264.309,lf_lower_leg_link,0.01293444024808149,0.14447176556531327,0.0945328986836578,0.009333684460252333,-0.5249781439303945,-0.005790816151133688,0.8510448267735949
stand,16,102529.044423762,264.309,lf_foot_link,0.20328571709634577,0.1465605849801755,-0.0010235152072346487,0.009333684460252333,-0.5249781439303945,-0.005790816151133688,0.8510448267735949
stand,16,102529.044423762,264.309,rh_hip_link,-0.19339981560085223,-0.04649955698991621,0.20655021311114294,-0.010572084041454703,0.0012255807657028956,1.1616926325084992e-05,0.9999433628240423
stand,16,102529.044423762,264.309,rh_upper_leg_link,-0.19339512211750728,-0.1419782090925931,0.20856936407806187,-0.009236874612404682,0.4884607465015108,-0.005142882783738351,0.8725218220945848
stand,16,102529.044423762,264.309,rh_lower_leg_link,-0.37497343228933433,-0.1443413496499096,0.09724671210709007,-0.009012266771049151,-0.5207831024221088,0.005527037504848484,0.8536235652415359
stand,16,102529.044423762,264.309,rh_foot_link,-0.18557275035857967,-0.1463924099555015,-0.00018108082587073304,-0.009012266771049151,-0.5207831024221088,0.005527037504848484,0.8536235652415359
stand,16,102529.044423762,264.309,lh_hip_link,-0.19339971192276195,0.04650042401890031,0.2064907795430534,0.008797995027635232,0.0012255758567327735,-1.212376310665722e-05,0.9999605457718457
stand,16,102529.044423762,264.309,lh_upper_leg_link,-0.19339533689680427,0.14198563968997335,0.2081711274557831,0.0076984459726702455,0.48634103732691525,0.004258966200594163,0.8737247796350337
stand,16,102529.044423762,264.309,lh_lower_leg_link,-0.3744287242119205,0.1439686752156476,0.09595713435635264,0.007482738298849732,-0.523731897380706,-0.004627471344357897,0.8518377162362052
stand,16,102529.044423762,264.309,lh_foot_link,-0.18436064094707508,0.14565159859148677,-0.00016930057670247467,0.007482738298849732,-0.523731897380706,-0.004627471344357897,0.8518377162362052
stand,16,102529.044423762,264.309,d435_link,0.34006743369095493,0.017470968896314835,0.24685599493331994,0.0003372793433884786,0.000821088556853059,-1.6254818915482008e-06,0.9999996060267144
stand,16,102529.044423762,264.309,velodyne_base_link,0.20013077963103532,-5.462013145193123e-05,0.2855740343948449,0.0003372793433884786,0.000821088556853059,-1.6254818915482008e-06,0.9999996060267144
stand,16,102529.044423762,264.309,gps_frame,0.00011462755295693476,-4.733510253171804e-05,0.27590248566636344,0.0003372793433884786,0.000821088556853059,-1.6254818915482008e-06,0.9999996060267144
stand,17,102529.146497816,264.41400000000004,trunk,-2.1449782757120003e-07,-1.2918026265110784e-07,0.2073172049235396,-5.688738958736357e-05,-0.0014184959580819713,-1.6646644145998247e-06,0.9999989923146276
stand,17,102529.146497816,264.41400000000004,imu_link,-2.1449782757120003e-07,-1.2918026265110784e-07,0.2073172049235396,-5.688738958736357e-05,-0.0014184959580819713,-1.6646644145998247e-06,0.9999989923146276
stand,17,102529.146497816,264.41400000000004,rf_hip_link,0.1933993805328327,-0.046500655478195034,0.20737111736958697,-0.011866594001990253,-0.0007598815245561971,-1.0386518728920204e-05,0.9999293007102956
stand,17,102529.146497816,264.41400000000004,rf_upper_leg_link,0.19339567456175208,-0.14197375959142727,0.20963747507517957,-0.010385498091126794,0.48231824955955144,-0.005740870185524495,0.875915686570758
stand,17,102529.146497816,264.41400000000004,rf_lower_leg_link,0.013398004254658775,-0.14466944253427538,0.09578418360984434,-0.01012530862485791,-0.5228414482382028,0.006188237741006751,0.8523473492908222
stand,17,102529.146497816,264.41400000000004,rf_foot_link,0.20326841107190685,-0.1469676327805145,-0.0007194273932928652,-0.01012530862485791,-0.5228414482382028,0.006188237741006751,0.8523473492908222
stand,17,102529.146497816,264.41400000000004,lf_hip_link,0.1933997296651415,0.04649932370403923,0.20730889211667297,0.010353212077286327,-0.0007599247123913159,6.499433062360045e-06,0.9999461152841546
stand,17,102529.146497816,264.41400000000004,lf_upper_leg_link,0.193396985616932,0.14197885059691032,0.20928624812501126,0.009061326521865523,0.48248654656371104,0.005008133806522557,0.8758421908896968
stand,17,102529.146497816,264.41400000000004,lf_lower_leg_link,0.013357690062617755,0.14433034285930033,0.09549115798292211,0.008834127241350328,-0.5226186185863252,-0.0053988182450912066,0.8525037187393151
stand,17,102529.146497816,264.41400000000004,lf_foot_link,0.20317562618398705,0.14633663390421534,-0.0011221222784727203,0.008834127241350328,-0.5226186185863252,-0.0053988182450912066,0.8525037187393151
stand,17,102529.146497816,264.41400000000004,rh_hip_link,-0.19340017269165258,-0.04649959674558283,0.2067832192341561,-0.011133020007646837,-0.0007598889398567859,-9.829049622767769e-06,0.9999377372305228
stand,17,102529.146497816,264.41400000000004,rh_upper_leg_link,-0.19340366575626688,-0.14197592339744258,0.20890949223306257,-0.009706378884292677,0.4883015185709176,-0.005452562705319258,0.8726039667169952
stand,17,102529.146497816,264.41400000000004,rh_lower_leg_link,-0.37494218836979537,-0.1444498460063174,0.0975243742225189,-0.009518082802962197,-0.5200962544114709,0.005774974533003283,0.8540350940775547
stand,17,102529.146497816,264.41400000000004,rh_foot_link,-0.18569789934266717,-0.14663319574064043,-0.00020398427466669644,-0.009518082802962197,-0.5200962544114709,0.005774974533003283,0.8540350940775547
stand,17,102529.146497816,264.41400000000004,lh_hip_link,-0.1933998235593438,0.04650038243665144,0.2067209939812421,0.008039963007681486,-0.0007599377144311319,4.74144686189181e-06,0.9999673902018126
stand,17,102529.146497816,264.41400000000004,lh_upper_leg_link,-0.19340189613154488,0.14198803600037102,0.20825657615081716,0.00701871673811154,0.4865641120249164,0.0039215612957542775,0.8736078776326129
stand,17,102529.146497816,264.41400000000004,lh_lower_leg_link,-0.37449184026274196,0.14378725349417282,0.09613077648379167,0.0068571752532495134,-0.5232304946889949,-0.004197639240385908,0.852153277526915
stand,17,102529.146497816,264.41400000000004,lh_foot_link,-0.18453785881569232,0.14534088891758615,-0.00022310848918216664,0.0068571752532495134,-0.5232304946889949,-0.004197639240385908,0.852153277526915
stand,17,102529.146497816,264.41400000000004,d435_link,0.33988074330083917,0.01750351545256222,0.24977962301799933,-5.688738958736357e-05,-0.0014184959580819713,-1.6646644145998247e-06,0.9999989923146276
stand,17,102529.146497816,264.41400000000004,velodyne_base_link,0.19977202153931303,8.339583428573058e-06,0.2878842803141794,-5.688738958736357e-05,-0.0014184959580819713,-1.6646644145998247e-06,0.9999989923146276
stand,17,102529.146497816,264.41400000000004,gps_frame,-0.00019880371858560148,7.835376838901257e-06,0.27731692277216546,-5.688738958736357e-05,-0.0014184959580819713,-1.6646644145998247e-06,0.9999989923146276
stand,18,102529.248247177,264.514,trunk,-1.963720198957751e-07,-1.171520185708033e-07,0.20834068235318387,0.0028617504965281833,0.0007496115123126087,-2.8336088328468056e-06,0.9999956242197497
stand,18,102529.248247177,264.514,imu_link,-1.963720198957751e-07,-1.171520185708033e-07,0.20834068235318387,0.0028617504965281833,0.0007496115123126087,-2.8336088328468056e-06,0.9999956242197497
stand,18,102529.248247177,264.514,rf_hip_link,0.19339958643161922,-0.046500815300802766,0.20792902178426223,-0.009791875515347862,-0.000496029896533933,-6.735197685608502e-06,0.9999519353863319
stand,18,102529.248247177,264.514,rf_upper_leg_link,0.1933973723716599,-0.14198250205435178,0.2097991794768312,-0.008556952909040415,0.48507861254389284,-0.004760192053207691,0.8744157242301976
stand,18,102529.248247177,264.514,rf_lower_leg_link,0.01268770418258612,-0.14418631371905405,0.09706870871962493,-0.008354968784230933,-0.5224786494504985,0.005106404614352789,0.8525961412045636
stand,18,102529.248247177,264.514,rf_foot_link,0.2024732364264487,-0.14608432551833053,0.00038960393413592365,-0.008354968784230933,-0.5224786494504985,0.005106404614352789,0.8525961412045636
stand,18,102529.248247177,264.514,lf_hip_link,0.19339983151298418,0.0464991254061674,0.2080340381637673,0.012315756854138585,-0.0004960575699618832,4.2318349258886056e-06,0.999924035135714
stand,18,102529.248247177,264.514,lf_upper_leg_link,0.19339785641295057,0.14197015493017084,0.21038616862907772,0.01076900388785083,0.48441917936934015,0.005975486596264949,0.8747493245349415
stand,18,102529.248247177,264.514,lf_lower_leg_link,0.012854924219984755,0.1447500343582289,0.09740155947574397,0.010511812447867879,-0.5217281215950008,-0.00641713985039583,0.8530229125012723
stand,18,102529.248247177,264.514,lf_foot_link,0.20247327419219355,0.14714364935643853,0.0004059309090025942,0.010511812447867879,-0.5217281215950008,-0.00641713985039583,0.8530229125012723
stand,18,102529.248247177,264.514,rh_hip_link,-0.19340022319236672,-0.046499362626242415,0.20754526048098854,-0.00938358037644607,-0.0004960326052599678,-6.532661198731151e-06,0.9999558501895459
stand,18,102529.248247177,264.514,rh_upper_leg_link,-0.19340235989687604,-0.1419825447661812,0.2093374445858615,-0.008189566024934345,0.48709667258660466,-0.004580680263904826,0.873297646814476
stand,18,102529.248247177,264.514,rh_lower_leg_link,-0.3746303817715145,-0.14407876067569675,0.09744012573386109,-0.00804313462368856,-0.5160662777667314,0.004833177917489524,0.8564972535441278
stand,18,102529.248247177,264.514,rh_foot_link,-0.18631783857985618,-0.14595089545367412,-0.0020781197694780262,-0.00804313462368856,-0.5160662777667314,0.004833177917489524,0.8564972535441278
stand,18,102529.248247177,264.514,lh_hip_link,-0.19339997811100176,0.04650057808072775,0.20765027686049362,0.009505997344408199,-0.000496067502739365,2.837933977125058e-06,0.9999546939354138
stand,18,102529.248247177,264.514,lh_upper_leg_link,-0.19340142081455888,0.14198331855795665,0.20946583982463252,0.008311545432546221,0.48458352780461206,0.004613264146836276,0.8746933408840329
stand,18,102529.248247177,264.514,lh_lower_leg_link,-0.3739829606394038,0.1441280332912013,0.09652909791483183,0.008130712755110875,-0.5187487255436937,-0.0049249876811665585,0.8548739063471453
stand,18,102529.248247177,264.514,lh_foot_link,-0.18504991878804866,0.1460006880081482,-0.0018060375206022106,0.008130712755110875,-0.5187487255436937,-0.0049249876811665585,0.8548739063471453
stand,18,102529.248247177,264.514,d435_link,0.34006181258680623,0.017261603674174703,0.24943037761861309,0.0028617504965281833,0.0007496115123126087,-2.8336088328468056e-06,0.9999956242197497
stand,18,102529.248247177,264.514,velodyne_base_link,0.20011951487749596,-0.00045827092586381334,0.28803943557134853,0.0028617504965281833,0.0007496115123126087,-2.8336088328468056e-06,0.9999956242197497
stand,18,102529.248247177,264.514,gps_frame,0.00010474764521352653,-0.00040076076577254634,0.27833945713851854,0.0028617504965281833,0.0007496115123126087,-2.8336088328468056e-06,0.9999956242197497
stand,19,102529.34851626,264.61400000000003,trunk,-1.1171254660751195e-07,-1.0026885703364756e-07,0.20761977919644553,-0.0002851398765625012,0.0030043693594871738,-1.9056066719862642e-06,0.9999954462178171
stand,19,102529.34851626,264.61400000000003,imu_link,-1.1171254660751195e-07,-1.0026885703364756e-07,0.20761977919644553,-0.0002851398765625012,0.0030043693594871738,-1.9056066719862642e-06,0.9999954462178171
stand,19,102529.34851626,264.61400000000003,rf_hip_link,0.19339745255579024,-0.046500822430920366,0.20710851236018243,-0.010701897610638316,0.0023215958077535204,2.2939565921313787e-05,0.9999400377293697
stand,19,102529.34851626,264.61400000000003,rf_upper_leg_link,0.193406579236959,-0.1419789469834301,0.20915244206521652,-0.009349404431796993,0.49047821147456555,-0.005207665068239855,0.8713877397175261
stand,19,102529.34851626,264.61400000000003,rf_lower_leg_link,0.011314843674451028,-0.1443614415060095,0.09867202045268103,-0.009101598000232507,-0.5222008331273742,0.005629569480380753,0.8527553920922365
stand,19,102529.34851626,264.61400000000003,rf_foot_link,0.20103855055890327,-0.14641547330879218,0.0018748304140456806,-0.009101598000232507,-0.5222008331273742,0.005629569480380753,0.8527553920922365
stand,19,102529.34851626,264.61400000000003,lf_hip_link,0.19339815677892738,0.04649914711494064,0.20718377173171257,0.011643581956126732,0.002321528759405749,-2.8940240416934534e-05,0.9999295158489486
stand,19,102529.34851626,264.61400000000003,lf_upper_leg_link,0.1934088468791212,0.14197325251182413,0.2094075263014771,0.010184062086990435,0.4889251925865356,0.005644352727716382,0.8722480049939424
stand,19,102529.34851626,264.61400000000003,lf_lower_leg_link,0.01171068521086809,0.14458180455073474,0.09828609046375182,0.009913941897440588,-0.5203037067750069,-0.006106356881212196,0.8539019140849147
stand,19,102529.34851626,264.61400000000003,lf_foot_link,0.2010033034849476,0.14683465180749714,0.0006529539465768286,0.009913941897440588,-0.5203037067750069,-0.006106356881212196,0.8539019140849147
stand,19,102529.34851626,264.61400000000003,rh_hip_link,-0.19339837748235486,-0.04649934695121003,0.20890458110202179,-0.0104142954048955,0.002321602309582093,2.2271829886081747e-05,0.9999430744386909
stand,19,102529.34851626,264.61400000000003,rh_upper_leg_link,-0.19338950583522085,-0.14197863146465042,0.21089358841608166,-0.009100062667053746,0.49014620277996823,-0.005064277270305074,0.87157801822646
stand,19,102529.34851626,264.61400000000003,rh_lower_leg_link,-0.37539661762932436,-0.1442999814252311,0.10027251180439237,-0.008911685310958484,-0.5135982982808507,0.005388869058836073,0.85796755763735
stand,19,102529.34851626,264.61400000000003,rh_foot_link,-0.1876589707954555,-0.1463781043816532,-0.0003220077593469317,-0.008911685310958484,-0.5135982982808507,0.005388869058836073,0.85796755763735
stand,19,102529.34851626,264.61400000000003,lh_hip_link,-0.19339767325921772,0.04650062259465097,0.20897984047355192,0.008550014466707587,0.002321607182797616,-2.1757919153752742e-05,0.9999607526894747
stand,19,102529.34851626,264.61400000000003,lh_upper_leg_link,-0.19338972635273705,0.14198665987948053,0.21061281949571595,0.007484138923626798,0.48775574794412746,0.004134112402899714,0.8729382722315919
stand,19,102529.34851626,264.61400000000003,lh_lower_leg_link,-0.3747854680178827,0.14391079717463198,0.09898449602258828,0.007302206689167778,-0.5160013921825309,-0.004447583417613242,0.8565450718116951
stand,19,102529.34851626,264.61400000000003,lh_foot_link,-0.1864888132456833,0.1455976335995384,-0.0005671206617973157,0.007302206689167778,-0.5160013921825309,-0.004447583417613242,0.8565450718116951
stand,19,102529.34851626,264.61400000000003,d435_link,0.34024314872404576,0.01752168457296285,0.24706608172829445,-0.0002851398765625012,0.0030043693594871738,-1.9056066719862642e-06,0.9999954462178171
stand,19,102529.34851626,264.61400000000003,velodyne_base_link,0.20047697478735887,4.441608221414442e-05,0.2864165799360943,-0.0002851398765625012,0.0030043693594871738,-1.9056066719862642e-06,0.9999954462178171
stand,19,102529.34851626,264.61400000000003,gps_frame,0.0004204981584785077,3.9818330556150476e-05,0.2776185041408459,-0.0002851398765625012,0.0030043693594871738,-1.9056066719862642e-06,0.9999954462178171
stand,20,102529.443011895,264.704,trunk,-9.642340391169358e-08,-1.1495099505831072e-07,0.2084614572777235,0.0002720436291836918,0.00038729347427900364,-5.209608697726207e-07,0.9999998879978724
stand,20,102529.443011895,264.704,imu_link,-9.642340391169358e-08,-1.1495099505831072e-07,0.2084614572777235,0.0002720436291836918,0.00038729347427900364,-5.209608697726207e-07,0.9999998879978724
stand,20,102529.443011895,264.704,rf_hip_link,0.19339934341648277,-0.04649997483372014,0.2076676853119454,-0.009881549597316705,0.0009446836077421393,9.26344888075874e-06,0.9999507300185472
stand,20,102529.443011895,264.704,rf_upper_leg_link,0.1934028956211881,-0.1419813246180433,0.20955496662260728,-0.00864756222677622,0.48552547435135446,-0.004781712641904381,0.874166670977358
stand,20,102529.443011895,264.704,rf_lower_leg_link,0.01257802054137184,-0.1442126135241291,0.09700992718422771,-0.008434236209417863,-0.5194053674543315,0.005148666605972828,0.8544708416039574
stand,20,102529.443011895,264.704,rf_foot_link,0.20166245148427375,-0.14614348572072428,-0.0010326641093492683,-0.008434236209417863,-0.5194053674543315,0.005148666605972828,0.8544708416039574
stand,20,102529.443011895,264.704,lf_hip_link,0.19339979990681824,0.04649972947815351,0.20790220118706615,0.012223872488604345,0.0009446575577167003,-1.162019236454748e-05,0.9999248393896674
stand,20,102529.443011895,264.704,lf_upper_leg_link,0.1934042247450886,0.141971189648167,0.21023678325380307,0.010699120863478758,0.4852671817917651,0.0059120221917041554,0.874280469347355
stand,20,102529.443011895,264.704,lf_lower_leg_link,0.012642680891499423,0.14473385164677827,0.09760183325004808,0.010429819305790492,-0.5198725325817972,-0.006375112775087878,0.8541563830314339
stand,20,102529.443011895,264.704,lf_foot_link,0.20183734649508808,0.14711708764924933,-0.00021789223158877324,0.010429819305790492,-0.5198725325817972,-0.006375112775087878,0.8541563830314339
stand,20,102529.443011895,264.704,rh_hip_link,-0.19339996613551438,-0.04649991917671779,0.2083985273572364,-0.008818632200029167,0.0009446929207607634,8.259278804361559e-06,0.9999606688331248
stand,20,102529.443011895,264.704,rh_upper_leg_link,-0.1933967974735212,-0.1419850654233776,0.2100828183693728,-0.007694142493802961,0.49025937792835045,-0.004309119791805887,0.8715319695864356
stand,20,102529.443011895,264.704,rh_lower_leg_link,-0.3754308047499792,-0.1439417280568261,0.0994989512538966,-0.007546834720754655,-0.5157047740588034,0.004562195501366596,0.8567209683851933
stand,20,102529.443011895,264.704,rh_foot_link,-0.1872029077100376,-0.14569377470111058,-0.00018148367933096266,-0.007546834720754655,-0.5157047740588034,0.004562195501366596,0.8567209683851933
stand,20,102529.443011895,264.704,lh_hip_link,-0.1933995096451789,0.04649978513515587,0.20863304323235715,0.010011222085909453,0.0009446809579994153,-9.529838150620334e-06,0.9999494401815606
stand,20,102529.443011895,264.704,lh_upper_leg_link,-0.1933958831726447,0.1419806422253879,0.21054508825363438,0.00874850102726093,0.48779348501368214,0.004867071835018548,0.8729016504278907
stand,20,102529.443011895,264.704,lh_lower_leg_link,-0.37480300652109383,0.14422244807807258,0.09894119089803377,0.008545990994014924,-0.5192162289517864,-0.005214469906081754,0.8545842749165321
stand,20,102529.443011895,264.704,lh_foot_link,-0.18576184830721867,0.1461802725596782,0.0008157231312209412,0.008545990994014924,-0.5192162289517864,-0.005214469906081754,0.8545842749165321
stand,20,102529.443011895,264.704,d435_link,0.3400319688432271,0.01747702021522432,0.24970760057490185,0.0002720436291836918,0.00038729347427900364,-5.209608697726207e-07,0.9999998879978724
stand,20,102529.443011895,264.704,velodyne_base_link,0.20006181050426183,-4.380819910734256e-05,0.2883065040080379,0.0002720436291836918,0.00038729347427900364,-5.209608697726207e-07,0.9999998879978724
stand,20,102529.443011895,264.704,gps_frame,5.4124637080899806e-05,-3.820108306211437e-05,0.2784614259171675,0.0002720436291836918,0.00038729347427900364,-5.209608697726207e-07,0.9999998879978724
stand,21,102529.543351932,264.80400000000003,trunk,-9.265408084642798e-08,-8.753069174720343e-08,0.2064504959050822,-0.0022991206715614197,0.0005485234672186301,-8.67590619869916e-07,0.9999972065787939
stand,21,102529.543351932,264.80400000000003,imu_link,-9.265408084642798e-08,-8.753069174720343e-08,0.2064504959050822,-0.0022991206715614197,0.0005485234672186301,-8.67590619869916e-07,0.9999972065787939
stand,21,102529.543351932,264.80400000000003,rf_hip_link,0.19339987836742728,-0.04650016502807355,0.20772023530471181,-0.013083836196481019,0.00044397306488732605,4.3066012233759576e-06,0.9999143043780074
stand,21,102529.543351932,264.80400000000003,rf_upper_leg_link,0.19340181035210469,-0.14196746835153437,0.21021903349859597,-0.011449198249153187,0.48464166806742603,-0.0063326651273179265,0.8746149248581685
stand,21,102529.543351932,264.80400000000003,rf_lower_leg_link,0.012800243495738934,-0.14492585358500543,0.09733271012044709,-0.011124883503961812,-0.525633165937086,0.006886490774439425,0.8506107147683908
stand,21,102529.543351932,264.80400000000003,rf_foot_link,0.203301400426447,-0.14741504705561478,0.0020850690791719695,-0.011124883503961812,-0.525633165937086,0.006886490774439425,0.8506107147683908
stand,21,102529.543351932,264.80400000000003,lf_hip_link,0.19339977487224785,0.046498834881637724,0.20728893983429048,0.009263150847064743,0.00044395844082717424,-5.615334170588664e-06,0.9999569975282714
stand,21,102529.543351932,264.80400000000003,lf_upper_leg_link,0.19340163283366846,0.1419824459365645,0.20905812508729057,0.008109542750020496,0.4841843942504037,0.004476752342161022,0.8749169482695042
stand,21,102529.543351932,264.80400000000003,lf_lower_leg_link,0.012923564658129555,0.14408160471816525,0.09595524961528888,0.007878323928794301,-0.525056836172883,-0.00487216658381477,0.8510167523574227
stand,21,102529.543351932,264.80400000000003,lf_foot_link,0.2032904181186933,0.14584798018007872,0.0004233647744057434,0.007878323928794301,-0.525056836172883,-0.00487216658381477,0.8510167523574227
stand,21,102529.543351932,264.80400000000003,rh_hip_link,-0.19339996913231783,-0.046499002586782884,0.2080637070248339,-0.01265845074061276,0.00044397485682901104,4.117725488927977e-06,0.9999197800294873
stand,21,102529.543351932,264.80400000000003,rh_upper_leg_link,-0.19339810928337495,-0.14196839743589018,0.210481276814147,-0.011056326020023263,0.48757468460004705,-0.006163931135820677,0.8729895134221582
stand,21,102529.543351932,264.80400000000003,rh_lower_leg_link,-0.37475301328719096,-0.14479988307031355,0.09880593717791089,-0.010805882840228802,-0.5201490720376012,0.006593124308810789,0.8539816780624243
stand,21,102529.543351932,264.80400000000003,rh_foot_link,-0.18549440995348182,-0.14727009453844328,0.0011121343065084999,-0.010805882840228802,-0.5201490720376012,0.006593124308810789,0.8539816780624243
stand,21,102529.543351932,264.80400000000003,lh_hip_link,-0.19340007262749725,0.046499997322928394,0.20763241155441256,0.006419165628509246,0.0004439726156963416,-4.352662551987665e-06,0.9999792983767237
stand,21,102529.543351932,264.80400000000003,lh_upper_leg_link,-0.19339869694881318,0.1419921270330228,0.20885844643891202,0.005614147456164392,0.48583195769471216,0.0031124033563066154,0.8740286626742921
stand,21,102529.543351932,264.80400000000003,lh_lower_leg_link,-0.3742989706264571,0.14343832068421122,0.096421799800564,0.005465100857541602,-0.5235955664301066,-0.00336725094532674,0.8519427663337625
stand,21,102529.543351932,264.80400000000003,lh_foot_link,-0.18426383925878706,0.14467068563734348,0.00022341040295173475,0.005465100857541602,-0.5235955664301066,-0.00336725094532674,0.8519427663337625
stand,21,102529.543351932,264.80400000000003,d435_link,0.34004521646086233,0.017689106381316627,0.24749656962311473,-0.0022991206715614197,0.0005485234672186301,-8.67590619869916e-07,0.9999972065787939
stand,21,102529.543351932,264.80400000000003,velodyne_base_link,0.20008755082316562,0.00036691918909362227,0.2862301940355587,-0.0022991206715614197,0.0005485234672186301,-8.67590619869916e-07,0.9999972065787939
stand,21,102529.543351932,264.80400000000003,gps_frame,7.670069607114387e-05,0.0003217883975639761,0.2764497137483423,-0.0022991206715614197,0.0005485234672186301,-8.67590619869916e-07,0.9999972065787939
stand,22,102529.645620101,264.904,trunk,-7.682636374619976e-08,-1.0032266867522836e-07,0.20667089340621622,0.00023463956992769575,0.000791850546443814,-2.1203228349182696e-06,0.9999996589561861
stand,22,102529.645620101,264.904,imu_link,-7.682636374619976e-08,-1.0032266867522836e-07,0.20667089340621622,0.00023463956992769575,0.000791850546443814,-2.1203228349182696e-06,0.9999996589561861
stand,22,102529.645620101,264.904,rf_hip_link,0.19339964910374807,-0.046500931343635976,0.20575315372244063,-0.011595918851085884,0.0006128213922879402,4.929035190237463e-06,0.9999325772729103
stand,22,102529.645620101,264.904,rf_upper_leg_link,0.1934019477753774,-0.14197524846020138,0.2079678243168218,-0.010150244457949167,0.4844035860969994,-0.00560695066325976,0.8747677980001725
stand,22,102529.645620101,264.904,rf_lower_leg_link,0.0128641828389282,-0.14460072053393563,0.09497126539513838,-0.009869629907119239,-0.5240367963758678,0.006087344560056899,0.8516166806056706
stand,22,102529.645620101,264.904,rf_foot_link,0.20300440807098874,-0.14682237397326733,-0.0010014338723970395,-0.009869629907119239,-0.5240367963758678,0.006087344560056899,0.8516166806056706
stand,22,102529.645620101,264.904,lf_hip_link,0.19339989881216438,0.04649898233016896,0.2056264390726276,0.010755041231376153,0.0006127784818357473,-8.768490902821698e-06,0.9999419750734325
stand,22,102529.645620101,264.904,lf_upper_leg_link,0.19340283227419477,0.1419768891713129,0.20768053172599898,0.009417132276494123,0.4842563054560131,0.005195056155812604,0.8748600800341261
stand,22,102529.645620101,264.904,lf_lower_leg_link,0.012904317952821097,0.14441485922420286,0.09461708657329684,0.009149932009006613,-0.5243130644141438,-0.0056524094867224555,0.8514576557268569
stand,22,102529.645620101,264.904,lf_foot_link,0.20310568908327353,0.1464712240673573,-0.001238063438206205,0.009149932009006613,-0.5243130644141438,-0.0056524094867224555,0.8514576557268569
stand,22,102529.645620101,264.904,rh_hip_link,-0.19340006035193144,-0.046499246810857674,0.20622724460425754,-0.010784232937309334,0.0006128251914681569,4.43158387633587e-06,0.9999416606710612
stand,22,102529.645620101,264.904,rh_upper_leg_link,-0.193397951678515,-0.14197703356821778,0.20828691240989014,-0.009418737012197666,0.4879044546190238,-0.005252341647317032,0.8728304207938836
stand,22,102529.645620101,264.904,rh_lower_leg_link,-0.3748344703636,-0.14438747759120907,0.09673432639303067,-0.009210425502275696,-0.519263143737846,0.005609613333565216,0.8545463637836183
stand,22,102529.645620101,264.904,rh_foot_link,-0.18578159250751022,-0.14649953028240595,-0.0013653607000482515,-0.009210425502275696,-0.519263143737846,0.005609613333565216,0.8545463637836183
stand,22,102529.645620101,264.904,lh_hip_link,-0.19339981064351514,0.046500666862947265,0.2061005299544445,0.008295378928578987,0.0006127981965234862,-7.261168721281846e-06,0.9999654049586301
stand,22,102529.645620101,264.904,lh_upper_leg_link,-0.19339745288015853,0.14198752351036728,0.2076848916669389,0.007256800802799447,0.48576868267801804,0.004018980766534315,0.8740480384767016
stand,22,102529.645620101,264.904,lh_lower_leg_link,-0.37428315711551857,0.14385787545160195,0.09523106208833468,0.00706489260188321,-0.5227994181950503,-0.004347488564348315,0.8524153652830431
stand,22,102529.645620101,264.904,lh_foot_link,-0.18442647122657446,0.145455102179362,-0.0013136824089549914,0.00706489260188321,-0.5227994181950503,-0.004347488564348315,0.8524153652830431
stand,22,102529.645620101,264.904,d435_link,0.34006530103792554,0.017479107057810833,0.24764059059045654,0.00023463956992769575,0.000791850546443814,-2.1203228349182696e-06,0.9999996589561861
stand,22,102529.645620101,264.904,velodyne_base_link,0.200126368325543,-3.841671874618629e-05,0.2863540439633738,0.00023463956992769575,0.000791850546443814,-2.1203228349182696e-06,0.9999996589561861
stand,22,102529.645620101,264.904,gps_frame,0.0001107821426789562,-3.2950086312451674e-05,0.27667079791459404,0.00023463956992769575,0.000791850546443814,-2.1203228349182696e-06,0.9999996589561861
stand,23,102529.749013015,265.009,trunk,-6.092622699600894e-08,-9.554140615765624e-08,0.20766398339084272,-0.0011229744299654652,0.001059544893767613,-1.4186801515715916e-06,0.9999988081448073
stand,23,102529.749013015,265.009,imu_link,-6.092622699600894e-08,-9.554140615765624e-08,0.20766398339084272,-0.0011229744299654652,0.001059544893767613,-1.4186801515715916e-06,0.9999988081448073
stand,23,102529.749013015,265.009,rf_hip_link,0.1933997545362555,-0.04650076667113302,0.20694668179104914,-0.01287372002474701,0.0005394612585075438,4.7075158775072755e-06,0.9999169847002872
stand,23,102529.749013015,265.009,rf_upper_leg_link,0.19340198006792853,-0.14196911172745072,0.2094053577060233,-0.011259216501646723,0.48561596832316845,-0.006242013553760043,0.87407745573268
stand,23,102529.749013015,265.009,rf_lower_leg_link,0.012549537466930265,-0.1448702594225784,0.09691990376950886,-0.010976680163582286,-0.5216796910156547,0.006726453896571156,0.8530442938630882
stand,23,102529.749013015,265.009,rf_foot_link,0.2021577572404524,-0.14736429345776872,-9.299634458456718e-05,-0.010976680163582286,-0.5216796910156547,0.006726453896571156,0.8530442938630882
stand,23,102529.749013015,265.009,lf_hip_link,0.19339988746148426,0.04649886268412269,0.20668411795615427,0.009478121326168066,0.0005394317146032124,-7.350878622212286e-06,0.9999549360723794
stand,23,102529.749013015,265.009,lf_upper_leg_link,0.193402267960685,0.14198170423008208,0.20849435679189832,0.008290162083930314,0.48585992802005223,0.004594349848579518,0.8739852947884424
stand,23,102529.749013015,265.009,lf_lower_leg_link,0.012491774303763569,0.14411735693741426,0.09608513887662828,0.008076229241133064,-0.5222483887349464,-0.004960782111083465,0.8527407493639807
stand,23,102529.749013015,265.009,lf_foot_link,0.20222473923098458,0.14594752506378977,-0.0006983953869804382,0.008076229241133064,-0.5222483887349464,-0.004960782111083465,0.8527407493639807
stand,23,102529.749013015,265.009,rh_hip_link,-0.1934000203147286,-0.04649903554918386,0.20736402125875308,-0.011938353827759889,0.0005394654260714182,4.2028811383760615e-06,0.9999285897839271
stand,23,102529.749013015,265.009,rh_upper_leg_link,-0.1933979875188911,-0.14197181340601572,0.20964408357539777,-0.010418449835498013,0.48902259288384065,-0.00582925491003871,0.8721894171218683
stand,23,102529.749013015,265.009,rh_lower_leg_link,-0.3751215199507599,-0.14462844497427993,0.09856528240616454,-0.010214250462405806,-0.5168661964191013,0.006180080684929757,0.8559829499992802
stand,23,102529.749013015,265.009,rh_foot_link,-0.18662002317976972,-0.14699229743813064,-0.0005840893347877074,-0.010214250462405806,-0.5168661964191013,0.006180080684929757,0.8559829499992802
stand,23,102529.749013015,265.009,lh_hip_link,-0.19339988738949984,0.046500593806071855,0.20710145742385822,0.006912489798792721,0.0005394487993547604,-5.966825872060853e-06,0.9999759629331955
stand,23,102529.749013015,265.009,lh_upper_leg_link,-0.19339803552669688,0.14199146733886503,0.20842171062484538,0.006043530577078533,0.4866161917102046,0.003355337387706524,0.8735885183624129
stand,23,102529.749013015,265.009,lh_lower_leg_link,-0.37450026142754334,0.1435450030402107,0.09631207544310272,0.005899307337657516,-0.5200024581817919,-0.0036028771499018166,0.8541367928698964
stand,23,102529.749013015,265.009,lh_foot_link,-0.18528193022307513,0.14489342530258828,-0.0014816099031327301,0.005899307337657516,-0.5200024581817919,-0.0036028771499018166,0.8541367928698964
stand,23,102529.749013015,265.009,d435_link,0.34008712594322604,0.01759129316906159,0.2484039928466459,-0.0011229744299654652,0.001059544893767613,-1.4186801515715916e-06,0.9999988081448073
stand,23,102529.749013015,265.009,velodyne_base_link,0.20016901725466885,0.00017853650462227753,0.28723978518260956,-0.0011229744299654652,0.001059544893767613,-1.4186801515715916e-06,0.9999988081448073
stand,23,102529.749013015,265.009,gps_frame,0.00014827540514491302,0.0001571204809680573,0.2776636496718694,-0.0011229744299654652,0.001059544893767613,-1.4186801515715916e-06,0.9999988081448073
stand,24,102529.843660565,265.10400000000004,trunk,-2.4256552292555617e-08,-1.0893686800167426e-07,0.2089247447187278,0.0009101872014451928,0.0015609145175239157,-1.326784923773294e-06,0.999998367550351
stand,24,102529.843660565,265.10400000000004,imu_link,-2.4256552292555617e-08,-1.0893686800167426e-07,0.2089247447187278,0.0009101872014451928,0.0015609145175239157,-1.326784923773294e-06,0.999998367550351
stand,24,102529.843660565,265.10400000000004,rf_hip_link,0.19339951344123932,-0.046500026582702275,0.20769285068065133,-0.0095589871525431,0.0007590921745075039,7.008758823292263e-06,0.9999540236903721
stand,24,102529.843660565,265.10400000000004,rf_upper_leg_link,0.19340223797772496,-0.14198257409436177,0.20951853226860287,-0.008361037005182762,0.48598720247523775,-0.00463328659842544,0.8739136483347695
stand,24,102529.843660565,265.10400000000004,rf_lower_leg_link,0.012458913387549592,-0.14413604940407387,0.09716250959805395,-0.008165408625170846,-0.5186249688122503,0.004969948338682191,0.8549484004546632
stand,24,102529.843660565,265.10400000000004,rf_foot_link,0.20136357345861908,-0.14601192495774024,-0.0012270756960249818,-0.008165408625170846,-0.5186249688122503,0.004969948338682191,0.8549484004546632
stand,24,102529.843660565,265.10400000000004,lf_hip_link,0.19339994584108966,0.04649962531439839,0.20794730466692207,0.012827556310930301,0.0007590588538961263,-9.98541039080304e-06,0.9999174353560587
stand,24,102529.843660565,265.10400000000004,lf_upper_leg_link,0.19340371263921255,0.1419681969709803,0.21039716418602225,0.01122011489646754,0.48599044501781163,0.006217340454613664,0.8738699794882365
stand,24,102529.843660565,265.10400000000004,lf_lower_leg_link,0.012455007135004897,0.14485790557052872,0.09806633333108189,0.01096849752057502,-0.5171501128036379,-0.006651192581759169,0.8557985829192323
stand,24,102529.843660565,265.10400000000004,lf_foot_link,0.20102360351765505,0.14739139557756306,-0.0009511695997709291,0.01096849752057502,-0.5171501128036379,-0.006651192581759169,0.8557985829192323
stand,24,102529.843660565,265.10400000000004,rh_hip_link,-0.19340004075624834,-0.04649983494979245,0.2082801092166089,-0.009788371532287248,0.0007590905467594957,7.182890723370123e-06,0.9999518045949484
stand,24,102529.843660565,265.10400000000004,rh_upper_leg_link,-0.19339724971052402,-0.14198153480644246,0.21014959703273967,-0.008541143187829312,0.489749270292996,-0.00478133264822763,0.8718083734276874
stand,24,102529.843660565,265.10400000000004,rh_lower_leg_link,-0.3753028079898243,-0.14415608843149297,0.09935862635539686,-0.008386493126255602,-0.514376076459497,0.005047672918412805,0.8575088569206067
stand,24,102529.843660565,265.10400000000004,rh_foot_link,-0.1873838248250105,-0.14611359674731486,-0.0008991610104525927,-0.008386493126255602,-0.514376076459497,0.005047672918412805,0.8575088569206067
stand,24,102529.843660565,265.10400000000004,lh_hip_link,-0.193399608356398,0.04649981694730822,0.20853456320287964,0.008805592625684155,0.0007590928770712965,-6.932249158513814e-06,0.9999609418714605
stand,24,102529.843660565,265.10400000000004,lh_upper_leg_link,-0.19339700765435966,0.14198500709198505,0.2102163646986771,0.007688550084169819,0.4887935803397795,0.004292401093653034,0.8723550293940386
stand,24,102529.843660565,265.10400000000004,lh_lower_leg_link,-0.3750581219012744,0.14394846121445815,0.0990211111197662,0.0075295914489663,-0.5171338385014786,-0.004565496923362787,0.8558592492736063
stand,24,102529.843660565,265.10400000000004,lh_foot_link,-0.18649852781996357,0.14568794596488105,-3.066156853193114e-05,0.0075295914489663,-0.5171338385014786,-0.004565496923362787,0.8558592492736063
stand,24,102529.843660565,265.10400000000004,d435_link,0.34012797070942097,0.01742438036168374,0.2493949091996329,0.0009101872014451928,0.0015609145175239157,-1.326784923773294e-06,0.999998367550351
stand,24,102529.843660565,265.10400000000004,velodyne_base_link,0.20024874688297703,-0.00014570140606190934,0.28829985706473527,0.0009101872014451928,0.0015609145175239157,-1.326784923773294e-06,0.999998367550351
stand,24,102529.843660565,265.10400000000004,gps_frame,0.00021850325009787374,-0.00012753522699315866,0.2789242876334456,0.0009101872014451928,0.0015609145175239157,-1.326784923773294e-06,0.999998367550351
stand,25,102529.946156024,265.204,trunk,1.6339761609044182e-09,-9.859630046501444e-08,0.20832945680422646,3.406078846184071e-05,0.0021359717771282723,-3.593901010331034e-07,0.9999977182295472
stand,25,102529.946156024,265.204,imu_link,1.6339761609044182e-09,-9.859630046501444e-08,0.20832945680422646,3.406078846184071e-05,0.0021359717771282723,-3.593901010331034e-07,0.9999977182295472
stand,25,102529.946156024,265.204,rf_hip_link,0.19339844486248667,-0.04650006821177804,0.20765616488246152,-0.010978923348009158,0.0019133207944589297,2.106549642334085e-05,0.9999378990726878
stand,25,102529.946156024,265.204,rf_upper_leg_link,0.1934064803070873,-0.14197704560626542,0.209753001319614,-0.009604529810987755,0.4877790093857852,-0.0053188540820789275,0.8728981044778282
stand,25,102529.946156024,265.204,rf_lower_leg_link,0.012001853288753304,-0.1444433089155115,0.09814978074946822,-0.009357585620945696,-0.5197174330527531,0.005742194091396644,0.8542676703349018
stand,25,102529.946156024,265.204,rf_foot_link,0.20115928670428368,-0.14657738339042123,0.00025232874082431467,-0.009357585620945696,-0.5197174330527531,0.005742194091396644,0.8542676703349018
stand,25,102529.946156024,265.204,lf_hip_link,0.19339872614583967,0.046499900471925995,0.2077324849384696,0.011328120326125646,0.0019133146350587653,-2.161769919437869e-05,0.9999340040470966
stand,25,102529.946156024,265.204,lf_upper_leg_link,0.19340699463724562,0.14197539005743343,0.20989600522719243,0.009913966924987755,0.48713851790011276,0.0054808792413579294,0.8732512454045706
stand,25,102529.946156024,265.204,lf_lower_leg_link,0.012165867736609557,0.14452603803783845,0.09802935195345053,0.009659154622731269,-0.5191556895211905,-0.005918404296959499,0.8546046122390922
stand,25,102529.946156024,265.204,lf_foot_link,0.20119485349493665,0.1467336487742527,-0.00011426219446369901,0.009659154622731269,-0.5191556895211905,-0.005918404296959499,0.8546046122390922
stand,25,102529.946156024,265.204,rh_hip_link,-0.19339872280208095,-0.0465001130696656,0.20913639684615756,-0.010115846505778101,0.001913338263944255,1.941405097599116e-05,0.9999470028002754
stand,25,102529.946156024,265.204,rh_upper_leg_link,-0.19339131810294993,-0.14198056790072575,0.211068414036639,-0.008832345663950103,0.49082624023463345,-0.004931571504737621,0.8711987552617945
stand,25,102529.946156024,265.204,rh_lower_leg_link,-0.3755705447965715,-0.14422737022012563,0.10072947602900904,-0.00865232326237323,-0.5147883244851753,0.005240995096089419,0.8572576335304994
stand,25,102529.946156024,265.204,rh_foot_link,-0.18755477699851128,-0.1462377779963301,0.0006543576434717424,-0.00865232326237323,-0.5147883244851753,0.005240995096089419,0.8572576335304994
stand,25,102529.946156024,265.204,lh_hip_link,-0.19339844151872795,0.04649985561403843,0.20921271690216564,0.008514368522093183,0.0019133678901239904,-1.6233751599114816e-05,0.999961921419237
stand,25,102529.946156024,265.204,lh_upper_leg_link,-0.1933922293864478,0.1419860091196793,0.2108388934321296,0.007447694645584314,0.48795044876945587,0.004126327584043352,0.8728298028887544
stand,25,102529.946156024,265.204,lh_lower_leg_link,-0.3748377387119748,0.14389752498869016,0.09929126569992452,0.00726972907267772,-0.5172884602626323,-0.004432355364201595,0.85576875039011
stand,25,102529.946156024,265.204,lh_foot_link,-0.18624263065826985,0.14557102367944172,0.0003059909347179479,0.00726972907267772,-0.5172884602626323,-0.004432355364201595,0.85576875039011
stand,25,102529.946156024,265.204,d435_link,0.34017419959553036,0.017496879347633113,0.2483778126261935,3.406078846184071e-05,0.0021359717771282723,-3.593901010331034e-07,0.9999977182295472
stand,25,102529.946156024,265.204,velodyne_base_link,0.2003399313863258,-5.663087402123923e-06,0.2874743398723064,3.406078846184071e-05,0.0021359717771282723,-3.593901010331034e-07,0.9999977182295472
stand,25,102529.946156024,265.204,gps_frame,0.0002990369987287432,-4.867203275072404e-06,0.2783288179092467,3.406078846184071e-05,0.0021359717771282723,-3.593901010331034e-07,0.9999977182295472
stand,26,102530.040382818,265.29400000000004,trunk,-3.5354693194711986e-09,-9.173385848407775e-08,0.20801817608507264,0.00012770163271172226,0.00047593512413703233,-2.1542542309849673e-07,0.9999998785889948
stand,26,102530.040382818,265.29400000000004,imu_link,-3.5354693194711986e-09,-9.173385848407775e-08,0.20801817608507264,0.00012770163271172226,0.00047593512413703233,-2.1542542309849673e-07,0.9999998785889948
stand,26,102530.040382818,265.29400000000004,rf_hip_link,0.1933998464048884,-0.04649997774471522,0.20757098475644734,-0.01019159105563508,0.00045584477623255513,4.741986736831796e-06,0.999947960473348
stand,26,102530.040382818,265.29400000000004,rf_upper_leg_link,0.19340163942187885,-0.14198013885152544,0.20951747693538145,-0.008916322675523312,0.48513750371491327,-0.004936369179638808,0.874378484375348
stand,26,102530.040382818,265.29400000000004,rf_lower_leg_link,0.012676332586663421,-0.14428114500096165,0.09681402162003873,-0.008685369786682573,-0.5223886261347043,0.005332251156905554,0.8526466177346653
stand,26,102530.040382818,265.29400000000004,rf_foot_link,0.2024419551051639,-0.1462492836667176,9.724468677702047e-05,-0.008685369786682573,-0.5223886261347043,0.005332251156905554,0.8526466177346653
stand,26,102530.040382818,265.29400000000004,lf_hip_link,0.19339998436661246,0.046499865242540114,0.20774187749127623,0.01219071765551469,0.00045583672435882866,-5.461426785545248e-06,0.9999255865243658
stand,26,102530.040382818,265.29400000000004,lf_upper_leg_link,0.19340208880407486,0.1419714800398244,0.21007013082163023,0.010665463148647355,0.4850873088286996,0.005904364708290411,0.8743807461206737
stand,26,102530.040382818,265.29400000000004,lf_lower_leg_link,0.012686935108367152,0.14472409745961673,0.09736052021953037,0.010386648898017053,-0.5227117362949478,-0.006382096164504356,0.8524223290791585
stand,26,102530.040382818,265.29400000000004,lf_foot_link,0.2025284863723476,0.14707468659748527,0.0008014183989852597,0.010386648898017053,-0.5227117362949478,-0.006382096164504356,0.8524223290791585
stand,26,102530.040382818,265.29400000000004,rh_hip_link,-0.19339999282792172,-0.04650005197660319,0.20792364531088534,-0.009171621370969349,0.00045584937600320647,4.27701463731514e-06,0.9999578358833342
stand,26,102530.040382818,265.29400000000004,rh_upper_leg_link,-0.19339837740489538,-0.1419839853131419,0.20967535075810978,-0.008004740440446858,0.4889111702806534,-0.004476917169922915,0.8722853597980059
stand,26,102530.040382818,265.29400000000004,rh_lower_leg_link,-0.3750898876684459,-0.14402606022623932,0.0985311874916592,-0.007839948744175955,-0.5181390036999959,0.004759607184838865,0.8552472474015397
stand,26,102530.040382818,265.29400000000004,rh_foot_link,-0.18629764789776176,-0.1458318556775475,-7.524893698657165e-05,-0.007839948744175955,-0.5181390036999959,0.004759607184838865,0.8552472474015397
stand,26,102530.040382818,265.29400000000004,lh_hip_link,-0.19339985486619765,0.046499791010652144,0.20809453804571423,0.009588095179093646,0.0004558493952019939,-4.2749679176486774e-06,0.9999539292456879
stand,26,102530.040382818,265.29400000000004,lh_upper_leg_link,-0.1933982035760118,0.14198223207745134,0.209925779482133,0.008380570763067115,0.48658369144252617,0.004658070536599262,0.8735813526138969
stand,26,102530.040382818,265.29400000000004,lh_lower_leg_link,-0.37449484061612176,0.14413547855076342,0.09781703057114109,0.00817717072176911,-0.5213690855034647,-0.005006542362324673,0.853277413912874
stand,26,102530.040382818,265.29400000000004,lh_foot_link,-0.18496173037403857,0.14599587962572366,0.000643273672466943,0.00817717072176911,-0.5213690855034647,-0.005006542362324673,0.853277413912874
stand,26,102530.040382818,265.29400000000004,d435_link,0.34003935471014646,0.01748920329219299,0.24919898962003745,0.00012770163271172226,0.00047593512413703233,-2.1542542309849673e-07,0.9999998785889948
stand,26,102530.040382818,265.29400000000004,velodyne_base_link,0.20007605546503007,-2.0585868098032877e-05,0.2878277631960154,0.00012770163271172226,0.00047593512413703233,-2.1542542309849673e-07,0.9999998785889948
stand,26,102530.040382818,265.29400000000004,gps_frame,6.662736996871346e-05,-1.7969974621505063e-05,0.27801814208999975,0.00012770163271172226,0.00047593512413703233,-2.1542542309849673e-07,0.9999998785889948
stand,27,102530.143733443,265.399,trunk,-8.301030693318603e-09,-9.771125461009866e-08,0.20656609511405075,-0.0009194749755312543,0.0012336815031461779,-3.336578953204917e-07,0.9999988162971029
stand,27,102530.143733443,265.399,imu_link,-8.301030693318603e-09,-9.771125461009866e-08,0.20656609511405075,-0.0009194749755312543,0.0012336815031461779,-3.336578953204917e-07,0.9999988162971029
stand,27,102530.143733443,265.399,rf_hip_link,0.1933995960866326,-0.04650039803434371,0.20659814375893037,-0.01214129333384583,0.0011123564027743448,1.2557665135177106e-05,0.9999256729886076
stand,27,102530.143733443,265.399,rf_upper_leg_link,0.1934045739624662,-0.14197224250249463,0.20891695575431732,-0.010618695288319028,0.486698401869863,-0.005886804896314651,0.873485692187232
stand,27,102530.143733443,265.399,rf_lower_leg_link,0.012275082093603729,-0.14470297912664035,0.09687388255111914,-0.010313512549627767,-0.5257942632581588,0.006406451467240918,0.8505251210653901
stand,27,102530.143733443,265.399,rf_foot_link,0.20281095292909856,-0.14700483863696082,0.001690988248863573,-0.010313512549627767,-0.5257942632581588,0.006406451467240918,0.8505251210653901
stand,27,102530.143733443,265.399,lf_hip_link,0.1933994359655411,0.046499478920330066,0.20644686127514383,0.010464456083280142,0.001112356041663086,-1.2589611684163747e-05,0.9999446272991417
stand,27,102530.143733443,265.399,lf_upper_leg_link,0.19340406372660357,0.1419785634654032,0.2084454590382289,0.009149904119431113,0.48724079674716286,0.005077819829655106,0.8732049593225938
stand,27,102530.143733443,265.399,lf_lower_leg_link,0.012137850975826148,0.1443282178728994,0.09661505512607618,0.008881589946231425,-0.5268177632966629,-0.005533747341921381,0.8499138422660758
stand,27,102530.143733443,265.399,lf_foot_link,0.202900164420882,0.14630200786444691,0.0018794022695115264,0.008881589946231425,-0.5268177632966629,-0.005533747341921381,0.8499138422660758
stand,27,102530.143733443,265.399,rh_hip_link,-0.1933994465876518,-0.04649966410949006,0.20745871666024412,-0.011066891907457757,0.0011123692535574268,1.1362459540967339e-05,0.9999381412912736
stand,27,102530.143733443,265.399,rh_upper_leg_link,-0.19339492519230161,-0.14197627115040104,0.20957235984499586,-0.009659231404507449,0.48990700109280333,-0.005401432612836887,0.8717044533869602
stand,27,102530.143733443,265.399,rh_lower_leg_link,-0.3753422040019546,-0.14443590798170367,0.09885588446567152,-0.00943386291403515,-0.5209689705046013,0.005786057043966389,0.8535038696724104
stand,27,102530.143733443,265.399,rh_foot_link,-0.18589846308587546,-0.14658187545071039,0.0015138901808642025,-0.00943386291403515,-0.5209689705046013,0.005786057043966389,0.8535038696724104
stand,27,102530.143733443,265.399,lh_hip_link,-0.1933996067087433,0.046500212845183714,0.20730743417645758,0.00783803626010274,0.0011123852717582034,-9.667932672220909e-06,0.9999686633555691
stand,27,102530.143733443,265.399,lh_upper_leg_link,-0.19339609487849413,0.14198847877815998,0.20880445013504295,0.006849551324705585,0.4881655314917324,0.003810321841240116,0.8727158638168042
stand,27,102530.143733443,265.399,lh_lower_leg_link,-0.3748959093419656,0.1437425952560579,0.0973426161957639,0.006661827882592141,-0.5248758336480365,-0.004129764538847871,0.851142716791018
stand,27,102530.143733443,265.399,lh_foot_link,-0.18457114179303616,0.145234682696752,0.001722239013307314,0.006661827882592141,-0.5248758336480365,-0.004129764538847871,0.851142716791018
stand,27,102530.143733443,265.399,d435_link,0.34010132420441563,0.017575190759207663,0.24719481479852856,-0.0009194749755312543,0.0012336815031461779,-3.336578953204917e-07,0.9999988162971029
stand,27,102530.143733443,265.399,velodyne_base_link,0.20019677176684414,0.00014643084612023303,0.28607224443494816,-0.0009194749755312543,0.0012336815031461779,-3.336578953204917e-07,0.9999988162971029
stand,27,102530.143733443,265.399,gps_frame,0.0001727069479166518,0.00012862857531797825,0.27656576367745134,-0.0009194749755312543,0.0012336815031461779,-3.336578953204917e-07,0.9999988162971029
stand,28,102530.247338348,265.499,trunk,-4.056600605490576e-09,-9.937469624190383e-08,0.20653669584725706,-0.001116371520219534,0.000876380684519764,-1.7595513903747743e-06,0.9999989928337072
stand,28,102530.247338348,265.499,imu_link,-4.056600605490576e-09,-9.937469624190383e-08,0.20653669584725706,-0.001116371520219534,0.000876380684519764,-1.7595513903747743e-06,0.9999989928337072
stand,28,102530.247338348,265.499,rf_hip_link,0.19339950275701434,-0.046501035672218693,0.20609268768035982,-0.012289024534255419,0.0010669301840222118,1.0432553082395847e-05,0.9999239178193212
stand,28,102530.247338348,265.499,rf_upper_leg_link,0.19340399952551104,-0.14197219080774595,0.20843971066004377,-0.01075209982351095,0.48587937760290806,-0.005950847185649384,0.8739394774166968
stand,28,102530.247338348,265.499,rf_lower_leg_link,0.01248471615461406,-0.14474344459232016,0.0960585153601959,-0.010469204277077168,-0.5220079917164179,0.006435525980564804,0.8528520600616208
stand,28,102530.247338348,265.499,rf_foot_link,0.20216673964509557,-0.14711596061667934,-0.0008130549391988373,-0.010469204277077168,-0.5220079917164179,0.006435525980564804,0.8528520600616208
stand,28,102530.247338348,265.499,lf_hip_link,0.19339959629250938,0.04649877076780642,0.20590294546283341,0.010212248418384522,0.0010668948172888365,-1.3575882428316822e-05,0.9999472843772242
stand,28,102530.247338348,265.499,lf_upper_leg_link,0.19340427016978984,0.14197885133921234,0.20785337932039175,0.008935694690413293,0.48619835689601315,0.004944043129170764,0.8737888003113531
stand,28,102530.247338348,265.499,lf_lower_leg_link,0.012405876898025288,0.144281008290015,0.09558904078667259,0.008690927115613306,-0.5230505897379288,-0.005362647474380384,0.8522404533772974
stand,28,102530.247338348,265.499,lf_foot_link,0.2023215665753824,0.14624138520378668,-0.0008328848149753709,0.008690927115613306,-0.5230505897379288,-0.005362647474380384,0.8522404533772974
stand,28,102530.247338348,265.499,rh_hip_link,-0.19339961653895074,-0.046498962600710285,0.20691810125430773,-0.01107637040432849,0.001066942051384682,9.138639315230307e-06,0.9999380858682254
stand,28,102530.247338348,265.499,rh_upper_leg_link,-0.19339561395844745,-0.14197552956232418,0.2090335551544917,-0.009666695379167022,0.48982168986470404,-0.005407500836338683,0.8717522733398733
stand,28,102530.247338348,265.499,rh_lower_leg_link,-0.3753212332447663,-0.14443706511662,0.09828153535347703,-0.009464014447883974,-0.5179130157793636,0.005754867103492142,0.8553615738513604
stand,28,102530.247338348,265.499,rh_foot_link,-0.18657879940109023,-0.14661589907968495,-0.00041267090670329964,-0.009464014447883974,-0.5179130157793636,0.005754867103492142,0.8553615738513604
stand,28,102530.247338348,265.499,lh_hip_link,-0.1933995230034557,0.046500843839314826,0.20672835903678133,0.0077522175616295185,0.001066924987164113,-1.0951141782715934e-05,0.9999693818682758
stand,28,102530.247338348,265.499,lh_upper_leg_link,-0.19339585163180528,0.14198936531287817,0.2082089850239417,0.006776399751315471,0.4878556397807895,0.0037652892930975547,0.8728899001231635
stand,28,102530.247338348,265.499,lh_lower_leg_link,-0.3748163761175804,0.14372665009232077,0.09661787813409425,0.006603440390867354,-0.5217177771504014,-0.004060981661446531,0.8530829174284255
stand,28,102530.247338348,265.499,lh_foot_link,-0.1852057613388958,0.1452238679321942,-0.0004108449430915706,0.006603440390867354,-0.5217177771504014,-0.004060981661446531,0.8530829174284255
stand,28,102530.247338348,265.499,d435_link,0.3400722406999868,0.01759065383715612,0.24740151871063665,-0.001116371520219534,0.000876380684519764,-1.7595513903747743e-06,0.9999989928337072
stand,28,102530.247338348,265.499,velodyne_base_link,0.2001399098075068,0.0001774244754913919,0.28618582241968277,-0.001116371520219534,0.000876380684519764,-1.7595513903747743e-06,0.9999989928337072
stand,28,102530.247338348,265.499,gps_frame,0.00012268939066343809,0.00015619226483728647,0.27653641384127053,-0.001116371520219534,0.000876380684519764,-1.7595513903747743e-06,0.9999989928337072
stand,29,102530.34925345,265.599,trunk,1.4449156933517677e-08,-8.496736570888915e-08,0.20814591165098464,-0.0005274486304759127,0.0013005502421605762,-1.5248111167449728e-06,0.9999990151818574
stand,29,102530.34925345,265.599,imu_link,1.4449156933517677e-08,-8.496736570888915e-08,0.20814591165098464,-0.0005274486304759127,0.0013005502421605762,-1.5248111167449728e-06,0.9999990151818574
stand,29,102530.34925345,265.599,rf_hip_link,0.19339952631867038,-0.04650091072955316,0.20740510039500018,-0.011494181195751699,0.0010222903051833197,9.517900030660096e-06,0.9999334170986489
stand,29,102530.34925345,265.599,rf_upper_leg_link,0.19340358844102437,-0.1419756765177905,0.20960034096960475,-0.010061188518931018,0.4851154539718297,-0.00555776731590335,0.8743745650610809
stand,29,102530.34925345,265.599,rf_lower_leg_link,0.012682233887520418,-0.14457474022761452,0.09689702745940232,-0.009817243951753278,-0.5184845952305868,0.005978127896169222,0.8550097123522186
stand,29,102530.34925345,265.599,rf_foot_link,0.20155702462190153,-0.1468300999738585,-0.0015419220344781437,-0.009817243951753278,-0.5184845952305868,0.005978127896169222,0.8550097123522186
stand,29,102530.34925345,265.599,lf_hip_link,0.19339968811800573,0.04649900658834559,0.2072810889527213,0.010773057816592805,0.001022248788161967,-1.3246644638853072e-05,0.9999414463143439
stand,29,102530.34925345,265.599,lf_upper_leg_link,0.19340432151333642,0.14197683932885866,0.2093386199260615,0.009432322609301925,0.4850757338117884,0.005204828564640465,0.8744057830988778
stand,29,102530.34925345,265.599,lf_lower_leg_link,0.012694218176882637,0.1444148123662259,0.09661366776551598,0.009196356893414262,-0.5189040907268915,-0.005611236056538474,0.8547645790957324
stand,29,102530.34925345,265.599,lf_foot_link,0.20166459745952436,0.14652309777682387,-0.0016449241560153316,0.009196356893414262,-0.5189040907268915,-0.005611236056538474,0.8547645790957324
stand,29,102530.34925345,265.599,rh_hip_link,-0.19339966513931955,-0.04649918318505793,0.2081959761506183,-0.010617949095093369,0.0010222982530893922,8.622077659996702e-06,0.9999431053759786
stand,29,102530.34925345,265.599,rh_upper_leg_link,-0.19339594516641653,-0.14197764966984858,0.21022388736033684,-0.009274543695174005,0.4884382837910553,-0.005169502545944369,0.8725338400371199
stand,29,102530.34925345,265.599,rh_lower_leg_link,-0.37496859440827385,-0.14434934940629476,0.09889218438381005,-0.009098406138599503,-0.513899361207205,0.005473565845343613,0.8577847664965265
stand,29,102530.34925345,265.599,rh_foot_link,-0.1871601707446003,-0.14647577620078597,-0.0015691231432860275,-0.009098406138599503,-0.513899361207205,0.005473565845343613,0.8577847664965265
stand,29,102530.34925345,265.599,lh_hip_link,-0.1933995033399842,0.046500734132840824,0.2080719647083394,0.008242040630075866,0.0010222790425664962,-1.0659156726762269e-05,0.9999655112043584
stand,29,102530.34925345,265.599,lh_upper_leg_link,-0.1933958582091729,0.141987759245494,0.2096461380941386,0.00720906381819281,0.4867281373544037,0.003995090265646926,0.8735146186299044
stand,29,102530.34925345,265.599,lh_lower_leg_link,-0.3745280524120717,0.14384200935529545,0.09758950071922155,0.007042293341365962,-0.5175609262835923,-0.004282225106133044,0.8556066597666854
stand,29,102530.34925345,265.599,lh_foot_link,-0.18587023255936505,0.1454646947694136,-0.0012770451922772263,0.007042293341365962,-0.5175609262835923,-0.004282225106133044,0.8556066597666854
stand,29,102530.34925345,265.599,d435_link,0.34010683926435387,0.017542179991619795,0.24874291467132698,-0.0005274486304759127,0.0013005502421605762,-1.5248111167449728e-06,0.9999990151818574
stand,29,102530.34925345,265.599,velodyne_base_link,0.20020742583835227,8.342209988125508e-05,0.287625377246868,-0.0005274486304759127,0.0013005502421605762,-1.5248111167449728e-06,0.9999990151818574
stand,29,102530.34925345,265.599,gps_frame,0.00018209141634298277,7.375749054609621e-05,0.278145635902366,-0.0005274486304759127,0.0013005502421605762,-1.5248111167449728e-06,0.9999990151818574
stand,30,102530.440559887,265.689,trunk,-7.104166511626583e-09,-1.1676225002685643e-07,0.20928107129524165,-0.00017693700987633738,0.001312432539616212,-1.5316617776911611e-06,0.9999991231055042
stand,30,102530.440559887,265.689,imu_link,-7.104166511626583e-09,-1.1676225002685643e-07,0.20928107129524165,-0.00017693700987633738,0.001312432539616212,-1.5316617776911611e-06,0.9999991231055042
stand,30,102530.440559887,265.689,rf_hip_link,0.1933998702612803,-0.04650058599369549,0.2094342660480805,-0.010677072767446286,-0.00012764016954154103,-2.7033206839015507e-06,0.999942990283845
stand,30,102530.440559887,265.689,rf_upper_leg_link,0.19339909365720054,-0.14197881201466936,0.21147347061965216,-0.009326196120582303,0.48650191169230295,-0.005198264721012334,0.8736142684443434
stand,30,102530.440559887,265.689,rf_lower_leg_link,0.012322046186133032,-0.14437230676466956,0.09933795411376303,-0.009111450224792875,-0.5216076239700207,0.005566090637997882,0.853118682673261
stand,30,102530.440559887,265.689,rf_foot_link,0.20191075789168172,-0.14644685566549556,0.002277062706932953,-0.009111450224792875,-0.5216076239700207,0.005566090637997882,0.853118682673261
stand,30,102530.440559887,265.689,lf_hip_link,0.19340010106097585,0.04649938576762313,0.20950673908218628,0.011990097869244163,-0.00012766865143675848,1.9043012584316632e-07,0.9999281080426559
stand,30,102530.440559887,265.689,lf_upper_leg_link,0.1933997723163482,0.14197192714025564,0.2117966831301719,0.010467858755719896,0.4874846771701528,0.005846912007257786,0.8730492122883804
stand,30,102530.440559887,265.689,lf_lower_leg_link,0.012068902824872763,0.1446509030432933,0.1000785607973271,0.01022618236918163,-0.522182659343134,-0.006260003282950881,0.8527493816089122
stand,30,102530.440559887,265.689,lf_foot_link,0.2017901139858569,0.14697324439896747,0.0032825445247705587,0.01022618236918163,-0.522182659343134,-0.006260003282950881,0.8527493816089122
stand,30,102530.440559887,265.689,rh_hip_link,-0.19340011712956515,-0.04649954910420361,0.2093355069133578,-0.010225849655591385,-0.00012764137641358247,-2.645723069316287e-06,0.9999477064824442
stand,30,102530.440559887,265.689,rh_upper_leg_link,-0.193400871737377,-0.14197957661464156,0.21128854199665548,-0.00892307585185138,0.48807294262239337,-0.004994669710873354,0.8727429373370714
stand,30,102530.440559887,265.689,rh_lower_leg_link,-0.3748797606119455,-0.144258586424398,0.09980213472142271,-0.008764303949916072,-0.5154984924826042,0.005268299958439582,0.8568294674204335
stand,30,102530.440559887,265.689,rh_foot_link,-0.18669831964557587,-0.14630070824725536,3.954145981302504e-05,-0.008764303949916072,-0.5154984924826042,0.005268299958439582,0.8568294674204335
stand,30,102530.440559887,265.689,lh_hip_link,-0.1933998863298696,0.04650042265711501,0.2094079799474636,0.008589451042458604,-0.00012766856077193282,-2.4374933160386017e-07,0.9999631018349969
stand,30,102530.440559887,265.689,lh_upper_leg_link,-0.19340004922660992,0.14198633093128438,0.21104850456793542,0.007503711382653097,0.48654688676949936,0.004180069946310619,0.8736122413895296
stand,30,102530.440559887,265.689,lh_lower_leg_link,-0.37448612389929065,0.14391250445826081,0.09891856469822762,0.007345721711657482,-0.5183594780690437,-0.004451858241800917,0.8551196833348641
stand,30,102530.440559887,265.689,lh_foot_link,-0.18564369149243648,0.14560534679801465,0.0004062811622366491,0.007345721711657482,-0.5183594780690437,-0.004451858241800917,0.8551196833348641
stand,30,102530.440559887,265.689,d435_link,0.340107798916651,0.017513368296768018,0.24988227971067584,-0.00017693700987633738,0.001312432539616212,-1.5316617776911611e-06,0.9999991231055042
stand,30,102530.440559887,265.689,velodyne_base_link,0.20020929296878812,2.7487261543407838e-05,0.2887558182424039,-0.00017693700987633738,0.001312432539616212,-1.5316617776911611e-06,0.9999991231055042
stand,30,102530.440559887,265.689,gps_frame,0.00018373332819974792,2.465411598256182e-05,0.27928082576521895,-0.00017693700987633738,0.001312432539616212,-1.5316617776911611e-06,0.9999991231055042
stand,31,102530.545504662,265.79400000000004,trunk,4.7019415445249515e-08,-1.0906986509702746e-07,0.20733735871210437,-0.0018831707826451353,0.0032040527692708595,-1.5246602079698105e-06,0.9999930938318177
stand,31,102530.545504662,265.79400000000004,imu_link,4.7019415445249515e-08,-1.0906986509702746e-07,0.20733735871210437,-0.0018831707826451353,0.0032040527692708595,-1.5246602079698105e-06,0.9999930938318177
stand,31,102530.545504662,265.79400000000004,rf_hip_link,0.1933977431575342,-0.046501767336391976,0.20653068276356903,-0.011805127816504514,0.002218801644574358,2.1924163033898243e-05,0.9999278550954709
stand,31,102530.545504662,265.79400000000004,rf_upper_leg_link,0.19340693327883537,-0.14197514928541627,0.20878529021441045,-0.010334090847984707,0.4869503322578457,-0.005706845869526528,0.8733498797106122
stand,31,102530.545504662,265.79400000000004,rf_lower_leg_link,0.012213375894075377,-0.14463608437726863,0.09684417092979448,-0.010069904205371991,-0.5183778656607345,0.006161051268051971,0.8550701882708743
stand,31,102530.545504662,265.79400000000004,rf_foot_link,0.20106407505682947,-0.146943608067781,-0.0016397808601122388,-0.010069904205371991,-0.5183778656607345,0.006161051268051971,0.8550701882708743
stand,31,102530.545504662,265.79400000000004,lf_hip_link,0.19339853870288684,0.04649823265981521,0.20653095216712639,0.010887068202769735,0.0022187278481434884,-2.842785189166656e-05,0.9999382721871093
stand,31,102530.545504662,265.79400000000004,lf_upper_leg_link,0.193408581776742,0.14197559360893608,0.20861024178811746,0.009528397755571304,0.48795338329068866,0.0052667540673688885,0.8728017911719566
stand,31,102530.545504662,265.79400000000004,lf_lower_leg_link,0.01195951747040016,0.1444235907499178,0.09707888129990873,0.009264057339640088,-0.5211480959256367,-0.005718942542322286,0.8533968203894885
stand,31,102530.545504662,265.79400000000004,lf_foot_link,0.20144393774533548,0.14652185420186772,-0.00018494426518972373,0.009264057339640088,-0.5211480959256367,-0.005718942542322286,0.8533968203894885
stand,31,102530.545504662,265.79400000000004,rh_hip_link,-0.19339844797536151,-0.046498463557145216,0.20824722410286592,-0.009721553271887812,0.00221884251113178,1.730080012681585e-05,0.9999502826843818
stand,31,102530.545504662,265.79400000000004,rh_upper_leg_link,-0.1933910237030521,-0.14198041235775405,0.2101039411297954,-0.008486156425833209,0.49132582442849027,-0.004742788889685827,0.8709215954104759
stand,31,102530.545504662,265.79400000000004,rh_lower_leg_link,-0.3756962407655455,-0.14413619482857512,0.09997147346591487,-0.008312960918140974,-0.515007356887734,0.005040196237181476,0.857130627999125
stand,31,102530.545504662,265.79400000000004,rh_foot_link,-0.18762981705758844,-0.1460657853735917,-1.0009589837933763e-05,-0.008312960918140974,-0.515007356887734,0.005040196237181476,0.857130627999125
stand,31,102530.545504662,265.79400000000004,lh_hip_link,-0.19339765243000887,0.04650153643906197,0.20824749350642327,0.009173231712869852,0.00221877331257938,-2.4625074134584636e-05,0.9999554631375014
stand,31,102530.545504662,265.79400000000004,lh_upper_leg_link,-0.19338906176587586,0.14198546402084958,0.2099994922953578,0.00803166125517698,0.4873924475828357,0.004431839791143885,0.8731348425373715
stand,31,102530.545504662,265.79400000000004,lh_lower_leg_link,-0.37469249896817125,0.1440527048668489,0.09822386805680582,0.007824229972629482,-0.5178012719884464,-0.004788550071543973,0.8554517484584941
stand,31,102530.545504662,265.79400000000004,lh_foot_link,-0.1859781326657216,0.14584775550501192,-0.000531717832151779,0.007824229972629482,-0.5178012719884464,-0.004788550071543973,0.8554517484584941
stand,31,102530.545504662,265.79400000000004,d435_link,0.3402588431310605,0.017650928767264682,0.24659156271532262,-0.0018831707826451353,0.0032040527692708595,-1.5246602079698105e-06,0.9999930938318177
stand,31,102530.545504662,265.79400000000004,velodyne_base_link,0.20050858599886454,0.00029817202156855855,0.28605353763815,-0.0018831707826451353,0.0032040527692708595,-1.5246602079698105e-06,0.9999930938318177
stand,31,102530.545504662,265.79400000000004,gps_frame,0.00044861171119892307,0.00026353233502319557,0.2773354249920161,-0.0018831707826451353,0.0032040527692708595,-1.5246602079698105e-06,0.9999930938318177
stand,32,102530.64727534,265.894,trunk,5.766913706046114e-08,-9.580819564269827e-08,0.20785344626240887,-0.0007654527144212403,0.0009880689230718715,-3.908773580078898e-06,0.9999992188930283
stand,32,102530.64727534,265.894,imu_link,5.766913706046114e-08,-9.580819564269827e-08,0.20785344626240887,-0.0007654527144212403,0.0009880689230718715,-3.908773580078898e-06,0.9999992188930283
stand,32,102530.64727534,265.894,rf_hip_link,0.19339909699453214,-0.046501982949042606,0.20686861831175943,-0.011441424429606446,0.001436641647419713,1.1233305638567253e-05,0.9999335126605225
stand,32,102530.64727534,265.894,rf_upper_leg_link,0.1934043819235831,-0.14197697984208202,0.20905378199982624,-0.010030336883252274,0.48318285565748875,-0.00550442196547647,0.875444699383981
stand,32,102530.64727534,265.894,rf_lower_leg_link,0.013182917406837247,-0.14458468045173437,0.09555301713469527,-0.009763833282247645,-0.5191976586975552,0.005964384193026468,0.8545776061211828
stand,32,102530.64727534,265.894,rf_foot_link,0.2022216645330716,-0.14682001277053358,-0.0025711662981781624,-0.009763833282247645,-0.5191976586975552,0.005964384193026468,0.8545776061211828
stand,32,102530.64727534,265.894,lf_hip_link,0.1933994233977114,0.04649774893255772,0.2066453027415033,0.010988721254297206,0.001436532200336693,-2.0991609090682885e-05,0.9999385900843036
stand,32,102530.64727534,265.894,lf_upper_leg_link,0.19340644760834813,0.14197468521738635,0.20874401385150454,0.009629460148374182,0.4846624287433221,0.005293952465140659,0.8746322528521183
stand,32,102530.64727534,265.894,lf_lower_leg_link,0.012802738061261565,0.14446953571361432,0.09584992269154578,0.009370811086715058,-0.5194068221825583,-0.005739367127950038,0.8544564357735063
stand,32,102530.64727534,265.894,lf_foot_link,0.20188892326834315,0.14661056204209694,-0.0021849209615862897,0.009370811086715058,-0.5194068221825583,-0.005739367127950038,0.8544564357735063
stand,32,102530.64727534,265.894,rh_hip_link,-0.19339930624446658,-0.04649795661781947,0.20798002982406008,-0.011646139462487656,0.0014366393175299407,1.1527427445107699e-05,0.9999311493148966
stand,32,102530.64727534,265.894,rh_upper_leg_link,-0.19339390897876255,-0.14197205077264258,0.21020428614595688,-0.01018748379381514,0.4866598406281789,-0.0056433918180514115,0.8735139190777067
stand,32,102530.64727534,265.894,rh_lower_leg_link,-0.3745127661735751,-0.14459301438026198,0.09814140148643793,-0.009968565864256334,-0.5149383367001789,0.0060216602254925585,0.8571481066298822
stand,32,102530.64727534,265.894,rh_foot_link,-0.18645998747456055,-0.146912053437579,-0.0018574709143550638,-0.009968565864256334,-0.5149383367001789,0.0060216602254925585,0.8571481066298822
stand,32,102530.64727534,265.894,lh_hip_link,-0.19339897984128732,0.04650177526378085,0.20775671425380396,0.007156773347938466,0.0014366020945518697,-1.5486516250457006e-05,0.9999733579100175
stand,32,102530.64727534,265.894,lh_upper_leg_link,-0.19339405824129263,0.14199199231166498,0.2091236172956622,0.006265793063679426,0.4863488958234923,0.003458248381636979,0.8737353900848265
stand,32,102530.64727534,265.894,lh_lower_leg_link,-0.37442783227548493,0.1436076952340665,0.09690435797265858,0.0061076007872882965,-0.5181681510623953,-0.0037305304192652416,0.855248822027831
stand,32,102530.64727534,265.894,lh_foot_link,-0.18563081549552005,0.1450094381501829,-0.0016995038775893256,0.0061076007872882965,-0.5181681510623953,-0.0037305304192652416,0.855248822027831
stand,32,102530.64727534,265.894,d435_link,0.3400815140288722,0.017560243627673423,0.24865464133239124,-0.0007654527144212403,0.0009880689230718715,-3.908773580078898e-06,0.9999992188930283
stand,32,102530.64727534,265.894,velodyne_base_link,0.2001577585338695,0.00012050987627920753,0.28745797024699893,-0.0007654527144212403,0.0009880689230718715,-3.908773580078898e-06,0.9999992188930283
stand,32,102530.64727534,265.894,gps_frame,0.0001383876291942577,0.00010706694741798949,0.2778532275546812,-0.0007654527144212403,0.0009880689230718715,-3.908773580078898e-06,0.9999992188930283
stand,33,102530.739291836,265.98400000000004,trunk,6.509167928191289e-09,-1.3306144770503196e-07,0.2076577240056189,0.0002869050077590595,0.002107201513173179,-5.298648418011876e-06,0.999997738677055
stand,33,102530.739291836,265.98400000000004,imu_link,6.509167928191289e-09,-1.3306144770503196e-07,0.2076577240056189,0.0002869050077590595,0.002107201513173179,-5.298648418011876e-06,0.999997738677055
stand,33,102530.739291836,265.98400000000004,rf_hip_link,0.19339942711647737,-0.04650228103404368,0.20853652852108892,-0.012030198995682178,0.0004405569487503614,-3.119508980546944e-07,0.9999275374853929
stand,33,102530.739291836,265.98400000000004,rf_upper_leg_link,0.19340037983583597,-0.14197463842764077,0.2108341300534659,-0.010501701299955622,0.4881453598029306,-0.005868556703273482,0.872679426831465
stand,33,102530.739291836,265.98400000000004,rf_lower_leg_link,0.011900505674254509,-0.14465840006538536,0.09939090189310687,-0.010227667330870173,-0.5261239346256267,0.00633407522390418,0.850322809129613
stand,33,102530.739291836,265.98400000000004,rf_foot_link,0.20250993070266612,-0.14694359622618272,0.00435498779298904,-0.010227667330870173,-0.5261239346256267,0.00633407522390418,0.850322809129613
stand,33,102530.739291836,265.98400000000004,lf_hip_link,0.19340040621837298,0.04649768995417937,0.2084630762847216,0.01104439081699096,0.00044043246669471595,-1.0476864359110578e-05,0.9999389118045958
stand,33,102530.739291836,265.98400000000004,lf_upper_leg_link,0.19340333626010667,0.14197439202662726,0.21057242518518207,0.009652804711365445,0.4871093351006161,0.005366753160651434,0.8732711589074452
stand,33,102530.739291836,265.98400000000004,lf_lower_leg_link,0.012170012358097356,0.14445171851415914,0.09869148328307112,0.009388425501501105,-0.5254686428943353,-0.005816884465578182,0.8507412806820311
stand,33,102530.739291836,265.98400000000004,lf_foot_link,0.20263140781596625,0.14655212461311998,0.003354999529679714,0.009388425501501105,-0.5254686428943353,-0.005816884465578182,0.8507412806820311
stand,33,102530.739291836,265.98400000000004,rh_hip_link,-0.19340042273509442,-0.046497939655782985,0.2088773157771504,-0.010956747982362278,0.00044055636000442307,-7.84898238344408e-07,0.9999398759841156
stand,33,102530.739291836,265.98400000000004,rh_upper_leg_link,-0.1933996506722278,-0.14197501004333266,0.2109699288839631,-0.009561042031884515,0.4886981246547846,-0.005351336490037106,0.8723841428132056
stand,33,102530.739291836,265.98400000000004,rh_lower_leg_link,-0.37503908937406194,-0.1444141639305642,0.09974868614501049,-0.009362998760004291,-0.5190362131873228,0.0056907452223081585,0.8546820222007708
stand,33,102530.739291836,265.98400000000004,rh_foot_link,-0.18603813901413577,-0.14656490325648464,0.0015498313482429638,-0.009362998760004291,-0.5190362131873228,0.0056907452223081585,0.8546820222007708
stand,33,102530.739291836,265.98400000000004,lh_hip_link,-0.1933994436331988,0.04650203133244006,0.2088038635407831,0.008079943358961126,0.00044046159077121614,-9.17112102640481e-06,0.9999672596764324
stand,33,102530.739291836,265.98400000000004,lh_upper_leg_link,-0.19339701225563474,0.14198956178880048,0.21034708142366274,0.0070680550782342534,0.48590941230019274,0.003915120203075241,0.8739718287618244
stand,33,102530.739291836,265.98400000000004,lh_lower_leg_link,-0.37431870530107236,0.14381066376392596,0.09795035294294294,0.006887601352166433,-0.5214784911914124,-0.004224513748008884,0.8532261702830818
stand,33,102530.739291836,265.98400000000004,lh_foot_link,-0.18476225521476963,0.14537565513684178,0.0008169239255254312,0.006887601352166433,-0.5214784911914124,-0.004224513748008884,0.8532261702830818
stand,33,102530.739291836,265.98400000000004,d435_link,0.34017209090331324,0.017472858100603006,0.24773449506808587,0.0002869050077590595,0.002107201513173179,-5.298648418011876e-06,0.999997738677055
stand,33,102530.739291836,265.98400000000004,velodyne_base_link,0.20033538161511502,-4.79171732425964e-05,0.2868141210802593,0.0002869050077590595,0.002107201513173179,-5.298648418011876e-06,0.999997738677055
stand,33,102530.739291836,265.98400000000004,gps_frame,0.0002950138410741076,-4.030123484888556e-05,0.2776570908398408,0.0002869050077590595,0.002107201513173179,-5.298648418011876e-06,0.999997738677055
stand,34,102530.842883594,266.089,trunk,-9.283109367213146e-08,-9.909031775031865e-08,0.20676664066625505,0.0001557881915004801,0.004016056257880775,-3.72069798956304e-06,0.9999919234715495
stand,34,102530.842883594,266.089,imu_link,-9.283109367213146e-08,-9.909031775031865e-08,0.20676664066625505,0.0001557881915004801,0.004016056257880775,-3.72069798956304e-06,0.9999919234715495
stand,34,102530.842883594,266.089,rf_hip_link,0.19339139155699606,-0.046501730856647536,0.2043386069608644,-0.011651510438997629,0.004606529253793782,4.9466530716016215e-05,0.9999215067923013
stand,34,102530.842883594,266.089,rf_upper_leg_link,0.19341109047027494,-0.14197580066944007,0.20656382724992403,-0.010200146900816652,0.49104629579544545,-0.005631797728034288,0.8710555523289684
stand,34,102530.842883594,266.089,rf_lower_leg_link,0.011174234206589221,-0.14458267409191006,0.09632802349230643,-0.00990080518188478,-0.5196293238712671,0.006142816878118307,0.8543123583506457
stand,34,102530.842883594,266.089,rf_foot_link,0.20031251386912863,-0.146826157272826,-0.0016039832752055283,-0.00990080518188478,-0.5196293238712671,0.006142816878118307,0.8543123583506457
stand,34,102530.842883594,266.089,lf_hip_link,0.19339201004061649,0.04649826742385777,0.2043207339787075,0.011225886149449334,0.004606455359833496,-5.5926036693272233e-05,0.999926375750463
stand,34,102530.842883594,266.089,lf_upper_leg_link,0.19341256803197363,0.1419741969071734,0.20646467116666953,0.009835317812898547,0.4904451029207053,0.005412039456735251,0.871399780453
stand,34,102530.842883594,266.089,lf_lower_leg_link,0.011328672789430736,0.14449449194486017,0.09597438559266225,0.009536971260669219,-0.5193194915383398,-0.005921978278848042,0.8545064318428495
stand,34,102530.842883594,266.089,lf_foot_link,0.20039527857381473,0.14665601787628868,-0.0020977632714271333,0.009536971260669219,-0.5193194915383398,-0.005921978278848042,0.8545064318428495
stand,34,102530.842883594,266.089,rh_hip_link,-0.19339219067159083,-0.046498473709960554,0.207902384144279,-0.010554320015837946,0.004606580758778592,4.441189671496017e-05,0.9999336896866209
stand,34,102530.842883594,266.089,rh_upper_leg_link,-0.19337442227025314,-0.1419771971420686,0.20991808651787802,-0.009229225358699635,0.49279117648495796,-0.005120258068849943,0.8700835941075764
stand,34,102530.842883594,266.089,rh_lower_leg_link,-0.37605036799261105,-0.1443231704402821,0.10040555178451417,-0.009008114924725006,-0.513532695671129,0.005499955355840069,0.858005113523999
stand,34,102530.842883594,266.089,rh_foot_link,-0.18832783496158811,-0.14641253079373573,-0.00021693658528290638,-0.009008114924725006,-0.513532695671129,0.005499955355840069,0.858005113523999
stand,34,102530.842883594,266.089,lh_hip_link,-0.1933915721879704,0.04650152457054475,0.20788451116212212,0.008387047194936872,0.004606595570098263,-4.2848071952499806e-05,0.9999542163922537
stand,34,102530.842883594,266.089,lh_upper_leg_link,-0.19337600915563885,0.1419880887907928,0.20948632613410875,0.007348568587056389,0.4904759564228172,0.004042639772314194,0.8714143628461235
stand,34,102530.842883594,266.089,lh_lower_leg_link,-0.37546438444241015,0.14387136262823394,0.09899072954728917,0.007139803005460702,-0.5164012826948111,-0.004400864648064374,0.8563056526933279
stand,34,102530.842883594,266.089,lh_foot_link,-0.18707493322074928,0.1455077315172305,-0.00038601302993879205,0.007139803005460702,-0.5164012826948111,-0.004400864648064374,0.8563056526933279
stand,34,102530.842883594,266.089,d435_link,0.34032242168853954,0.017484863894674733,0.24553985539559564,0.0001557881915004801,0.004016056257880775,-3.72069798956304e-06,0.9999919234715495
stand,34,102530.842883594,266.089,velodyne_base_link,0.2006360193990139,-2.6265395965720712e-05,0.2851576464291111,0.0001557881915004801,0.004016056257880775,-3.72069798956304e-06,0.9999919234715495
stand,34,102530.842883594,266.089,gps_frame,0.0005621504228489554,-2.1911352930473262e-05,0.27676437924935926,0.0001557881915004801,0.004016056257880775,-3.72069798956304e-06,0.9999919234715495
stand,35,102530.943353163,266.184,trunk,-6.564179229552093e-08,-4.9478157094077926e-08,0.2091598635333769,0.0014951053125672941,-0.0007962224799339281,-1.9868706246171484e-06,0.9999985653419304
stand,35,102530.943353163,266.184,imu_link,-6.564179229552093e-08,-4.9478157094077926e-08,0.2091598635333769,0.0014951053125672941,-0.0007962224799339281,-1.9868706246171484e-06,0.9999985653419304
stand,35,102530.943353163,266.184,rf_hip_link,0.19339945982460044,-0.04650073723474316,0.20846524881112885,-0.01386751792697772,0.0012960212857912586,1.577341775502035e-05,0.9999030013089125
stand,35,102530.943353163,266.184,rf_upper_leg_link,0.19340590502145863,-0.14196400634901232,0.21111368391059102,-0.012140167605665053,0.4854117790484297,-0.006702584036184635,0.8741756668191941
stand,35,102530.943353163,266.184,rf_lower_leg_link,0.012604460632147835,-0.1450989939699531,0.09855254692559293,-0.011844371625419452,-0.5179650889885421,0.00721243114731189,0.8552893418527066
stand,35,102530.943353163,266.184,rf_foot_link,0.20136312095979744,-0.14782308388745136,-9.707286806054372e-05,-0.011844371625419452,-0.5179650889885421,0.00721243114731189,0.8552893418527066
stand,35,102530.943353163,266.184,lf_hip_link,0.193399155426743,0.04649885519126841,0.2081899153713238,0.0087246844498917,0.0012960468684728465,-1.3508836124214788e-05,0.9999610992240028
stand,35,102530.943353163,266.184,lf_upper_leg_link,0.19340389526566373,0.14198431621373175,0.20985626193238283,0.007641324161287172,0.4850958363062452,0.004210756024868258,0.8744174685452628
stand,35,102530.943353163,266.184,lf_lower_leg_link,0.012691096018712968,0.14396056732433046,0.09712659139317163,0.0074544732526582716,-0.5171460521873227,-0.004533335390663024,0.8558526978434011
stand,35,102530.943353163,266.184,lf_foot_link,0.20125345162395877,0.14567970503997504,-0.001920279400990682,0.0074544732526582716,-0.5171460521873227,-0.004533335390663024,0.8558526978434011
stand,35,102530.943353163,266.184,rh_hip_link,-0.19339924058930766,-0.04649903476497634,0.20946792284256438,-0.013532048953742565,0.0012960265048439612,1.5338600772163667e-05,0.9999075975964677
stand,35,102530.943353163,266.184,rh_upper_leg_link,-0.19339296144949422,-0.14196405949740196,0.2120523015705707,-0.011815019788781089,0.48959239513507213,-0.006597112364502371,0.8718464142506661
stand,35,102530.943353163,266.184,rh_lower_leg_link,-0.37526399940996863,-0.14497629978629153,0.10122427280698745,-0.011587964374681155,-0.514292772459124,0.006988251985316446,0.8575079169384668
stand,35,102530.943353163,266.184,rh_foot_link,-0.1873591892665795,-0.1476783171243313,0.0009572222505770389,-0.011587964374681155,-0.514292772459124,0.006988251985316446,0.8575079169384668
stand,35,102530.943353163,266.184,lh_hip_link,-0.1933995449871651,0.04650055766103523,0.20919258940275934,0.005454210771126725,0.0012960841182367204,-9.269972289326207e-06,0.9999842857089757
stand,35,102530.943353163,266.184,lh_upper_leg_link,-0.193396424249133,0.1419948756973312,0.21023432499481415,0.004770068551466261,0.4875188653206599,0.002644796227041624,0.8730954171540405
stand,35,102530.943353163,266.184,lh_lower_leg_link,-0.3747289061045182,0.14321976923214563,0.09849341637136168,0.004662095927216142,-0.5164383198427356,-0.0028307883413804854,0.8563070204645902
stand,35,102530.943353163,266.184,lh_foot_link,-0.18633340671003878,0.1442976590965665,-0.0008794871856184217,0.004662095927216142,-0.5164383198427356,-0.0028307883413804854,0.8563070204645902
stand,35,102530.943353163,266.184,d435_link,0.3399334445132765,0.017373618286323618,0.25125338253646295,0.0014951053125672941,-0.0007962224799339281,-1.9868706246171484e-06,0.9999985653419304
stand,35,102530.943353163,266.184,velodyne_base_link,0.1998722848792204,-0.00024053665354845672,0.28947789179057404,0.0014951053125672941,-0.0007962224799339281,-1.9868706246171484e-06,0.9999985653419304
stand,35,102530.943353163,266.184,gps_frame,-0.00011153704494138029,-0.00020936370014268125,0.27915946182995827,0.0014951053125672941,-0.0007962224799339281,-1.9868706246171484e-06,0.9999985653419304
stand,36,102531.046616711,266.28900000000004,trunk,-1.1881891147786144e-07,-1.0214184720302709e-07,0.20650031314219358,-0.00068909889682815,0.002600923502887457,-2.3598831842759e-06,0.9999963801604851
stand,36,102531.046616711,266.28900000000004,imu_link,-1.1881891147786144e-07,-1.0214184720302709e-07,0.20650031314219358,-0.00068909889682815,0.002600923502887457,-2.3598831842759e-06,0.9999963801604851
stand,36,102531.046616711,266.28900000000004,rf_hip_link,0.19339797415309776,-0.04650148871564297,0.20595762390672026,-0.012890036568205948,0.0022553661275649755,2.523006776099556e-05,0.9999143761564511
stand,36,102531.046616711,266.28900000000004,rf_upper_leg_link,0.19340834538802876,-0.14196975336289933,0.2084193992171223,-0.011263963679805042,0.48983429535396267,-0.0062671206710928065,0.8717202586930057
stand,36,102531.046616711,266.28900000000004,rf_lower_leg_link,0.011476921021778028,-0.14484490178298864,0.09768688208854955,-0.010928679523945406,-0.5266355720501907,0.006835030588732014,0.849993423840492
stand,36,102531.046616711,266.28900000000004,rf_foot_link,0.2022020076089808,-0.14726872909854918,0.0028867428088610314,-0.010928679523945406,-0.5266355720501907,0.006835030588732014,0.849993423840492
stand,36,102531.046616711,266.28900000000004,lf_hip_link,0.19339789653642608,0.04649834531899975,0.20578192665891232,0.010183206791586135,0.0022553478764032386,-2.68119766160468e-05,0.9999456060139041
stand,36,102531.046616711,266.28900000000004,lf_upper_leg_link,0.19340740398010156,0.1419785389208863,0.2077268018103765,0.00890134256581326,0.4899576797928046,0.00494616214537464,0.8716867405166889
stand,36,102531.046616711,266.28900000000004,lf_lower_leg_link,0.011448473181053834,0.14425157786053064,0.09702548837441839,0.008616259395781561,-0.5288201978450292,-0.005427567914536126,0.8486727873165852
stand,36,102531.046616711,266.28900000000004,lf_foot_link,0.20265519782436417,0.1461439454070632,0.0031883560852965787,0.008616259395781561,-0.5288201978450292,-0.005427567914536126,0.8486727873165852
stand,36,102531.046616711,266.28900000000004,rh_hip_link,-0.19339809030162297,-0.04649851511762026,0.20770247733817898,-0.010634084901285631,0.0022554173094636505,2.0141644878351165e-05,0.9999409127170398
stand,36,102531.046616711,266.28900000000004,rh_upper_leg_link,-0.19338966247362424,-0.14197691604165188,0.20973345886482792,-0.009287852603380624,0.4905914489929381,-0.005178799222936258,0.871324822329558
stand,36,102531.046616711,266.28900000000004,rh_lower_leg_link,-0.3755100330786357,-0.1443420944130285,0.09929987456202236,-0.009062714404618108,-0.5195951673544743,0.005563395994708352,0.8543464039220288
stand,36,102531.046616711,266.28900000000004,rh_foot_link,-0.18638107846417076,-0.14640903950689896,0.0013459758932170551,-0.009062714404618108,-0.5195951673544743,0.005563395994708352,0.8543464039220288
stand,36,102531.046616711,266.28900000000004,lh_hip_link,-0.19339816791829464,0.04650131891702246,0.20752678009037104,0.008457151657261824,0.0022553907975138452,-2.2918904348130104e-05,0.9999616939027817
stand,36,102531.046616711,266.28900000000004,lh_upper_leg_link,-0.1933901474064835,0.14198765784459133,0.20914202430746018,0.0074003316944583645,0.48838098730933116,0.004093779456944153,0.8725895296732209
stand,36,102531.046616711,266.28900000000004,lh_lower_leg_link,-0.37494556715879657,0.1438868203298568,0.09777316537276523,0.007181269822033924,-0.5239381035075972,-0.004466912040016887,0.8517143533799535
stand,36,102531.046616711,266.28900000000004,lh_foot_link,-0.1848312749928486,0.14549539852807597,0.0017368785306512424,0.007181269822033924,-0.5239381035075972,-0.004466912040016887,0.8517143533799535
stand,36,102531.046616711,266.28900000000004,d435_link,0.34021117698082964,0.01755425225556058,0.24620697318747137,-0.00068909889682815,0.002600923502887457,-2.3598831842759e-06,0.9999963801604851
stand,36,102531.046616711,266.28900000000004,velodyne_base_link,0.2004133217718985,0.0001084914332134316,0.2854587898118288,-0.00068909889682815,0.002600923502887457,-2.3598831842759e-06,0.9999963801604851
stand,36,102531.046616711,266.28900000000004,gps_frame,0.00036400938107017806,9.637049518631037e-05,0.2764992995897435,-0.00068909889682815,0.002600923502887457,-2.3598831842759e-06,0.9999963801604851
stand,37,102531.148753541,266.389,trunk,-1.6139117665499334e-07,-1.5287860229996808e-07,0.20631317526046558,-0.001330874528092028,0.0018883985692891004,-7.601082380124634e-06,0.9999973313294679
stand,37,102531.148753541,266.389,imu_link,-1.6139117665499334e-07,-1.5287860229996808e-07,0.20631317526046558,-0.001330874528092028,0.0018883985692891004,-7.601082380124634e-06,0.9999973313294679
stand,37,102531.148753541,266.389,rf_hip_link,0.1933954437960402,-0.04650381509171275,0.2044602196485167,-0.013409687195448272,0.003448520469853211,3.589766200605401e-05,0.9999041387589348
stand,37,102531.148753541,266.389,rf_upper_leg_link,0.1934111321161457,-0.1419694692808423,0.20702120073359923,-0.01174971740268731,0.48724772182418924,-0.006462595475418042,0.8731608308770015
stand,37,102531.148753541,266.389,rf_lower_leg_link,0.012138947853724007,-0.14499854572608822,0.09521681840169098,-0.011408944464449454,-0.5202282416269555,0.007046771284000575,0.8539219845011629
stand,37,102531.148753541,266.389,rf_foot_link,0.20141702228242594,-0.1475871002473195,-0.0024361893658806366,-0.011408944464449454,-0.5202282416269555,0.007046771284000575,0.8539219845011629
stand,37,102531.148753541,266.389,lf_hip_link,0.19339497270231476,0.04649553609826438,0.2041128322259248,0.009659967863580327,0.0034484308868878155,-4.366338846487798e-05,0.9999473943357228
stand,37,102531.148753541,266.389,lf_upper_leg_link,0.19340967451152122,0.14197771257311156,0.20595776026868073,0.008469983113909004,0.4877970965871606,0.004645026551807125,0.872903588992232
stand,37,102531.148753541,266.389,lf_lower_leg_link,0.012002183998777107,0.14416209070345434,0.09435332093917928,0.008204025466282506,-0.5211467980298211,-0.005100083505736442,0.8534123844998079
stand,37,102531.148753541,266.389,lf_foot_link,0.2014848424098863,0.14601243224566707,-0.002918969039190894,0.008204025466282506,-0.5211467980298211,-0.005100083505736442,0.8534123844998079
stand,37,102531.148753541,266.389,rh_hip_link,-0.1933953553288681,-0.04649580882683515,0.20712811174052842,-0.012586246947513677,0.0034485488627508153,3.305774272651017e-05,0.9999148427769753
stand,37,102531.148753541,266.389,rh_upper_leg_link,-0.19338075161876145,-0.14196555161817292,0.20953185841758734,-0.01100579977197976,0.4904206066538003,-0.006106314470876999,0.8713949815464169
stand,37,102531.148753541,266.389,rh_lower_leg_link,-0.37546050453190094,-0.144775335257257,0.09904172901685013,-0.010745039680302167,-0.5155120450991258,0.006554298384028867,0.8567898906106903
stand,37,102531.148753541,266.389,rh_foot_link,-0.18727247625377144,-0.14725781686233017,-0.0006984499376236908,-0.010745039680302167,-0.5155120450991258,0.006554298384028867,0.8567898906106903
stand,37,102531.148753541,266.389,lh_hip_link,-0.19339582642259354,0.046503542363141984,0.2067807243179365,0.006664255915203826,0.003448546219986283,-3.333229293700897e-05,0.9999718466592065
stand,37,102531.148753541,266.389,lh_upper_leg_link,-0.19338507057292176,0.14199505940031448,0.20805353940705748,0.005839761448472559,0.48919668938124683,0.0032110129507704065,0.8721480296833117
stand,37,102531.148753541,266.389,lh_lower_leg_link,-0.3751467803897078,0.1434955675226627,0.09701557598979539,0.0056667077036897376,-0.5190779584415077,-0.0035073981447826834,0.854700918241142
stand,37,102531.148753541,266.389,lh_foot_link,-0.18614068378110704,0.1447832493138298,-0.0011884836023874634,0.0056667077036897376,-0.5190779584415077,-0.0035073981447826834,0.854700918241142
stand,37,102531.148753541,266.389,d435_link,0.34015432923313443,0.017603368513220054,0.2464820505586751,-0.001330874528092028,0.0018883985692891004,-7.601082380124634e-06,0.9999973313294679
stand,37,102531.148753541,266.389,velodyne_base_link,0.20030055674938824,0.00020873846754619125,0.2855569679308036,-0.001330874528092028,0.0018883985692891004,-7.601082380124634e-06,0.9999973313294679
stand,37,102531.148753541,266.389,gps_frame,0.00026421511924408253,0.0001861670485551622,0.27631242804180234,-0.001330874528092028,0.0018883985692891004,-7.601082380124634e-06,0.9999973313294679
stand,38,102531.242660329,266.48400000000004,trunk,-1.270400081752962e-07,-1.386274194137152e-07,0.20824068147629682,-0.0002928997154696929,-0.0005829927948014672,-4.821965846214355e-06,0.9999997871529306
stand,38,102531.242660329,266.48400000000004,imu_link,-1.270400081752962e-07,-1.386274194137152e-07,0.20824068147629682,-0.0002928997154696929,-0.0005829927948014672,-4.821965846214355e-06,0.9999997871529306
stand,38,102531.242660329,266.48400000000004,rf_hip_link,0.19339873224017398,-0.04650250642343383,0.20869620984803364,-0.012469497239449602,-0.0010548188791530586,-1.9447166456691254e-05,0.9999216962430284
stand,38,102531.242660329,266.48400000000004,rf_upper_leg_link,0.1933925058875625,-0.1419728080741708,0.21107769340872004,-0.010897722536506437,0.483692780385084,-0.006060394633540304,0.8751490190040494
stand,38,102531.242660329,266.48400000000004,rf_lower_leg_link,0.013037181210986654,-0.1447868627103139,0.09779469398995591,-0.010651935700323807,-0.5220725807162747,0.0064826696223925775,0.8528099036272103
stand,38,102531.242660329,266.48400000000004,rf_foot_link,0.20273401002770552,-0.147214914546808,0.0009534956229397262,-0.010651935700323807,-0.5220725807162747,0.0064826696223925775,0.8528099036272103
stand,38,102531.242660329,266.48400000000004,lf_hip_link,0.19340020141447073,0.046497385779152904,0.20855461836249964,0.010564029266278457,-0.0010549869725895772,4.852604165626634e-06,0.9999436425442191
stand,38,102531.242660329,266.48400000000004,lf_upper_leg_link,0.19339714594087834,0.1419760704202166,0.21057223326044075,0.00924079775805376,0.48323726870700384,0.0051192181709030045,0.8754256926745458
stand,38,102531.242660329,266.48400000000004,lf_lower_leg_link,0.013162669118427546,0.14436841603282752,0.09708738825016074,0.009012542084996524,-0.5229527160397481,-0.005511154421055668,0.8522962267010009
stand,38,102531.242660329,266.48400000000004,lf_foot_link,0.20305655527188388,0.14641291035185044,0.0006242758987667074,0.009012542084996524,-0.5229527160397481,-0.005511154421055668,0.8522962267010009
stand,38,102531.242660329,266.48400000000004,rh_hip_link,-0.19340040672673398,-0.04649763848155861,0.20788007826439783,-0.010982008836569452,-0.001054846641465235,-1.7878005773117648e-05,0.999939139378419
stand,38,102531.242660329,266.48400000000004,rh_upper_leg_link,-0.19340603382602722,-0.14197460295755615,0.20997751069116888,-0.009572122209130207,0.48781728971836497,-0.005383243829054757,0.8728766734276493
stand,38,102531.242660329,266.48400000000004,rh_lower_leg_link,-0.37482063110519537,-0.1444152603805436,0.0983899348353377,-0.009406933907785216,-0.5182863984998127,0.0056669596931812226,0.8551365997853113
stand,38,102531.242660329,266.48400000000004,rh_foot_link,-0.18599230679950832,-0.14659088725814667,-0.00013991134131971505,-0.009406933907785216,-0.5182863984998127,0.0056669596931812226,0.8551365997853113
stand,38,102531.242660329,266.48400000000004,lh_hip_link,-0.19339893755243723,0.04650225372102812,0.20773848677886383,0.00829383350456063,-0.0010549952706049937,2.457458444247748e-06,0.9999650490415846
stand,38,102531.242660329,266.48400000000004,lh_upper_leg_link,-0.1934010781520234,0.14198911527410218,0.20932255311645787,0.007245678728588277,0.48540683827978626,0.0040358171418633255,0.874249057003198
stand,38,102531.242660329,266.48400000000004,lh_lower_leg_link,-0.37419365183184217,0.14385308447543066,0.09671895228129886,0.007082162192814102,-0.5215612447469161,-0.004316324699921103,0.8531735346913938
stand,38,102531.242660329,266.48400000000004,lh_foot_link,-0.18461819066078397,0.14546808697003202,-0.00037654858626468,0.007082162192814102,-0.5215612447469161,-0.004316324699921103,0.8531735346913938
stand,38,102531.242660329,266.48400000000004,d435_link,0.33995142829624336,0.017521006453295636,0.2501268307326331,-0.0002928997154696929,-0.0005829927948014672,-4.821965846214355e-06,0.9999997871529306
stand,38,102531.242660329,266.48400000000004,velodyne_base_link,0.19990645839711405,4.4865284309835045e-05,0.2884738110021883,-0.0002928997154696929,-0.0005829927948014672,-4.821965846214355e-06,0.9999997871529306
stand,38,102531.242660329,266.48400000000004,gps_frame,-8.174581617867819e-05,4.086771758233315e-05,0.2782406218823789,-0.0002928997154696929,-0.0005829927948014672,-4.821965846214355e-06,0.9999997871529306
stand,39,102531.348761168,266.584,trunk,-9.76028027504123e-08,-1.3860514165727035e-07,0.20817063393410082,0.00012165626562638871,0.0005036042544082588,-3.1091796867914236e-06,0.9999998657864114
stand,39,102531.348761168,266.584,imu_link,-9.76028027504123e-08,-1.3860514165727035e-07,0.20817063393410082,0.00012165626562638871,0.0005036042544082588,-3.1091796867914236e-06,0.9999998657864114
stand,39,102531.348761168,266.584,rf_hip_link,0.1933966688927099,-0.04650153709107868,0.20636811685267867,-0.011157008082912222,0.0027291486423818485,2.6845172152579763e-05,0.9999340339230696
stand,39,102531.348761168,266.584,rf_upper_leg_link,0.19340761176684607,-0.14197776149702385,0.20849895083004785,-0.009770927086408594,0.48720138772435984,-0.005385957101344504,0.8732183737470441
stand,39,102531.348761168,266.584,rf_lower_leg_link,0.012150648497784923,-0.1444946152010285,0.09665719336034918,-0.00951922212382592,-0.5171580979150641,0.005819274884614033,0.8558171663450364
stand,39,102531.348761168,266.584,rf_foot_link,0.20071877014478648,-0.14668307457323285,-0.0023694401485098437,-0.00951922212382592,-0.5171580979150641,0.005819274884614033,0.8558171663450364
stand,39,102531.348761168,266.584,lf_hip_link,0.19339735478377096,0.046498462864622614,0.2063709041672124,0.011616690539913644,0.002729052238922599,-3.531080166375364e-05,0.9999287992291873
stand,39,102531.348761168,266.584,lf_upper_leg_link,0.19341015385475227,0.14197268765414567,0.20858951567520836,0.010184701588651866,0.48600706988985504,0.005587539664552319,0.873877668367332
stand,39,102531.348761168,266.584,lf_lower_leg_link,0.012459142422752145,0.14460732703988716,0.09625612733032093,0.009917466489598317,-0.515761092645067,-0.0060491821249262934,0.8566536911539072
stand,39,102531.348761168,266.584,lf_foot_link,0.20070370149889868,0.14689746107584065,-0.0033819239569486403,0.009917466489598317,-0.515761092645067,-0.0060491821249262934,0.8566536911539072
stand,39,102531.348761168,266.584,rh_hip_link,-0.19339756858179646,-0.046498747696663734,0.20847947867259684,-0.010945044706787902,0.0027291542716276398,2.6266654510866666e-05,0.9999363764877198
stand,39,102531.348761168,266.584,rh_upper_leg_link,-0.1933868466633163,-0.14197586691019176,0.21056983551443706,-0.009559164051770206,0.4914908735023586,-0.0053307669431395446,0.8708139448644112
stand,39,102531.348761168,266.584,rh_lower_leg_link,-0.37573532196786114,-0.14440586891413593,0.10051471912101947,-0.009362490543573701,-0.5135319821822,0.005669079677709432,0.8580006460268255
stand,39,102531.348761168,266.584,rh_foot_link,-0.18801252222031764,-0.14658774259792112,-0.00010530812093534347,-0.009362490543573701,-0.5135319821822,0.005669079677709432,0.8580006460268255
stand,39,102531.348761168,266.584,lh_hip_link,-0.1933968826907354,0.04650125225903756,0.20848226598713057,0.008317923208397976,0.0027291538769273396,-2.6307632638779265e-05,0.9999616808560835
stand,39,102531.348761168,266.584,lh_upper_leg_link,-0.19338752225500272,0.14198803724816647,0.21007091472807923,0.007276743685689736,0.48957247680122945,0.0040295830956955355,0.8719229331885457
stand,39,102531.348761168,266.584,lh_lower_leg_link,-0.3752464077425362,0.14385050359167534,0.09919766733110112,0.0071012543321231575,-0.5156671672772561,-0.004331365316253385,0.856748611935647
stand,39,102531.348761168,266.584,lh_foot_link,-0.18702772749189955,0.14549079397489792,-0.0005020711448214255,0.0071012543321231575,-0.5156671672772561,-0.004331365316253385,0.856748611935647
stand,39,102531.348761168,266.584,d435_link,0.34004164001261394,0.017487690697252048,0.24933241846512472,0.00012165626562638871,0.0005036042544082588,-3.1091796867914236e-06,0.9999998657864114
stand,39,102531.348761168,266.584,velodyne_base_link,0.20008037755580305,-2.0823020619411455e-05,0.28796914916127453,0.00012165626562638871,0.0005036042544082588,-3.1091796867914236e-06,0.9999998657864114
stand,39,102531.348761168,266.584,gps_frame,7.040693039656444e-05,-1.7170699254898847e-05,0.27817059635565194,0.00012165626562638871,0.0005036042544082588,-3.1091796867914236e-06,0.9999998657864114
stand,40,102531.440371798,266.67900000000003,trunk,-1.2506270634048118e-07,-1.3930580060923327e-07,0.208237410807941,0.0002785961153575322,0.0007255390919476112,-2.736321262626266e-06,0.9999996979848259
stand,40,102531.440371798,266.67900000000003,imu_link,-1.2506270634048118e-07,-1.3930580060923327e-07,0.208237410807941,0.0002785961153575322,0.0007255390919476112,-2.736321262626266e-06,0.9999996979848259
stand,40,102531.440371798,266.67900000000003,rf_hip_link,0.1933995932183236,-0.046501176670722295,0.208630317806379,-0.010822752063345589,0.0001385643532332175,-1.2560629531087045e-06,0.9999414227024089
stand,40,102531.440371798,266.67900000000003,rf_upper_leg_link,0.19339963975705193,-0.14197880446563604,0.21069734239591514,-0.009461344567698671,0.48554151859315764,-0.005254990273409096,0.8741466134227416
stand,40,102531.440371798,266.67900000000003,rf_lower_leg_link,0.012569373356715182,-0.14441513525275365,0.09816521788971477,-0.009221795185250868,-0.5233700743917339,0.005664843984050154,0.8520367558194826
stand,40,102531.440371798,266.67900000000003,rf_foot_link,0.2025580377682263,-0.14649933967131604,0.0018897615829703562,-0.009221795185250868,-0.5233700743917339,0.005664843984050154,0.8520367558194826
stand,40,102531.440371798,266.67900000000003,lf_hip_link,0.193400128924936,0.046498785772188224,0.20871389609455188,0.012350875906638342,0.00013849804191144667,-4.466549874030654e-06,0.9999237154216721
stand,40,102531.440371798,266.67900000000003,lf_upper_leg_link,0.19340130869015934,0.1419696498384665,0.21107273331792575,0.010804695819943639,0.4848629441055582,0.005983536065717304,0.8745029338302297
stand,40,102531.440371798,266.67900000000003,lf_lower_leg_link,0.012743775072225147,0.14475890327604402,0.09827168894179446,0.010520738716972382,-0.52336661178547,-0.006469792304274195,0.8520181016343409
stand,40,102531.440371798,266.67900000000003,lf_foot_link,0.20273376592757356,0.14713504034727357,0.002005613154924729,0.010520738716972382,-0.52336661178547,-0.006469792304274195,0.8520181016343409
stand,40,102531.440371798,266.67900000000003,rh_hip_link,-0.19340039192727407,-0.04649904490992656,0.20873749439457828,-0.00976999592022534,0.0001385629540420318,-1.4019444453440585e-06,0.9999522628496128
stand,40,102531.440371798,266.67900000000003,rh_upper_leg_link,-0.19340040111781678,-0.14198081342087746,0.2106034745716175,-0.008527760101377756,0.4879575225027904,-0.00476761259961605,0.8728126966369658
stand,40,102531.440371798,266.67900000000003,rh_lower_leg_link,-0.3748492129954285,-0.14416054673038328,0.09906613808332523,-0.008356980615188725,-0.5179937895556788,0.005060997653035213,0.8553285808152915
stand,40,102531.440371798,266.67900000000003,rh_foot_link,-0.18608981109867118,-0.14608879271131098,0.00039917267435202186,-0.008356980615188725,-0.5179937895556788,0.005060997653035213,0.8553285808152915
stand,40,102531.440371798,266.67900000000003,lh_hip_link,-0.19339985622066166,0.04650091753298396,0.20882107268275116,0.00955538348106542,0.00013850998762410786,-4.079339340080454e-06,0.9999543366798667
stand,40,102531.440371798,266.67900000000003,lh_upper_leg_link,-0.1933988243108614,0.1419834782072927,0.2106460674805819,0.008354003019180727,0.4859088205030327,0.004638534646496311,0.8739572717171248
stand,40,102531.440371798,266.67900000000003,lh_lower_leg_link,-0.3743220030043512,0.14413355847881815,0.09825754241565551,0.008154207566364872,-0.5208114554598655,-0.004981392282872859,0.8536182533730551
stand,40,102531.440371798,266.67900000000003,lh_foot_link,-0.18491610491258448,0.145993565751611,0.0008360553555798456,0.008154207566364872,-0.5208114554598655,-0.004981392282872859,0.8536182533730551
stand,40,102531.440371798,266.67900000000003,d435_link,0.3400598394844793,0.017475011094129595,0.24925374451375443,0.0002785961153575322,0.0007255390919476112,-2.736321262626266e-06,0.9999996979848259
stand,40,102531.440371798,266.67900000000003,velodyne_base_link,0.20011575046918834,-4.5728663670124404e-05,0.28794709831023696,0.0002785961153575322,0.0007255390919476112,-2.736321262626266e-06,0.9999996979848259
stand,40,102531.440371798,266.67900000000003,gps_frame,0.00010145027276300459,-3.9143028114154337e-05,0.2782373262447533,0.0002785961153575322,0.0007255390919476112,-2.736321262626266e-06,0.9999996979848259
forward,1,102533.848629964,269.05400000000003,trunk,-1.0417494304980711e-05,6.331936538503973e-07,0.20493286426442245,0.03409753415359503,-0.026221362298993692,0.0003448480550750588,0.9990744113446446
forward,1,102533.848629964,269.05400000000003,imu_link,-1.0417494304980711e-05,6.331936538503973e-07,0.20493286426442245,0.03409753415359503,-0.026221362298993692,0.0003448480550750588,0.9990744113446446
forward,1,102533.848629964,269.05400000000003,rf_hip_link,0.19328340639002065,-0.04649810300372843,0.21266449034048396,0.018861216475491514,-0.023418874287115875,0.00024893794077451956,0.9995477721800448
forward,1,102533.848629964,269.05400000000003,rf_upper_leg_link,0.19341529834995655,-0.14193014377943503,0.20906474064157646,0.01631809773315213,0.46951931051528145,0.009461878428990992,0.882720686058858
forward,1,102533.848629964,269.05400000000003,rf_lower_leg_link,0.016791946247232004,-0.13768642218088464,0.09008918719049579,0.016221359842141132,-0.5414051564528114,-0.009626782531327932,0.8405502061800194
forward,1,102533.848629964,269.05400000000003,rf_foot_link,0.21072179016205095,-0.13409827629886578,0.00207020714469372,0.016221359842141132,-0.5414051564528114,-0.009626782531327932,0.8405502061800194
forward,1,102533.848629964,269.05400000000003,lf_hip_link,0.19307265178069072,0.046352742642914856,0.21792529305469668,0.026763204281076106,-0.02341617420959374,0.00043408335610947273,0.9993674125433725
forward,1,102533.848629964,269.05400000000003,lf_upper_leg_link,0.19287009616336404,0.14171589925435046,0.22303188999636847,0.0221615182941274,0.5273565270681124,0.015010817387794641,0.8492223712473127
forward,1,102533.848629964,269.05400000000003,lf_lower_leg_link,0.0019472808021365412,0.14636100520973247,0.12871380283804065,0.023223421198987907,-0.5310295177949547,-0.013309028498168458,0.8469304538736976
forward,1,102533.848629964,269.05400000000003,lf_foot_link,0.19367034942675151,0.15172908900551765,0.03607229684033658,0.023223421198987907,-0.5310295177949547,-0.013309028498168458,0.8469304538736976
forward,1,102533.848629964,269.05400000000003,rh_hip_link,-0.1930922696445745,-0.046348888642651485,0.19455220986882735,0.03204520575186104,-0.02341355265445449,0.000557848609553968,0.9992119890920779
forward,1,102533.848629964,269.05400000000003,rh_upper_leg_link,-0.19284249872856138,-0.14165269221896218,0.18843889338941106,0.026426178181182997,0.5314165365814302,0.01813459438439845,0.8465041395297763
forward,1,102533.848629964,269.05400000000003,rh_lower_leg_link,-0.3846811728272259,-0.13622849987312077,0.09604029352197968,0.02778963881280452,-0.5328937575423097,-0.015966915212531123,0.8455749740653916
forward,1,102533.848629964,269.05400000000003,rh_foot_link,-0.19253585797863842,-0.12984295000780144,0.004342950405318541,0.02778963881280452,-0.5328937575423097,-0.015966915212531123,0.8455749740653916
forward,1,102533.848629964,269.05400000000003,lh_hip_link,-0.19330302425390442,0.0465019570039918,0.19981301258304007,0.034892953845092535,-0.02341186761987488,0.0006245778762878479,0.9991165978648289
forward,1,102533.848629964,269.05400000000003,lh_upper_leg_link,-0.19357824290368134,0.14176933651381,0.2064688863819557,0.03021077553655401,0.4641323004993207,0.017470471288412795,0.8850781317531515
forward,1,102533.848629964,269.05400000000003,lh_lower_leg_link,-0.36880105105658845,0.1497058386653945,0.0856260982785385,0.02992276446780532,-0.5492643561273602,-0.01795930099317768,0.8349196121558273
forward,1,102533.848629964,269.05400000000003,lh_foot_link,-0.17321210765440292,0.15614640444262143,0.001528034500078601,0.02992276446780532,-0.5492643561273602,-0.01795930099317768,0.8349196121558273
forward,1,102533.848629964,269.05400000000003,d435_link,0.3373052268132511,0.014258012866913443,0.26529330851585897,0.03409753415359503,-0.026221362298993692,0.0003448480550750588,0.9990744113446446
forward,1,102533.848629964,269.05400000000003,velodyne_base_link,0.19552485761966676,-0.0056711913776881905,0.2951203722249781,0.03409753415359503,-0.026221362298993692,0.0003448480550750588,0.9990744113446446
forward,1,102533.848629964,269.05400000000003,gps_frame,-0.0036763642032310285,-0.004769869081149743,0.27467383602975853,0.03409753415359503,-0.026221362298993692,0.0003448480550750588,0.9990744113446446
forward,2,102533.949086833,269.154,trunk,-3.351248515193967e-05,5.0660028771626325e-06,0.187751355071334,0.02703615596285186,-0.01525770438947068,-0.0006158305676716358,0.9995178184906099
forward,2,102533.949086833,269.154,imu_link,-3.351248515193967e-05,5.0660028771626325e-06,0.187751355071334,0.02703615596285186,-0.01525770438947068,-0.0006158305676716358,0.9995178184906099
forward,2,102533.949086833,269.154,rf_hip_link,0.1932666673707402,-0.0468302728545622,0.19433499958626957,0.017739238817352888,-0.017436901052011212,-0.0007432478412131204,0.9996903127821785
forward,2,102533.949086833,269.154,rf_upper_leg_link,0.1931838306106018,-0.14227006334942827,0.19094537890435734,0.01564500205300923,0.4941081814985618,0.008394457810596492,0.8692191161985635
forward,2,102533.949086833,269.154,rf_lower_leg_link,0.010165877543668824,-0.1382438672409123,0.08205452253851846,0.014566765477262716,-0.5514295674177319,-0.01015097801706686,0.8340324928720227
forward,2,102533.949086833,269.154,rf_foot_link,0.20615060414832076,-0.13545288295401722,-0.0013193183494376592,0.014566765477262716,-0.5514295674177319,-0.01015097801706686,0.8340324928720227
forward,2,102533.949086833,269.154,lf_hip_link,0.1932788991577557,0.04602092800386214,0.19959373988523235,0.024532203023615085,-0.017441549166732313,-0.0006247385977808317,0.9995466837917862
forward,2,102533.949086833,269.154,lf_upper_leg_link,0.19331644512952847,0.14140590412071227,0.20427934779541254,0.022036987864061518,0.44704816228976013,0.010797705746436678,0.8941732054304921
forward,2,102533.949086833,269.154,lf_lower_leg_link,0.022926482896412154,0.14774384247563688,0.07662320298598155,0.019829155260307128,-0.5824739316930727,-0.014457658357080535,0.8124788610262462
forward,2,102533.949086833,269.154,lf_foot_link,0.22465215423064933,0.1510195951952518,0.008322229575119383,0.019829155260307128,-0.5824739316930727,-0.014457658357080535,0.8124788610262462
forward,2,102533.949086833,269.154,rh_hip_link,-0.19329769566624033,-0.046016186483977366,0.18086019000709855,0.017432407244338005,-0.017436672108773473,-0.0007485996408085505,0.999695710324905
forward,2,102533.949086833,269.154,rh_upper_leg_link,-0.1933825777242122,-0.14145803668224027,0.17752912024370626,0.015849444406646554,0.44113171817657104,0.00729687164168914,0.897272733339664
forward,2,102533.949086833,269.154,rh_lower_leg_link,-0.36204923224243496,-0.136771017357937,0.047534537650876174,0.013470512999641786,-0.6156361568880345,-0.011090288692416827,0.7878373392448321
forward,2,102533.949086833,269.154,rh_foot_link,-0.15536658064174808,-0.13515861144305447,-0.003930806751690136,0.013470512999641786,-0.6156361568880345,-0.011090288692416827,0.7878373392448321
forward,2,102533.949086833,269.154,lh_hip_link,-0.19328546387922482,0.046835014374446975,0.18611893030606133,0.0731201284974935,-0.01745129241588659,0.00022434051421162728,0.9971704211782753
forward,2,102533.949086833,269.154,lh_upper_leg_link,-0.1935719154547925,0.14131381310209717,0.20004460933708268,0.06340572069675379,0.4788397566969803,0.03641865048407931,0.8748519211193517
forward,2,102533.949086833,269.154,lh_lower_leg_link,-0.3730129270166826,0.157515410521327,0.08643373128963995,0.06169447286153218,-0.5525118082946975,-0.03924787304420392,0.8302915741923239
forward,2,102533.949086833,269.154,lh_foot_link,-0.17655566748019377,0.17009923227462298,0.005099896967790674,0.06169447286153218,-0.5525118082946975,-0.03924787304420392,0.8302915741923239
forward,2,102533.949086833,269.154,d435_link,0.3385478723764247,0.014538260856161002,0.2404764162147165,0.02703615596285186,-0.01525770438947068,-0.0006158305676716358,0.9995178184906099
forward,2,102533.949086833,269.154,velodyne_base_link,0.19743049726298828,-0.004728347072366929,0.2736906339538422,0.02703615596285186,-0.01525770438947068,-0.0006158305676716358,0.9995178184906099
forward,2,102533.949086833,269.154,gps_frame,-0.002170892078845704,-0.003776855282587686,0.2576164298931862,0.02703615596285186,-0.01525770438947068,-0.0006158305676716358,0.9995178184906099
forward,3,102534.051684898,269.254,trunk,-1.3212071879726378e-05,-6.159212126731568e-06,0.2086474793955398,-0.016157009139289337,-0.018453348330918558,-0.0003572652615511525,0.9996991034069119
forward,3,102534.051684898,269.254,imu_link,-1.3212071879726378e-05,-6.159212126731568e-06,0.2086474793955398,-0.016157009139289337,-0.018453348330918558,-0.0003572652615511525,0.9996991034069119
forward,3,102534.051684898,269.254,rf_hip_link,0.19333070889496023,-0.04665542186942584,0.2043656114864605,0.0006127383067824682,-0.008909101354181959,-0.0003916002734516413,0.9999600487589763
forward,3,102534.051684898,269.254,rf_upper_leg_link,0.1932569588899167,-0.14215532086881552,0.20424791678343276,0.000726473873050011,0.5679504509995393,3.216704123419441e-05,0.8230624255853338
forward,3,102534.051684898,269.254,rf_lower_leg_link,-0.005880446960967854,-0.14190838397819033,0.12866198811180662,0.00036121655586291134,-0.4716863728408057,-0.0006311272506686605,0.8817660896616958
forward,3,102534.051684898,269.254,rf_foot_link,0.17130031282809938,-0.14189951704961992,0.010441946317081896,0.00036121655586291134,-0.4716863728408057,-0.0006311272506686605,0.8817660896616958
forward,3,102534.051684898,269.254,lf_hip_link,0.193381743729731,0.046335746915263654,0.20564620646655077,0.011004266925082896,-0.008912689781071974,-0.00029899595253005194,0.999899685304345
forward,3,102534.051684898,269.254,lf_upper_leg_link,0.19342011340295187,0.14181260090703832,0.20774831959422188,0.00989125227869732,0.45522068816110467,0.004831813065223825,0.8903105872564878
forward,3,102534.051684898,269.254,lf_lower_leg_link,0.020747151683808775,0.14462707442883577,0.08306822082166543,0.009223980043026242,-0.5303947935397079,-0.006008450823960899,0.8476792905909832
forward,3,102534.051684898,269.254,lf_foot_link,0.21230235605229678,0.1466003600302984,-0.010053794960220824,0.009223980043026242,-0.5303947935397079,-0.006008450823960899,0.8476792905909832
forward,3,102534.051684898,269.254,rh_hip_link,-0.19340777022642486,-0.04634826895886711,0.19747399165019755,0.007423010980205269,-0.008911561749940131,-0.0003309152312272218,0.9999326844694469
forward,3,102534.051684898,269.254,rh_upper_leg_link,-0.19345833601236634,-0.14183772373485873,0.19605572873904778,0.006745671616456672,0.45136425991918705,0.0031155274586234963,0.8923088558737395
forward,3,102534.051684898,269.254,rh_lower_leg_link,-0.36504148399231484,-0.1398725922200438,0.06986396360589556,0.006106200957468682,-0.5401355707959306,-0.0042337816157089056,0.841545218371569
forward,3,102534.051684898,269.254,rh_foot_link,-0.17139280697436327,-0.13865771342024258,-0.01883617144867436,0.006106200957468682,-0.5401355707959306,-0.0042337816157089056,0.841545218371569
forward,3,102534.051684898,269.254,lh_hip_link,-0.1933567353916541,0.046642899825822384,0.1987545866302878,0.008550709331860662,-0.008911929281940494,-0.0003208647486805204,0.9999236770535083
forward,3,102534.051684898,269.254,lh_upper_leg_link,-0.1933100097356439,0.14212891526722782,0.20038819363221932,0.007181489448009903,0.5674524332350941,0.004652289068086501,0.8233617178563174
forward,3,102534.051684898,269.254,lh_lower_leg_link,-0.39235937050913366,0.14352321784113947,0.12458312852442081,0.007431069170395222,-0.4707312635577249,-0.004242262986864023,0.8822351500167531
forward,3,102534.051684898,269.254,lh_foot_link,-0.21542998694201074,0.14546534528422317,0.0060031075615590845,0.007431069170395222,-0.4707312635577249,-0.004242262986864023,0.8822351500167531
forward,3,102534.051684898,269.254,d435_link,0.3382473912680107,0.01878575039766327,0.26208088057262025,-0.016157009139289337,-0.018453348330918558,-0.0003572652615511525,0.9996991034069119
forward,3,102534.051684898,269.254,velodyne_base_link,0.19689980269597593,0.002555636496762519,0.2959326546418562,-0.016157009139289337,-0.018453348330918558,-0.0003572652615511525,0.9996991034069119
forward,3,102534.051684898,269.254,gps_frame,-0.0025950953539247415,0.0022560644285576567,0.2785632588942869,-0.016157009139289337,-0.018453348330918558,-0.0003572652615511525,0.9996991034069119
forward,4,102534.150761269,269.349,trunk,-1.0899146272803974e-05,-1.6835229900230112e-06,0.19716768300455115,-0.035117245994509515,-0.023362217789596774,0.00042121911975104704,0.9991100081513375
forward,4,102534.150761269,269.349,imu_link,-1.0899146272803974e-05,-1.6835229900230112e-06,0.19716768300455115,-0.035117245994509515,-0.023362217789596774,0.00042121911975104704,0.9991100081513375
forward,4,102534.150761269,269.349,rf_hip_link,0.1929348076993461,-0.04609399606985543,0.22227298524976546,-0.03276556516687896,-0.02907495662339025,-0.0002116630044330033,0.9990400491649049
forward,4,102534.150761269,269.349,rf_upper_leg_link,0.19271246131332045,-0.1413889333010264,0.2285240251785948,-0.028185478241164172,0.4788023208954016,-0.01670945475619414,0.8773110682324967
forward,4,102534.150761269,269.349,rf_lower_leg_link,0.013566877447811796,-0.14851459538748335,0.11352365682563843,-0.027273305338602852,-0.5831601287670133,0.01816022791266052,0.8116961482935028
forward,4,102534.150761269,269.349,rf_foot_link,0.2154244724823598,-0.15343375202333118,0.045712793205858276,-0.027273305338602852,-0.5831601287670133,0.01816022791266052,0.8116961482935028
forward,4,102534.150761269,269.349,lf_hip_link,0.19318953292072516,0.046660915235271536,0.21553046763098094,-0.018789216115749064,-0.029075073041936714,0.00019501662881644342,0.9994006040892092
forward,4,102534.150761269,269.349,lf_upper_leg_link,0.19325664995674022,0.14209347835458916,0.21194279543567957,-0.016310763822317956,0.4800776042099202,-0.009329075906133634,0.8770247552163698
forward,4,102534.150761269,269.349,lf_lower_leg_link,0.013828812088957303,0.13790749021513674,0.09723826849193173,-0.015758914548403644,-0.5601233285438082,0.010233732749390675,0.8281961024704688
forward,4,102534.150761269,269.349,lf_foot_link,0.21151548812121757,0.13478946025419647,0.017996511769362428,-0.015758914548403644,-0.5601233285438082,0.010233732749390675,0.8281961024704688
forward,4,102534.150761269,269.349,rh_hip_link,-0.1932111924822127,-0.046667386508160644,0.19979682527549897,-0.05151266682401926,-0.02906586083946293,-0.000757388632371403,0.9982489906094562
forward,4,102534.150761269,269.349,rh_upper_leg_link,-0.19364157706885254,-0.14166044796831584,0.2096143118955439,-0.04429071683035311,0.47201322910127663,-0.026314651499047725,0.8800848726529295
forward,4,102534.150761269,269.349,rh_lower_leg_link,-0.37110346316215936,-0.15297446535277884,0.0923612863702712,-0.04404096380485587,-0.5550600101520309,0.026730544102248177,0.8302133801916013
forward,4,102534.150761269,269.349,rh_foot_link,-0.1742933860568094,-0.16222988676641434,0.011434586670838104,-0.04404096380485587,-0.5550600101520309,0.026730544102248177,0.8302133801916013
forward,4,102534.150761269,269.349,lh_hip_link,-0.19295646726083363,0.046087524796966324,0.19305430765671444,-0.04515002951933665,-0.029070097271355882,-0.0005721437873277516,0.9985569973369189
forward,4,102534.150761269,269.349,lh_upper_leg_link,-0.19259665497977374,0.14119810396677127,0.18444627274120276,-0.0384141093902814,0.48909601877104025,-0.023732018748135245,0.8710604065782165
forward,4,102534.150761269,269.349,lh_lower_leg_link,-0.37447472286666567,0.131888396303806,0.07398045103620102,-0.03756644701323728,-0.5884826414881689,0.025052236884397835,0.8072479966856511
forward,4,102534.150761269,269.349,lh_foot_link,-0.17170189360379937,0.1252501948344747,0.009110473434963767,-0.03756644701323728,-0.5884826414881689,0.025052236884397835,0.8072479966856511
forward,4,102534.150761269,269.349,d435_link,0.3376932597866884,0.021210525564114183,0.25315378150253787,-0.035117245994509515,-0.023362217789596774,0.00042121911975104704,0.9991100081513375
forward,4,102534.150761269,269.349,velodyne_base_link,0.19603371776962614,0.0061070050829572595,0.2862136941550457,-0.035117245994509515,-0.023362217789596774,0.00042121911975104704,0.9991100081513375
forward,4,102534.150761269,269.349,gps_frame,-0.0032807696189028584,0.00490897766167196,0.2669186210184709,-0.035117245994509515,-0.023362217789596774,0.00042121911975104704,0.9991100081513375
forward,5,102534.256568337,269.454,trunk,-1.5291367009468907e-05,5.5565382890988966e-06,0.18875654342286974,-0.010500343362681816,-0.004297157395731777,0.0005336515211026847,0.9999354941413152
forward,5,102534.256568337,269.454,imu_link,-1.5291367009468907e-05,5.5565382890988966e-06,0.18875654342286974,-0.010500343362681816,-0.004297157395731777,0.0005336515211026847,0.9999354941413152
forward,5,102534.256568337,269.454,rf_hip_link,0.19339971839941583,-0.04619935147131182,0.19015834053776653,-0.020911428912201963,-0.009872057457026696,0.0005377365284972729,0.9997324469386002
forward,5,102534.256568337,269.454,rf_upper_leg_link,0.19346296878050903,-0.14161577426054453,0.19415236876697184,-0.019017025613387334,0.43080966724279557,-0.008713768217248296,0.9022003400522678
forward,5,102534.256568337,269.454,rf_lower_leg_link,0.027816132691278198,-0.1473255337922914,0.060370739461161976,-0.01694798862067808,-0.573129160463282,0.012261431459561434,0.8191980153826848
forward,5,102534.256568337,269.454,rf_foot_link,0.22791432966807232,-0.15024634942483944,-0.012575681991002341,-0.01694798862067808,-0.573129160463282,0.012261431459561434,0.8191980153826848
forward,5,102534.256568337,269.454,lf_hip_link,0.19329826167177572,0.0467817343318192,0.18828553798458564,-0.00476113899495241,-0.009862084187600673,0.0006971187026564819,0.9999397906256465
forward,5,102534.256568337,269.454,lf_upper_leg_link,0.19317408837436387,0.14227731183778738,0.18737490205632606,-0.004436610851395261,0.5081874859184327,-0.0018630360082756603,0.8612330258047981
forward,5,102534.256568337,269.454,lf_lower_leg_link,0.006724064773364162,0.14105290936746084,0.08439971311366219,-0.003762773446823894,-0.5119414052803005,0.0029993257580207813,0.8590068935349799
forward,5,102534.256568337,269.454,lf_foot_link,0.19406714210752982,0.14033008565154922,-0.01694647034107155,-0.003762773446823894,-0.5119414052803005,0.0029993257580207813,0.8590068935349799
forward,5,102534.256568337,269.454,rh_hip_link,-0.19332466476970284,-0.04677493422669418,0.18253205920566462,-0.024836518527017258,-0.009874092679322358,0.0004989717116924888,0.9996426364798814
forward,5,102534.256568337,269.454,rh_upper_leg_link,-0.19327623570518004,-0.1421570678162596,0.18727508002872725,-0.021285978587763835,0.524091483157025,-0.012806589744080991,0.8512996039332791
forward,5,102534.256568337,269.454,rh_lower_leg_link,-0.3834560431313799,-0.1470172679611606,0.09147831963525123,-0.021408387663437833,-0.4982719038144335,0.01260089532390074,0.8666648765490776
forward,5,102534.256568337,269.454,rh_foot_link,-0.1993795163933563,-0.15224651404488196,-0.015561333248442083,-0.021408387663437833,-0.4982719038144335,0.01260089532390074,0.8666648765490776
forward,5,102534.256568337,269.454,lh_hip_link,-0.19342612149734295,0.046206151576436844,0.18065925665248372,0.003913187177847006,-0.009855665846026707,0.0007826427923257386,0.9999434685456484
forward,5,102534.256568337,269.454,lh_upper_leg_link,-0.19358296412954215,0.14170310979378367,0.18140515987880845,0.0031600776380293436,0.4346820730441513,0.002437103393554021,0.9005751327959316
forward,5,102534.256568337,269.454,lh_lower_leg_link,-0.3603498517105991,0.1424641682438187,0.04890147692409677,0.003647391980723758,-0.5851499947394427,-0.0016192885376601844,0.8109152595017564
forward,5,102534.256568337,269.454,lh_foot_link,-0.15820732818965175,0.14332051307543933,-0.01823023583606334,0.003647391980723758,-0.5851499947394427,-0.0016192885376601844,0.8109152595017564
forward,5,102534.256568337,269.454,d435_link,0.33959775490710314,0.01876651184796588,0.23279635900247675,-0.010500343362681816,-0.004297157395731777,0.0005336515211026847,0.9999354941413152
forward,5,102534.256568337,269.454,velodyne_base_link,0.19928881109824081,0.0019166316836355698,0.2704524584511615,-0.010500343362681816,-0.004297157395731777,0.0005336515211026847,0.9999354941413152
forward,5,102534.256568337,269.454,gps_frame,-0.000617639088945101,0.001475188736510149,0.25873852223473126,-0.010500343362681816,-0.004297157395731777,0.0005336515211026847,0.9999354941413152
forward,6,102534.358082214,269.55400000000003,trunk,-1.545261417285559e-05,4.731715283632572e-06,0.21777769536936437,-0.0013736362072637618,-0.002573342361388944,5.267014326298596e-05,0.9999957441202023
forward,6,102534.358082214,269.55400000000003,imu_link,-1.545261417285559e-05,4.731715283632572e-06,0.21777769536936437,-0.0013736362072637618,-0.002573342361388944,5.267014326298596e-05,0.9999957441202023
forward,6,102534.358082214,269.55400000000003,rf_hip_link,0.19336122462623753,-0.04644526786280002,0.21538180668716525,0.0008498309563775192,-0.010901652334132003,0.00012865529088222242,0.9999402058181016
forward,6,102534.358082214,269.55400000000003,rf_upper_leg_link,0.19338756584873515,-0.1419451267587159,0.21521976656820513,0.0006809821495146722,0.4751173749375552,0.0005244312636865731,0.8799220086278149
forward,6,102534.358082214,269.55400000000003,rf_lower_leg_link,0.015291197649341049,-0.14179600768435172,0.09838372162621195,0.0008010420742353468,-0.5073745113887971,-0.0003116030063947604,0.8617252267562677
forward,6,102534.358082214,269.55400000000003,rf_foot_link,0.2015459231455167,-0.14156929954113523,-0.004951295835256803,0.0008010420742353468,-0.5073745113887971,-0.0003116030063947604,0.8617252267562677
forward,6,102534.358082214,269.55400000000003,lf_hip_link,0.1933123238962592,0.04654666429983843,0.2166058007140498,0.006840930492449636,-0.01090068582527757,0.00019396993774915198,0.9999171661163735
forward,6,102534.358082214,269.55400000000003,lf_upper_leg_link,0.1932610356776965,0.14203771863255954,0.21791190635446514,0.005619759393334174,0.5380247342945885,0.003905670070590951,0.8429012690303048
forward,6,102534.358082214,269.55400000000003,lf_lower_leg_link,5.994789858025403e-05,0.1431604651572655,0.12823984202444422,0.005974389628098226,-0.5216235316547273,-0.0033380567566999157,0.8531483196195785
forward,6,102534.358082214,269.55400000000003,lf_foot_link,0.18964791758263047,0.14459004938379325,0.031165859722187633,0.005974389628098226,-0.5216235316547273,-0.0033380567566999157,0.8531483196195785
forward,6,102534.358082214,269.55400000000003,rh_hip_link,-0.19334682328512484,-0.046537622579770774,0.2069487081350562,0.007174935545940665,-0.0109006204247581,0.00019761111685405176,0.9999148252346864
forward,6,102534.358082214,269.55400000000003,rh_upper_leg_link,-0.19329414442806744,-0.14202778249847453,0.20557882360036206,0.005902379494400594,0.536982142613055,0.004084197172760709,0.8435630739692502
forward,6,102534.358082214,269.55400000000003,rh_lower_leg_link,-0.3862731725240736,-0.14084099402246092,0.11543068857675738,0.006259544002630238,-0.5224864971508091,-0.003512386527852961,0.8526173476682466
forward,6,102534.358082214,269.55400000000003,rh_foot_link,-0.1964888786209735,-0.1393492181607774,0.018742031576671758,0.006259544002630238,-0.5224864971508091,-0.003512386527852961,0.8526173476682466
forward,6,102534.358082214,269.55400000000003,lh_hip_link,-0.19339572401510316,0.04645430958286768,0.20817270216194075,-0.0003602833125899092,-0.010901800047953634,0.00011546216954421462,0.9999405020400647
forward,6,102534.358082214,269.55400000000003,lh_upper_leg_link,-0.1934170257796641,0.14195428224397225,0.20810365172314768,-0.00037103660307480504,0.47585905246255317,-7.394198472670694e-05,0.879521471627534
forward,6,102534.358082214,269.55400000000003,lh_lower_leg_link,-0.37171007371754927,0.14183025289931664,0.09156793327708238,-0.0002525154868909549,-0.5148166893288824,0.000281729492256028,0.8573002001941158
forward,6,102534.358082214,269.55400000000003,lh_foot_link,-0.18369389936004069,0.14179981838026962,-0.008526608300902627,-0.0002525154868909549,-0.5148166893288824,0.000281729492256028,0.8573002001941158
forward,6,102534.358082214,269.55400000000003,d435_link,0.33976473023767984,0.017656884881451704,0.2609787234793486,-0.0013736362072637618,-0.002573342361388944,5.267014326298596e-05,0.9999957441202023
forward,6,102534.358082214,269.55400000000003,velodyne_base_link,0.19957015283833893,0.0002469727890897975,0.2988056375585651,-0.0013736362072637618,-0.002573342361388944,5.267014326298596e-05,0.9999957441202023
forward,6,102534.358082214,269.55400000000003,gps_frame,-0.0003757291404565161,0.00019702099049276003,0.28777650411393696,-0.0013736362072637618,-0.002573342361388944,5.267014326298596e-05,0.9999957441202023
forward,7,102534.448843213,269.639,trunk,-1.6953860696991023e-05,-1.6542730119143924e-06,0.19477783909723365,0.04439746558911752,-0.03347906235449466,-0.000939780070012594,0.9984523695432582
forward,7,102534.448843213,269.639,imu_link,-1.6953860696991023e-05,-1.6542730119143924e-06,0.19477783909723365,0.04439746558911752,-0.03347906235449466,-0.000939780070012594,0.9984523695432582
forward,7,102534.448843213,269.639,rf_hip_link,0.19295357366045573,-0.04716939199166022,0.21131803081400163,0.040384182332006704,-0.03783030244256951,-0.000751872237712121,0.9984675361385653
forward,7,102534.448843213,269.639,rf_upper_leg_link,0.19310198559032546,-0.14235778552021333,0.20361103974404504,0.035229540025931684,0.47186500505618734,0.019756695170191865,0.8807451217627252
forward,7,102534.448843213,269.639,rf_lower_leg_link,0.015762948007458203,-0.13311113497506158,0.08599146142955572,0.033290126374832286,-0.5815974875436164,-0.022873892988171052,0.8124733318629396
forward,7,102534.448843213,269.639,rf_foot_link,0.21738615933152752,-0.12725621602316448,0.017560470062803896,0.033290126374832286,-0.5815974875436164,-0.022873892988171052,0.8124733318629396
forward,7,102534.448843213,269.639,lf_hip_link,0.1926993848901816,0.04539897324480496,0.2202641554228736,0.0461669888340959,-0.03783402292176715,-0.0005327328723864313,0.9982168662406152
forward,7,102534.448843213,269.639,lf_upper_leg_link,0.19246733899488763,0.14049182338430174,0.22907017649085298,0.04118125444036085,0.42803049962812745,0.02087531904041507,0.9025841881651676
forward,7,102534.448843213,269.639,lf_lower_leg_link,0.02752302180431844,0.15251962490403173,0.09484013433508617,0.037651021363204945,-0.5994178707881808,-0.0267221865240916,0.7991035862248668
forward,7,102534.448843213,269.639,lf_foot_link,0.23200433721129293,0.15851315098417756,0.03550659159103578,0.037651021363204945,-0.5994178707881808,-0.0267221865240916,0.7991035862248668
forward,7,102534.448843213,269.639,rh_hip_link,-0.19273886546703964,-0.045406770808402094,0.18212084659278255,0.04433273257150643,-0.037832980180793556,-0.0006022502783761274,0.9983000108824928
forward,7,102534.448843213,269.639,rh_upper_leg_link,-0.19253334699678293,-0.1405313118168152,0.17366333749747917,0.0395095573766666,0.4315553655019672,0.020118368685219032,0.9009962334126647
forward,7,102534.448843213,269.639,rh_lower_leg_link,-0.35851343795743273,-0.12906519276209302,0.04066657994859224,0.034563319977876,-0.6444432597605587,-0.027769241883088366,0.763365660130537
forward,7,102534.448843213,269.639,rh_foot_link,-0.14853563037730563,-0.12544898491660816,0.005096320395681864,0.034563319977876,-0.6444432597605587,-0.027769241883088366,0.763365660130537
forward,7,102534.448843213,269.639,lh_hip_link,-0.19299305423731378,0.047161594428063086,0.1910669712016545,0.08347351915608867,-0.03782747262034652,0.0008828419536120215,0.9957913810155921
forward,7,102534.448843213,269.639,lh_upper_leg_link,-0.19376406750301764,0.1413305903363117,0.20693693491227383,0.07178695533333247,0.46641578675383727,0.042605643454677364,0.8806177979444784
forward,7,102534.448843213,269.639,lh_lower_leg_link,-0.3700397033800661,0.1597955287333786,0.08880587952828611,0.07087436663160944,-0.5669572192415119,-0.044107051191223004,0.8195065001204782
forward,7,102534.448843213,269.639,lh_foot_link,-0.17077769823956854,0.17388556097447083,0.014879400518168828,0.07087436663160944,-0.5669572192415119,-0.044107051191223004,0.8195065001204782
forward,7,102534.448843213,269.639,d435_link,0.3364231623393442,0.012103846289319308,0.260275969356335,0.04439746558911752,-0.03347906235449466,-0.000939780070012594,0.9984523695432582
forward,7,102534.448843213,269.639,velodyne_base_link,0.19417931813961634,-0.008059105417826186,0.2876373320003787,0.04439746558911752,-0.03347906235449466,-0.000939780070012594,0.9984523695432582
forward,7,102534.448843213,269.639,gps_frame,-0.0047026100794721895,-0.006203275119916783,0.26434496153787146,0.04439746558911752,-0.03347906235449466,-0.000939780070012594,0.9984523695432582
forward,8,102534.551672894,269.744,trunk,-2.5413793559304574e-05,-1.075966707703674e-05,0.19304422502244248,0.011030159932541432,-0.010689844917628975,-0.0009406879245476718,0.9998815819354451
forward,8,102534.551672894,269.744,imu_link,-2.5413793559304574e-05,-1.075966707703674e-05,0.19304422502244248,0.011030159932541432,-0.010689844917628975,-0.0009406879245476718,0.9998815819354451
forward,8,102534.551672894,269.744,rf_hip_link,0.19325274486680627,-0.04696695553355146,0.19160569443556563,0.01946286389545726,-0.0094673504485032,-0.0010623123243599368,0.9997651912809316
forward,8,102534.551672894,269.744,rf_upper_leg_link,0.1930850848507979,-0.1423943886020603,0.18788723937004562,0.0164877832886727,0.5708218418726233,0.0103963734404525,0.8208425508358216
forward,8,102534.551672894,269.744,rf_lower_leg_link,-0.00659230612992497,-0.13915704545610735,0.11380985320876932,0.01694761849877889,-0.45422966412549926,-0.009628593132302788,0.8906713651229328
forward,8,102534.551672894,269.744,rf_foot_link,0.16582375452518125,-0.13458982879148162,-0.01117351592534016,0.01694761849877889,-0.45422966412549926,-0.009628593132302788,0.8906713651229328
forward,8,102534.551672894,269.744,lf_hip_link,0.19342781799339168,0.04598450155836935,0.19460502334202867,0.027383955884386964,-0.0094754705493229,-0.000987263823997996,0.9995795914924097
forward,8,102534.551672894,269.744,lf_upper_leg_link,0.1935667462177464,0.14134108811398968,0.19983494680312788,0.024807829380397137,0.4484156039882351,0.011637324914658478,0.8934050539201858
forward,8,102534.551672894,269.744,lf_lower_leg_link,0.022781018711072964,0.14855969307360412,0.07275573126237439,0.0226227424275707,-0.5419372829323968,-0.01546179985616227,0.8399720981307147
forward,8,102534.551672894,269.744,lf_foot_link,0.21685042428511714,0.15308515353332544,-0.014911742910003994,0.0226227424275707,-0.5419372829323968,-0.01546179985616227,0.8399720981307147
forward,8,102534.551672894,269.744,rh_hip_link,-0.19347704379132666,-0.04600279879406374,0.18429946652936113,0.0055507803681295875,-0.009451653590723525,-0.0011939331598644336,0.9999392129551253
forward,8,102534.551672894,269.744,rh_upper_leg_link,-0.1936950505287473,-0.14149664159599837,0.18323717655867186,0.005497551268366753,0.43946868385872484,0.0014190028671978842,0.8982399675300553
forward,8,102534.551672894,269.744,rh_lower_leg_link,-0.3618611650444265,-0.13965865907914785,0.052524592049883356,0.0039087819192048,-0.5720763236729451,-0.004118016876305187,0.8201807381630967
forward,8,102534.551672894,269.744,rh_foot_link,-0.16197255987367423,-0.13929652172559678,-0.021051316911054496,0.0039087819192048,-0.5720763236729451,-0.004118016876305187,0.8201807381630967
forward,8,102534.551672894,269.744,lh_hip_link,-0.19330197066474125,0.04694865829785706,0.18729879543582417,0.015626695024696297,-0.009463204744695364,-0.0010986300329209509,0.999832509558784
forward,8,102534.551672894,269.744,lh_upper_leg_link,-0.1931204122897387,0.14240178678605628,0.19028498002017025,0.013480001393883605,0.5606600448870456,0.007980610738846991,0.8278978883183069
forward,8,102534.551672894,269.744,lh_lower_leg_link,-0.3909023486304932,0.14524987586438856,0.11127109487392796,0.013225812050940583,-0.48362424354260997,-0.008395146272537405,0.8751355269171137
forward,8,102534.551672894,269.744,lh_foot_link,-0.21055619016321442,0.14845095988248513,-0.0020162221002336944,0.013225812050940583,-0.48362424354260997,-0.008395146272537405,0.8751355269171137
forward,8,102534.551672894,269.744,d435_link,0.3390370590256282,0.01585061956059163,0.242172182182636,0.011030159932541432,-0.010689844917628975,-0.0009406879245476718,0.9998815819354451
forward,8,102534.551672894,269.744,velodyne_base_link,0.19821669033756492,-0.0021971622314483504,0.27727775631189405,0.011030159932541432,-0.010689844917628975,-0.0009406879245476718,0.9998815819354451
forward,8,102534.551672894,269.744,gps_frame,-0.0015232674914785976,-0.0015533913806820032,0.26301119381269245,0.011030159932541432,-0.010689844917628975,-0.0009406879245476718,0.9998815819354451
forward,9,102534.657127064,269.849,trunk,-2.4263259839071058e-05,-7.59447700586343e-06,0.19954790061803424,-0.04644015135342631,-0.032972120432177086,0.000360687341998754,0.9983766931980725
forward,9,102534.657127064,269.849,imu_link,-2.4263259839071058e-05,-7.59447700586343e-06,0.19954790061803424,-0.04644015135342631,-0.032972120432177086,0.000360687341998754,0.9983766931980725
forward,9,102534.657127064,269.849,rf_hip_link,0.19278675435044457,-0.045855458817169736,0.21979409351032428,-0.04212147334014929,-0.03340520286062312,-0.00017776494078223512,0.9985538755145471
forward,9,102534.657127064,269.849,rf_upper_leg_link,0.19248409876208197,-0.14101657704487636,0.22782652634522982,-0.03631324413396252,0.47349810394881886,-0.021344751513810503,0.8797870739219544
forward,9,102534.657127064,269.849,rf_lower_leg_link,0.014691887518323236,-0.150320938226135,0.11089766556200265,-0.03498917004323342,-0.5871319097891815,0.023452251414411724,0.8083946254092672
forward,9,102534.657127064,269.849,rf_foot_link,0.2172356557877233,-0.15650453775367315,0.045271565326543195,-0.03498917004323342,-0.5871319097891815,0.023452251414411724,0.8083946254092672
forward,9,102534.657127064,269.849,lf_hip_link,0.19309998041743093,0.0467907897693482,0.21169628440686425,-0.035393045516414416,-0.03340564236047841,4.7297117944797996e-05,0.9988149944562004
forward,9,102534.657127064,269.849,lf_upper_leg_link,0.19331678191027554,0.1420515298169308,0.20494392165745665,-0.030489913981297974,0.47960865859982466,-0.01797317593964403,0.8767684213565932
forward,9,102534.657127064,269.849,lf_lower_leg_link,0.01394789418361359,0.13433560356215224,0.09033036836758192,-0.0302277555039856,-0.546973831720542,0.01841066824250593,0.83640119410783
forward,9,102534.657127064,269.849,lf_foot_link,0.20907552391220446,0.12785513094072923,0.0051704506180625665,-0.0302277555039856,-0.546973831720542,0.01841066824250593,0.83640119410783
forward,9,102534.657127064,269.849,rh_hip_link,-0.19314995510104177,-0.04680665300193675,0.19398340720829424,-0.06057995435092734,-0.0333962032815281,-0.0007954777887574649,0.997604195035439
forward,9,102534.657127064,269.849,rh_upper_leg_link,-0.19368794717887933,-0.1416055753440088,0.2055213830838961,-0.05184842208183252,0.4760189077076954,-0.031341741842102394,0.8773456763731726
forward,9,102534.657127064,269.849,rh_lower_leg_link,-0.3722919192531285,-0.15462827914097826,0.09019562557449506,-0.05245555057986903,-0.5391564414440246,0.030314664230956783,0.8400236710922753
forward,9,102534.657127064,269.849,rh_foot_link,-0.17867732801145328,-0.16643681071135255,0.0022015994109513826,-0.05245555057986903,-0.5391564414440246,0.030314664230956783,0.8400236710922753
forward,9,102534.657127064,269.849,lh_hip_link,-0.1928367290340554,0.045839595584581186,0.1858855981048342,-0.045053106552207955,-0.03340453694768216,-0.0002758438770248796,0.9984259003108151
forward,9,102534.657127064,269.849,lh_upper_leg_link,-0.19249667495781966,0.14095189261110996,0.17729576006430098,-0.03855066852030964,0.4828025595088712,-0.023317471056834276,0.8745695112635895
forward,9,102534.657127064,269.849,lh_lower_leg_link,-0.3727557218670927,0.13138499564334005,0.06422874237227663,-0.037114896064182806,-0.5984328027495824,0.02554100604897943,0.7999051956909833
forward,9,102534.657127064,269.849,lh_foot_link,-0.1684301639172355,0.12524896731613297,0.004375459046737917,-0.037114896064182806,-0.5984328027495824,0.02554100604897943,0.7999051956909833
forward,9,102534.657127064,269.849,d435_link,0.33654373468075727,0.022550311114431863,0.26152873360361556,-0.04644015135342631,-0.032972120432177086,0.000360687341998754,0.9983766931980725
forward,9,102534.657127064,269.849,velodyne_base_link,0.1942711649013704,0.008165397900772548,0.2921896233526913,-0.04644015135342631,-0.032972120432177086,0.000360687341998754,0.9983766931980725
forward,9,102534.657127064,269.849,gps_frame,-0.004635211831377367,0.006481807618866359,0.269093761844341,-0.04644015135342631,-0.032972120432177086,0.000360687341998754,0.9983766931980725
forward,10,102534.758360038,269.944,trunk,-2.404085529016794e-05,-5.581417811873105e-06,0.19061753675392332,-0.02631300538433953,-0.012249487648979367,0.0014688052192378864,0.9995776200031737
forward,10,102534.758360038,269.944,imu_link,-2.404085529016794e-05,-5.581417811873105e-06,0.19061753675392332,-0.02631300538433953,-0.012249487648979367,0.0014688052192378864,0.9995776200031737
forward,10,102534.758360038,269.944,rf_hip_link,0.1932977608354737,-0.04558743344115952,0.2003699811378166,-0.040573826797241065,-0.020543202476863594,0.0013241015782085638,0.9989644579093055
forward,10,102534.758360038,269.944,rf_upper_leg_link,0.1933912007240155,-0.1407726676059608,0.20811675246393552,-0.03692153704425759,0.4262915713329968,-0.016875685712036896,0.9036744477656113
forward,10,102534.758360038,269.944,rf_lower_leg_link,0.02901830130662476,-0.15192155067631938,0.07311211423471077,-0.03291672745038145,-0.5749600787003837,0.023758739863874005,0.817173738708536
forward,10,102534.758360038,269.944,rf_foot_link,0.22950426890458353,-0.15756109130987145,0.0014003831319634452,-0.03291672745038145,-0.5749600787003837,0.023758739863874005,0.817173738708536
forward,10,102534.758360038,269.944,lf_hip_link,0.1931310848558153,0.04723692623614033,0.19465942340524153,-0.02032935538963655,-0.020512164593838377,0.0017399760544652022,0.9995813828280552
forward,10,102534.758360038,269.944,lf_upper_leg_link,0.192878535375742,0.14265741098655974,0.190771325058351,-0.018376306279470726,0.49193370205445114,-0.008866880779132068,0.870393544654241
forward,10,102534.758360038,269.944,lf_lower_leg_link,0.01040618136378491,0.13770188041471002,0.08100665525022709,-0.016422510192336617,-0.5399069391538924,0.012108318058708928,0.8414773834431005
forward,10,102534.758360038,269.944,lf_foot_link,0.20403098885268048,0.13459983107369003,-0.007699664788279881,-0.016422510192336617,-0.5399069391538924,0.012108318058708928,0.8414773834431005
forward,10,102534.758360038,269.944,rh_hip_link,-0.1931744057314335,-0.04725550593040119,0.18453577755028586,-0.05813855543344769,-0.02056331431010671,0.0009625578312961427,0.998096253854866
forward,10,102534.758360038,269.944,rh_upper_leg_link,-0.19321925177189872,-0.14210973146461708,0.19562288209280573,-0.050250305711546026,0.49880101747546884,-0.029256194581025442,0.8647638561017512
forward,10,102534.758360038,269.944,rh_lower_leg_link,-0.37759853720493697,-0.1544047852111263,0.08968841765099779,-0.05019331088560993,-0.5074533211746671,0.02935387006524298,0.8597151322870463
forward,10,102534.758360038,269.944,rh_foot_link,-0.19112186503351716,-0.16644193921413453,-0.012539551415108069,-0.05019331088560993,-0.5074533211746671,0.02935387006524298,0.8597151322870463
forward,10,102534.758360038,269.944,lh_hip_link,-0.1933410817110919,0.04556885374689866,0.1788252198177108,-0.0236976420673798,-0.02051791152266989,0.0016708440210621554,0.999507201248421
forward,10,102534.758360038,269.944,lh_upper_leg_link,-0.19356718646211604,0.14096105908467307,0.1742946528071203,-0.022078344757500087,0.41491906507524107,-0.008770213912176602,0.9095481292805738
forward,10,102534.758360038,269.944,lh_lower_leg_link,-0.35441732773392615,0.13395660170514878,0.034841543735801284,-0.018063720165267468,-0.6106096242032492,0.015429581105372802,0.7915753387208766
forward,10,102534.758360038,269.944,lh_foot_link,-0.14839425530857153,0.13187885286805429,-0.019187861111810034,-0.018063720165267468,-0.6106096242032492,0.015429581105372802,0.7915753387208766
forward,10,102534.758360038,269.944,d435_link,0.3388128670378797,0.020869217455806235,0.239426271846953,-0.02631300538433953,-0.012249487648979367,0.0014688052192378864,0.9995776200031737
forward,10,102534.758360038,269.944,velodyne_base_link,0.1979498022277252,0.00491604471582166,0.2753650148942334,-0.02631300538433953,-0.012249487648979367,0.0014688052192378864,0.9995776200031737
forward,10,102534.758360038,269.944,gps_frame,-0.001743655589899607,0.003674164468202506,0.2604995973659207,-0.02631300538433953,-0.012249487648979367,0.0014688052192378864,0.9995776200031737
forward,11,102534.848894447,270.034,trunk,-2.3920758778942383e-05,-2.4783670102038095e-06,0.2030478656523141,0.013646417596737797,-0.014543399691353187,0.0008346515594374282,0.999800764237039
forward,11,102534.848894447,270.034,imu_link,-2.3920758778942383e-05,-2.4783670102038095e-06,0.2030478656523141,0.013646417596737797,-0.014543399691353187,0.0008346515594374282,0.999800764237039
forward,11,102534.848894447,270.034,rf_hip_link,0.19346152179396678,-0.04613139808058437,0.20379385274869277,-0.0179700697054111,-0.0012453265836317561,0.000928351637334653,0.9998373187272619
forward,11,102534.848894447,270.034,rf_upper_leg_link,0.19363453379718823,-0.14156955509936625,0.20722579850949424,-0.016182616466992986,0.4819129611603459,-0.007868174264852241,0.8760343101863574
forward,11,102534.848894447,270.034,rf_lower_leg_link,0.013734897318825231,-0.14599345949173909,0.09327164165297581,-0.014742942309849388,-0.5312661496419403,0.010316534981684899,0.8470138682469417
forward,11,102534.848894447,270.034,rf_foot_link,0.2054953435480864,-0.14897829272309934,0.0006000600729920147,-0.014742942309849388,-0.5312661496419403,0.010316534981684899,0.8470138682469417
forward,11,102534.848894447,270.034,lf_hip_link,0.19328739823854924,0.04686207673055972,0.20270604599353925,-0.006132296815559657,-0.0012342490804633066,0.0009430293048560866,0.9999799909301703
forward,11,102534.848894447,270.034,lf_upper_leg_link,0.19310872888263309,0.14235472430617552,0.2015345784265514,-0.00561784836009303,0.5560799889660567,-0.00263327710409302,0.8311056199443042
forward,11,102534.848894447,270.034,lf_lower_leg_link,-0.003778245975566482,0.14098951672107557,0.120277853539092,-0.00485035631013842,-0.4985681482827498,0.003868903225546083,0.8668283031543248
forward,11,102534.848894447,270.034,lf_foot_link,0.1803354384772843,0.14002014766635226,0.013178780149861263,-0.00485035631013842,-0.4985681482827498,0.003868903225546083,0.8668283031543248
forward,11,102534.848894447,270.034,rh_hip_link,-0.1933366117606049,-0.046866766163182506,0.20284353044399073,-0.004195747448605151,-0.0012324205175401743,0.0009454177544281054,0.9999899914640571
forward,11,102534.848894447,270.034,rh_upper_leg_link,-0.19315702642351965,-0.14236323302390835,0.20364513273003357,-0.004002865748138568,0.5604060119039351,-0.0015732695844144337,0.828206860458511
forward,11,102534.848894447,270.034,rh_lower_leg_link,-0.3908799853721928,-0.14339991728982587,0.12443934512386103,-0.0031721903150583194,-0.49770597846072845,0.002904362234280479,0.867335149116572
forward,11,102534.848894447,270.034,rh_foot_link,-0.20698127982042513,-0.1439562024512743,0.016968620537100076,-0.0031721903150583194,-0.49770597846072845,0.002904362234280479,0.867335149116572
forward,11,102534.848894447,270.034,lh_hip_link,-0.19351073531602245,0.04612670864796158,0.2017557236888372,0.002125255273868439,-0.0012264199279625665,0.0009531889753549216,0.9999965353014771
forward,11,102534.848894447,270.034,lh_upper_leg_link,-0.1936932916125205,0.14162567241963403,0.20216142275884133,0.0014117387405633262,0.47662497977126056,0.001852639449606008,0.8791036363130593
forward,11,102534.848894447,270.034,lh_lower_leg_link,-0.37218957851574863,0.14177820189862278,0.08593727597118564,0.0023051700447663426,-0.5368263942641207,-0.0003338716318522999,0.8436895146570099
forward,11,102534.848894447,270.034,lh_foot_link,-0.17924754583945834,0.14253035460941327,-0.00429468229771704,0.0023051700447663426,-0.5368263942641207,-0.0003338716318522999,0.8436895146570099
forward,11,102534.848894447,270.034,d435_link,0.33858970882492506,0.01679003845403178,0.25488724488244235,0.013646417596737797,-0.014543399691353187,0.0008346515594374282,0.999800764237039
forward,11,102534.848894447,270.034,velodyne_base_link,0.19756653845453115,-0.0019330043685648244,0.288804984874164,0.013646417596737797,-0.014543399691353187,0.0008346515594374282,0.999800764237039
forward,11,102534.848894447,270.034,gps_frame,-0.0020579964558997917,-0.0019142956049069432,0.2729921827260211,0.013646417596737797,-0.014543399691353187,0.0008346515594374282,0.999800764237039
forward,12,102534.951080372,270.139,trunk,-2.2700277289979718e-05,-2.8536632945033675e-06,0.1892604483141046,0.02595307401626967,-0.013772330380824415,-4.343575128747098e-05,0.9995682863008024
forward,12,102534.951080372,270.139,imu_link,-2.2700277289979718e-05,-2.8536632945033675e-06,0.1892604483141046,0.02595307401626967,-0.013772330380824415,-4.343575128747098e-05,0.9995682863008024
forward,12,102534.951080372,270.139,rf_hip_link,0.19331816101939872,-0.04657952661069822,0.19520295026865594,0.014972352297050465,-0.016686702010498374,-0.0001192711458159889,0.9997486526207973
forward,12,102534.951080372,270.139,rf_upper_leg_link,0.19334310524004425,-0.14203670716894573,0.19234356962663265,0.012967784663409981,0.4922623659626227,0.007484792571384025,0.8703180898372547
forward,12,102534.951080372,270.139,rf_lower_leg_link,0.010792774467611482,-0.1387984188050239,0.08264448018944809,0.012518015934500604,-0.5558648458024504,-0.008214915457678528,0.831137827103366
forward,12,102534.951080372,270.139,rf_foot_link,0.20764870978420572,-0.13631151010522913,0.0013391543137853124,0.012518015934500604,-0.5558648458024504,-0.008214915457678528,0.831137827103366
forward,12,102534.951080372,270.139,lf_hip_link,0.19322059279478224,0.04628711242705535,0.20018068411782097,0.02181660317834632,-0.016687127503997548,-5.025805714956089e-06,0.9996227166167069
forward,12,102534.951080372,270.139,lf_upper_leg_link,0.1931520175816708,0.14169620326495075,0.20434609921434582,0.019263670060140264,0.4547002960943823,0.010240860086643563,0.8903772664057529
forward,12,102534.951080372,270.139,lf_lower_leg_link,0.02059983012984711,0.1470192486812848,0.079580688169913,0.017891963350351803,-0.5854919694990424,-0.012483663203155606,0.8103845935434806
forward,12,102534.951080372,270.139,lf_foot_link,0.22282076447105098,0.15008231089727314,0.01275022083628255,0.017891963350351803,-0.5854919694990424,-0.012483663203155606,0.8103845935434806
forward,12,102534.951080372,270.139,rh_hip_link,-0.1932664221315156,-0.04629400605309617,0.18229874366596932,0.020100741875050156,-0.016687094294721618,-3.366886490278544e-05,0.9996586917175678
forward,12,102534.951080372,270.139,rh_upper_leg_link,-0.1932087849016057,-0.1417168342302098,0.1784607050222396,0.017720049776471593,0.4586874656935245,0.00948898273995836,0.8883702875817786
forward,12,102534.951080372,270.139,rh_lower_leg_link,-0.3668687333109477,-0.13686491222681224,0.05522239453667033,0.016162707273173347,-0.606400017933924,-0.011950223894202493,0.7949056404959125
forward,12,102534.951080372,270.139,rh_foot_link,-0.16144133375348615,-0.13447879625843615,-0.0010171819343918198,0.016162707273173347,-0.606400017933924,-0.011950223894202493,0.7949056404959125
forward,12,102534.951080372,270.139,lh_hip_link,-0.19336399035613208,0.04657263298465739,0.18727647751513435,0.06583948836251408,-0.016671143340583377,0.0007302255207245513,0.9976906842917643
forward,12,102534.951080372,270.139,lh_upper_leg_link,-0.19371278667688946,0.14124457703634194,0.19982045418130082,0.05653950846940663,0.48736173827172014,0.033743968930560614,0.8707141692953082
forward,12,102534.951080372,270.139,lh_lower_leg_link,-0.37529981867904766,0.15521065978106285,0.08936639883965776,0.0560649009667157,-0.5466518516904496,-0.03452677709750946,0.8347672619276908
forward,12,102534.951080372,270.139,lh_foot_link,-0.18007986170339127,0.16710756912401434,0.005006266392461961,0.0560649009667157,-0.5466518516904496,-0.03452677709750946,0.8347672619276908
forward,12,102534.951080372,270.139,d435_link,0.3386946239233411,0.015047867173520895,0.24095716086584096,0.02595307401626967,-0.013772330380824415,-4.343575128747098e-05,0.9995682863008024
forward,12,102534.951080372,270.139,velodyne_base_link,0.19769862621945322,-0.004313797628132125,0.274628433006847,0.02595307401626967,-0.013772330380824415,-4.343575128747098e-05,0.9995682863008024
forward,12,102534.951080372,270.139,gps_frame,-0.0019501519528655952,-0.003634631674297391,0.2591395948352029,0.02595307401626967,-0.013772330380824415,-4.343575128747098e-05,0.9995682863008024
forward,13,102535.051793834,270.23400000000004,trunk,-2.396845140868258e-05,-8.908347306986694e-06,0.20325620403741299,0.006709214996275584,-0.013086701571714043,2.106704943860645e-05,0.9998918562686097
forward,13,102535.051793834,270.23400000000004,imu_link,-2.396845140868258e-05,-8.908347306986694e-06,0.20325620403741299,0.006709214996275584,-0.013086701571714043,2.106704943860645e-05,0.9998918562686097
forward,13,102535.051793834,270.23400000000004,rf_hip_link,0.1933592505268771,-0.046548580167113975,0.19693825757168837,0.006155701314592302,-0.004601206605363323,-7.604092434681201e-05,0.9999704647922748
forward,13,102535.051793834,270.23400000000004,rf_upper_leg_link,0.1933501369571188,-0.1420413415649027,0.19576248651921474,0.005078675129017184,0.5715385539506028,0.0034792958814322205,0.8205521207742731
forward,13,102535.051793834,270.23400000000004,rf_lower_leg_link,-0.006441666059445456,-0.1411131872868173,0.12192906605783795,0.005478693794028969,-0.44913496798463,-0.002807553242223088,0.8934427133804096
forward,13,102535.051793834,270.23400000000004,rf_foot_link,0.16450861781951193,-0.13956513365484222,-0.0051244815969063995,0.005478693794028969,-0.44913496798463,-0.002807553242223088,0.8934427133804096
forward,13,102535.051793834,270.23400000000004,lf_hip_link,0.1933761380672548,0.04645101358977587,0.19721262204539686,0.0058334730193725145,-0.004601181863238744,-7.752360168005933e-05,0.999972396473065
forward,13,102535.051793834,270.23400000000004,lf_upper_leg_link,0.19338581806023106,0.14194451282505696,0.19832685276616727,0.005237625214213612,0.4482235853318201,0.0025695718499388885,0.8939024455358158
forward,13,102535.051793834,270.23400000000004,lf_lower_leg_link,0.022695448992767944,0.1434483709025237,0.0709238060267111,0.004860410433727261,-0.5458250280977451,-0.0032267363995653092,0.8378788714872331
forward,13,102535.051793834,270.23400000000004,lf_foot_link,0.2175269502146013,0.1444329428366151,-0.015150096811218788,0.004860410433727261,-0.5458250280977451,-0.0032267363995653092,0.8378788714872331
forward,13,102535.051793834,270.23400000000004,rh_hip_link,-0.1934243670353143,-0.046467845467069745,0.19337923138288177,-0.005989210473393187,-0.004599943758686313,-0.00013191612614622445,0.9999714758299149
forward,13,102535.051793834,270.23400000000004,rh_upper_leg_link,-0.1934548243526991,-0.14196099085067357,0.19452302205329217,-0.005292689052891084,0.44475904641855385,-0.002806329729085118,0.8956302264801584
forward,13,102535.051793834,270.23400000000004,rh_lower_leg_link,-0.36315384071522605,-0.14344864750081096,0.06580227499485525,-0.005056615184021031,-0.5584815611080863,0.0032122712898614318,0.8294953030959945
forward,13,102535.051793834,270.23400000000004,rh_foot_link,-0.16579908475472266,-0.14447123675559004,-0.014316727813381086,-0.005056615184021031,-0.5584815611080863,0.0032122712898614318,0.8294953030959945
forward,13,102535.051793834,270.23400000000004,lh_hip_link,-0.1934074794949366,0.0465317482898201,0.19365359585659025,-0.0007987438169181136,-0.0046005665083885625,-0.00010803818449079051,0.9999890925024469
forward,13,102535.051793834,270.23400000000004,lh_upper_leg_link,-0.19338614256403422,0.14203162420400864,0.19350113238564645,-0.0005966826433702821,0.5632030252896212,-0.0005418798367476278,0.8263181606625163
forward,13,102535.051793834,270.23400000000004,lh_lower_leg_link,-0.39164024256385177,0.14195159527275572,0.11562748197273433,-0.0007556503819128226,-0.47453282604397523,0.0002804575452505919,0.8802374380488391
forward,13,102535.051793834,270.23400000000004,lh_foot_link,-0.213699288120035,0.14172493539331246,-0.001444997102932749,-0.0007556503819128226,-0.47453282604397523,0.0002804575452505919,0.8802374380488391
forward,13,102535.051793834,270.23400000000004,d435_link,0.338769695898399,0.016887307684333733,0.25387113148220897,0.006709214996275584,-0.013086701571714043,2.106704943860645e-05,0.9998918562686097
forward,13,102535.051793834,270.23400000000004,velodyne_base_link,0.19781390347047462,-0.001109005458201199,0.28845577105372544,0.006709214996275584,-0.013086701571714043,2.106704943860645e-05,0.9998918562686097
forward,13,102535.051793834,270.23400000000004,gps_frame,-0.0018558887491141474,-0.0009481354661958128,0.2732259254920679,0.006709214996275584,-0.013086701571714043,2.106704943860645e-05,0.9998918562686097
forward,14,102535.152395856,270.334,trunk,-7.291366598391454e-05,-1.0034989615494248e-05,0.19998671387928732,-0.034235156838380416,-0.024211853918159502,0.0004052909394925979,0.9991204011055682
forward,14,102535.152395856,270.334,imu_link,-7.291366598391454e-05,-1.0034989615494248e-05,0.19998671387928732,-0.034235156838380416,-0.024211853918159502,0.0004052909394925979,0.9991204011055682
forward,14,102535.152395856,270.334,rf_hip_link,0.19306818161156095,-0.046068365367405155,0.21437692046666013,-0.027755031587131076,-0.023884280878790423,0.00022558792924578573,0.9993293493431415
forward,14,102535.152395856,270.334,rf_upper_leg_link,0.19298462439621128,-0.14142122036775667,0.21967560534818445,-0.02388149911992378,0.495781284988262,-0.014144492500671221,0.8680037585097609
forward,14,102535.152395856,270.334,rf_lower_leg_link,0.009515877142885211,-0.14726451596325113,0.11162897338828096,-0.023098934105120473,-0.567286470336322,0.015389344090108817,0.8230526519640411
forward,14,102535.152395856,270.334,rf_foot_link,0.20856953654760654,-0.1516444231558488,0.03594900846642443,-0.023098934105120473,-0.567286470336322,0.015389344090108817,0.8230526519640411
forward,14,102535.152395856,270.334,lf_hip_link,0.19318750577436522,0.04674086075324941,0.20842433206921634,-0.020039046957432253,-0.02388182745951696,0.00040997585860263233,0.9995138452437901
forward,14,102535.152395856,270.334,lf_upper_leg_link,0.1932006451447305,0.1421641300399646,0.20459686476145347,-0.017553621673197635,0.4795909518717379,-0.009674804872505594,0.8772632372324703
forward,14,102535.152395856,270.334,lf_lower_leg_link,0.01389837879424855,0.13758071165098112,0.08971131494141585,-0.01664394714608936,-0.5598995939658316,0.011167385842935472,0.828318002456623
forward,14,102535.152395856,270.334,lf_foot_link,0.2115456721945356,0.13437128462681,0.010375024445090086,-0.01664394714608936,-0.5598995939658316,0.011167385842935472,0.828318002456623
forward,14,102535.152395856,270.334,rh_hip_link,-0.19329047203577387,-0.04675558953035704,0.19591727597472602,-0.048517952576859556,-0.02388381054961544,-0.0002708443110971317,0.9985366786026134
forward,14,102535.152395856,270.334,rh_upper_leg_link,-0.1935634571749605,-0.1418059631002888,0.20516940888180205,-0.04207688683677173,0.47155829843845254,-0.024157828400267093,0.8804991232789162
forward,14,102535.152395856,270.334,rh_lower_leg_link,-0.3708745210182768,-0.15273577588197093,0.08765206619865237,-0.04114656868437838,-0.5540343634531701,0.025710405760955554,0.8310787321512622
forward,14,102535.152395856,270.334,rh_foot_link,-0.17427378663449183,-0.1612351531558107,0.006135737615273307,-0.04114656868437838,-0.5540343634531701,0.025710405760955554,0.8310787321512622
forward,14,102535.152395856,270.334,lh_hip_link,-0.1931711478729696,0.04605363659029752,0.18996468757728224,-0.03603856219968737,-0.02388533027698473,2.7578436005373484e-05,0.9990649189474968
forward,14,102535.152395856,270.334,lh_upper_leg_link,-0.19301199897320287,0.14130556985363327,0.18308763288615634,-0.03063369576937932,0.5066056613560057,-0.0189830295132252,0.8614243583484583
forward,14,102535.152395856,270.334,lh_lower_leg_link,-0.3791671732264008,0.13416082501425353,0.07982000136523067,-0.03002334541783336,-0.5718930807483807,0.019934328579421266,0.819536164831141
forward,14,102535.152395856,270.334,lh_foot_link,-0.17925152580697035,0.12853553217202002,0.006532280720438405,-0.03002334541783336,-0.5718930807483807,0.019934328579421266,0.819536164831141
forward,14,102535.152395856,270.334,d435_link,0.3375342199920021,0.02112614693021042,0.25658340209592073,-0.034235156838380416,-0.024211853918159502,0.0004052909394925979,0.9991204011055682
forward,14,102535.152395856,270.334,velodyne_base_link,0.19581982589812016,0.005954734361251614,0.28937606510559977,-0.034235156838380416,-0.024211853918159502,0.0004052909394925979,0.9991204011055682
forward,14,102535.152395856,270.334,gps_frame,-0.003461534201577866,0.004777297320599972,0.26974055750254095,-0.034235156838380416,-0.024211853918159502,0.0004052909394925979,0.9991204011055682
forward,15,102535.253113396,270.434,trunk,-2.23750530829831e-05,-5.594807291571936e-07,0.1898114197996392,-0.013076948441890172,-0.016634364121255348,0.0008109173312301147,0.9997757917467354
forward,15,102535.253113396,270.434,imu_link,-2.23750530829831e-05,-5.594807291571936e-07,0.1898114197996392,-0.013076948441890172,-0.016634364121255348,0.0008109173312301147,0.9997757917467354
forward,15,102535.253113396,270.434,rf_hip_link,0.19326012931791173,-0.04593294468792673,0.1984102972008794,-0.028498741035734996,-0.017916496908334818,0.0008221410851983391,0.9994329116964019
forward,15,102535.253113396,270.434,rf_upper_leg_link,0.19331954507322457,-0.1412776895440188,0.20385328333853578,-0.025912437708655145,0.4268009042615705,-0.011891161784322146,0.903896085822325
forward,15,102535.253113396,270.434,rf_lower_leg_link,0.028844440072443158,-0.14909350831353255,0.06873906198510453,-0.023006774219382395,-0.5815327805764033,0.01683872015932975,0.8130232290399154
forward,15,102535.253113396,270.434,rf_foot_link,0.2304221292042285,-0.15289035008440596,2.9388453234108214e-05,-0.023006774219382395,-0.5815327805764033,0.01683872015932975,0.8130232290399154
forward,15,102535.253113396,270.434,lf_hip_link,0.19318546183849153,0.04694137173799028,0.19357751609822682,-0.013346913063428,-0.017901977414019766,0.0010936096644910632,0.9997500603322047
forward,15,102535.253113396,270.434,lf_upper_leg_link,0.19302227140184883,0.14240711854853988,0.19102515350928528,-0.012099176321081161,0.48534680350132037,-0.005739860866986431,0.8742191626020501
forward,15,102535.253113396,270.434,lf_lower_leg_link,0.012241109898324198,0.1390879358562888,0.07843672305707601,-0.010809690643698078,-0.5375267644152307,0.007904850321702463,0.8431403450593928
forward,15,102535.253113396,270.434,lf_foot_link,0.20534518486000694,0.137015438323458,-0.0114271795243788,-0.010809690643698078,-0.5375267644152307,0.007904850321702463,0.8431403450593928
forward,15,102535.253113396,270.434,rh_hip_link,-0.1932910215270681,-0.046963590666280745,0.18457608058811426,-0.050777616667274206,-0.017930374664610043,0.00042242374110885777,0.9985489256256606
forward,15,102535.253113396,270.434,rh_upper_leg_link,-0.1933843538525163,-0.14197108861020163,0.19426197876602702,-0.04386807450319811,0.49468459561941236,-0.025576098912999914,0.8675878088474
forward,15,102535.253113396,270.434,rh_lower_leg_link,-0.3766939850546783,-0.15279460032221087,0.08632945029222872,-0.04352422793356864,-0.5226695657039918,0.026156956608375886,0.8510217272729145
forward,15,102535.253113396,270.434,rh_foot_link,-0.18672285581229528,-0.16274963179622776,-0.009487392709015385,-0.04352422793356864,-0.5226695657039918,0.026156956608375886,0.8510217272729145
forward,15,102535.253113396,270.434,lh_hip_link,-0.1933656890064883,0.04591072575963627,0.17974329948546167,-0.010703369883775233,-0.01789902315637223,0.0011409414875411755,0.9997818567546126
forward,15,102535.253113396,270.434,lh_upper_leg_link,-0.19354696953857942,0.141388595759636,0.17769550124544042,-0.010109666704089856,0.4247998636517386,-0.0036957426153773625,0.9052232939817211
forward,15,102535.253113396,270.434,lh_lower_leg_link,-0.3573763858313115,0.13815885339957273,0.04161283842070637,-0.008034357687147524,-0.5970418148743526,0.007163307260049151,0.8021378980058181
forward,15,102535.253113396,270.434,lh_foot_link,-0.15333626534683603,0.13723534128227272,-0.01950815926462171,-0.008034357687147524,-0.5970418148743526,0.007163307260049151,0.8021378980058181
forward,15,102535.253113396,270.434,d435_link,0.3383870352452388,0.01927667436902758,0.2421178178465692,-0.013076948441890172,-0.016634364121255348,0.0008109173312301147,0.9997757917467354
forward,15,102535.253113396,270.434,velodyne_base_link,0.19720408286287636,0.002500429796884382,0.2763877985097561,-0.013076948441890172,-0.016634364121255348,0.0008109173312301147,0.9997757917467354
forward,15,102535.253113396,270.434,gps_frame,-0.002352148496795759,0.0018279143535855323,0.25974874058860137,-0.013076948441890172,-0.016634364121255348,0.0008109173312301147,0.9997757917467354
forward,16,102535.355135731,270.53900000000004,trunk,-6.182070526739692e-05,-5.7652385910680364e-06,0.20430750992834512,0.0012862704752561933,-0.0011270002381089535,0.019134285906014573,0.9998154602133309
forward,16,102535.355135731,270.53900000000004,imu_link,-6.182070526739692e-05,-5.7652385910680364e-06,0.20430750992834512,0.0012862704752561933,-0.0011270002381089535,0.019134285906014573,0.9998154602133309
forward,16,102535.355135731,270.53900000000004,rf_hip_link,0.19439144166059327,-0.042042360495921804,0.20611379507118222,-0.005710018207035132,-0.004970147892393974,0.011462341583148614,0.9999056495727155
forward,16,102535.355135731,270.53900000000004,rf_upper_leg_link,0.19657512183062403,-0.13751103848566554,0.20721518682965484,-0.010554577057402903,0.4808313642670864,0.007251929786808127,0.8767195729277173
forward,16,102535.355135731,270.53900000000004,rf_lower_leg_link,0.01702561000988009,-0.14293843166809123,0.0927533320125331,0.0011364502454398859,-0.5277516563986624,0.012755315101285827,0.8493021839051015
forward,16,102535.355135731,270.53900000000004,rf_foot_link,0.2079614250355629,-0.13965958279186796,-0.001595826386071919,0.0011364502454398859,-0.5277516563986624,0.012755315101285827,0.8493021839051015
forward,16,102535.355135731,270.53900000000004,lf_hip_link,0.19224619675057336,0.05092917510999215,0.20694535466273392,0.0039489705948034136,-0.004859193986336851,0.011509816612100904,0.9999141553086447
forward,16,102535.355135731,270.53900000000004,lf_upper_leg_link,0.19004434543297735,0.1464008936927764,0.20768886096724437,-0.003126563560459018,0.5525810501505498,0.01175988297157866,0.8333703335056467
forward,16,102535.355135731,270.53900000000004,lf_lower_leg_link,-0.006114974016352093,0.14252264345432195,0.12477034332333194,0.009157691684316651,-0.5023163035598073,0.008012922701350213,0.8645983234605585
forward,16,102535.355135731,270.53900000000004,lf_foot_link,0.17886634740005516,0.14761025350127072,0.01929510001453466,0.009157691684316651,-0.5023163035598073,0.008012922701350213,0.8645983234605585
forward,16,102535.355135731,270.53900000000004,rh_hip_link,-0.19228780893751224,-0.05093074579977584,0.20231988368876772,0.005595823826513412,-0.004840230728125915,0.011517804093643537,0.9999062951652328
forward,16,102535.355135731,270.53900000000004,rh_upper_leg_link,-0.19008294124696593,-0.14639942694618738,0.2012618295162466,-0.0018042845547591073,0.555308714899269,0.012677445037640065,0.8315457041567141
forward,16,102535.355135731,270.53900000000004,rh_lower_leg_link,-0.3867849065703267,-0.15003756951959385,0.11962788586201117,0.010590454558361793,-0.5023930405298257,0.007198286440827494,0.8645445389173192
forward,16,102535.355135731,270.53900000000004,rh_foot_link,-0.20178804790063376,-0.14459657454843344,0.01419753986964789,0.010590454558361793,-0.5023930405298257,0.007198286440827494,0.8645445389173192
forward,16,102535.355135731,270.53900000000004,lh_hip_link,-0.19443305384753215,0.04204078980613811,0.20315144328031942,0.010847881384699614,-0.0047796652282790075,0.011543069130288821,0.9998631085427757
forward,16,102535.355135731,270.53900000000004,lh_upper_leg_link,-0.19664738144835237,0.13749286428182078,0.20521256714000496,0.003917408917889881,0.4790869485910214,0.015348383721199312,0.8776245078131427
forward,16,102535.355135731,270.53900000000004,lh_lower_leg_link,-0.37578829369637257,0.13582499067960724,0.08999645821163439,0.015305197998121743,-0.5315623820892589,0.004082877627535452,0.8468710143652985
forward,16,102535.355135731,270.53900000000004,lh_foot_link,-0.18404472051305848,0.14227115141457963,-0.0025338025395055808,0.015305197998121743,-0.5315623820892589,0.004082877627535452,0.8468710143652985
forward,16,102535.355135731,270.53900000000004,d435_link,0.3389272452664734,0.03038075959874035,0.2466344783990147,0.0012862704752561933,-0.0011270002381089535,0.019134285906014573,0.9998154602133309
forward,16,102535.355135731,270.53900000000004,velodyne_base_link,0.19961487402091277,0.007436741265834468,0.2847676036404422,0.0012862704752561933,-0.0011270002381089535,0.019134285906014573,0.9998154602133309
forward,16,102535.355135731,270.53900000000004,gps_frame,-0.0002161259605253157,-0.000188828881863958,0.274307100481367,0.0012862704752561933,-0.0011270002381089535,0.019134285906014573,0.9998154602133309
forward,17,102535.454977827,270.634,trunk,-2.079640680404803e-05,-3.7072456887490274e-06,0.18807086047444357,0.003669818268063743,0.00417898243779239,0.003318178610551045,0.9999790288952927
forward,17,102535.454977827,270.634,imu_link,-2.079640680404803e-05,-3.7072456887490274e-06,0.18807086047444357,0.003669818268063743,0.00417898243779239,0.003318178610551045,0.9999790288952927
forward,17,102535.454977827,270.634,rf_hip_link,0.1938077410773023,-0.04454006620927693,0.19581836738889188,0.006808645737393053,-0.015504057566107302,0.0050137510894956855,0.9998440522612625
forward,17,102535.454977827,270.634,rf_upper_leg_link,0.1947853804680881,-0.14002641059613483,0.1945329659512281,0.0033085728543494597,0.49558441609112464,0.007781304674166259,0.8685186187819202
forward,17,102535.454977827,270.634,rf_lower_leg_link,0.011413664464663565,-0.14044505622064696,0.086164896365208,0.008439199611447387,-0.5547972782187514,0.0005246586346245497,0.831942597012739
forward,17,102535.454977827,270.634,rf_foot_link,0.2080361203475552,-0.13733014046164851,0.00431804460904911,0.008439199611447387,-0.5547972782187514,0.0005246586346245497,0.831942597012739
forward,17,102535.454977827,270.634,lf_hip_link,0.19274579238144243,0.04832865479964332,0.20064256920211423,0.022313864141884784,-0.01542443745961361,0.005253592109695693,0.9996182161035566
forward,17,102535.454977827,270.634,lf_upper_leg_link,0.19167700123306164,0.1437282826259108,0.2048874126728204,0.01714886685035653,0.46075337650157083,0.015212663433675614,0.8872321101489757
forward,17,102535.454977827,270.634,lf_lower_leg_link,0.01741911522927768,0.14722392755904498,0.08244979740694833,0.021309605824102493,-0.5842873778087886,-0.008450411979242506,0.8112229973135208
forward,17,102535.454977827,270.634,lf_foot_link,0.2194144416305481,0.1524847605641595,0.015076124892110937,0.021309605824102493,-0.5842873778087886,-0.008450411979242506,0.8112229973135208
forward,17,102535.454977827,270.634,rh_hip_link,-0.19278685767832368,-0.04833643670611813,0.18379989061239096,0.0210527412885868,-0.015431053047025103,0.005234128662966316,0.9996455714818304
forward,17,102535.454977827,270.634,rh_upper_leg_link,-0.1917254440326567,-0.14374654942856085,0.1797956689197806,0.015991519886927298,0.46418288471673563,0.014658966891655831,0.8854736786135572
forward,17,102535.454977827,270.634,rh_lower_leg_link,-0.3669205620753608,-0.1406130517292392,0.05869301904715671,0.020118684893326244,-0.5990651556393112,-0.00811495759617386,0.8004063500998873
forward,17,102535.454977827,270.634,rh_foot_link,-0.16258590604525378,-0.13582407270063984,-0.0012520727028900447,0.020118684893326244,-0.5990651556393112,-0.00811495759617386,0.8004063500998873
forward,17,102535.454977827,270.634,lh_hip_link,-0.19384880637418356,0.04453228430280212,0.18862409242561332,0.06710482946071541,-0.015173408598601876,0.005939795661507476,0.9976128649742082
forward,17,102535.454977827,270.634,lh_upper_leg_link,-0.19517507705682824,0.13916546149469672,0.20139330464265434,0.055398675957490685,0.4799055801010963,0.038331788526092925,0.8747298410814496
forward,17,102535.454977827,270.634,lh_lower_leg_link,-0.37490927473160396,0.15197239994868808,0.08781249414351976,0.05971629455638633,-0.5507085724186661,-0.03118178112146685,0.831974596340022
forward,17,102535.454977827,270.634,lh_foot_link,-0.1789332559962067,0.1658218158185084,0.005528876328744575,0.05971629455638633,-0.5507085724186661,-0.03118178112146685,0.831974596340022
forward,17,102535.454977827,270.634,d435_link,0.34019210305138964,0.019458741117680974,0.22686385141291374,0.003669818268063743,0.00417898243779239,0.003318178610551045,0.9999790288952927
forward,17,102535.454977827,270.634,velodyne_base_link,0.2006383854177765,0.0007447308549750268,0.26639922436581687,0.003669818268063743,0.00417898243779239,0.003318178610551045,0.9999790288952927
forward,17,102535.454977827,270.634,gps_frame,0.0005659536609313663,-0.0005155297033781779,0.2580665300699965,0.003669818268063743,0.00417898243779239,0.003318178610551045,0.9999790288952927
forward,18,102535.558807716,270.73400000000004,trunk,-2.0039906492650338e-05,-8.283969520157885e-06,0.20213032477564705,0.0033603483968180172,-0.010295855308501188,0.0009618516026542153,0.9999408873846558
forward,18,102535.558807716,270.73400000000004,imu_link,-2.0039906492650338e-05,-8.283969520157885e-06,0.20213032477564705,0.0033603483968180172,-0.010295855308501188,0.0009618516026542153,0.9999408873846558
forward,18,102535.558807716,270.73400000000004,rf_hip_link,0.19349082573367368,-0.0459935881794434,0.19615645674968876,0.006962888126673568,-0.006566926214374358,0.0013680052701756159,0.9999532600229929
forward,18,102535.558807716,270.73400000000004,rf_upper_leg_link,0.1937608359591953,-0.141483970708792,0.1948283231431602,0.004884213160072231,0.5737374876620461,0.00514759276660239,0.8190085115563572
forward,18,102535.558807716,270.73400000000004,rf_lower_leg_link,-0.006425521855705786,-0.14103801464978485,0.1220669098254007,0.006848386457493499,-0.4488760924966953,-0.0018581852471214121,0.8935658343599617
forward,18,102535.558807716,270.73400000000004,rf_foot_link,0.16444864412684151,-0.13878643883948893,-0.005078478632613681,0.006848386457493499,-0.4488760924966953,-0.0018581852471214121,0.8935658343599617
forward,18,102535.558807716,270.73400000000004,lf_hip_link,0.19323029695138152,0.046999429265625,0.19726588507761558,0.014286975852911858,-0.006556729939708531,0.0014160687914063915,0.9998754354231602
forward,18,102535.558807716,270.73400000000004,lf_upper_leg_link,0.19294196941721312,0.14246005978602488,0.19999258415905888,0.012041006941102278,0.453355298955305,0.007819020506943847,0.8912142559336124
forward,18,102535.558807716,270.73400000000004,lf_lower_leg_link,0.02078222548021196,0.1455214332401403,0.07461056567107696,0.01289155421707333,-0.5320674091237383,-0.006319079024030376,0.8465802674398387
forward,18,102535.558807716,270.73400000000004,lf_foot_link,0.21270341842375443,0.14873839754984025,-0.017719856399645156,0.01289155421707333,-0.5320674091237383,-0.006319079024030376,0.8465802674398387
forward,18,102535.558807716,270.73400000000004,rh_hip_link,-0.19327436539296675,-0.04701645490799579,0.191069151330414,-0.004713526482737339,-0.006582452024672073,0.001291233389885775,0.9999663927901639
forward,18,102535.558807716,270.73400000000004,rh_upper_leg_link,-0.19303367417722658,-0.14251189294642183,0.19197102803363011,-0.004787125963619458,0.4470811698825207,-0.0009838905320525265,0.8944800405380245
forward,18,102535.558807716,270.73400000000004,rh_lower_leg_link,-0.3633952885816866,-0.14414863167687206,0.06413034036403745,-0.0032551576635806976,-0.5489232650972095,0.0036453482900614567,0.8358584595608566
forward,18,102535.558807716,270.73400000000004,rh_foot_link,-0.16793199565072786,-0.1444552812098739,-0.020504209806977813,-0.0032551576635806976,-0.5489232650972095,0.0036453482900614567,0.8358584595608566
forward,18,102535.558807716,270.73400000000004,lh_hip_link,-0.1935348941752589,0.045976562537072614,0.19217857965834081,0.004976204535113271,-0.006569631155649281,0.001354955646132997,0.9999651201067468
forward,18,102535.558807716,270.73400000000004,lh_upper_leg_link,-0.19379992581609,0.14147148222044442,0.19312730137504017,0.003306396850202025,0.5666575486520607,0.003958062183347262,0.8239372694806681
forward,18,102535.558807716,270.73400000000004,lh_lower_leg_link,-0.392700757300194,0.1416765576740202,0.11692088970915439,0.005040402435739206,-0.4669083202856293,-0.0010921811498390893,0.8842906885926561
forward,18,102535.558807716,270.73400000000004,lh_foot_link,-0.21681039045289865,0.14335807870818482,-0.0031988477919555613,0.005040402435739206,-0.4669083202856293,-0.0010921811498390893,0.8842906885926561
forward,18,102535.558807716,270.73400000000004,d435_link,0.3390181368920946,0.017842068063298695,0.2507408134112738,0.0033603483968180172,-0.010295855308501188,0.0009618516026542153,0.9999408873846558
forward,18,102535.558807716,270.73400000000004,velodyne_base_link,0.19829046584955956,-0.00017661359067830967,0.28623094886320904,0.0033603483968180172,-0.010295855308501188,0.0009618516026542153,0.9999408873846558
forward,18,102535.558807716,270.73400000000004,gps_frame,-0.0014609219416832544,-0.00048009136750725676,0.27211390325474366,0.0033603483968180172,-0.010295855308501188,0.0009618516026542153,0.9999408873846558
forward,19,102535.658431608,270.834,trunk,-2.7471449634652436e-05,2.898883287166023e-06,0.20192084455606854,-0.03840680658598056,-0.035277969432990844,0.0008569929940545988,0.998638897521802
forward,19,102535.658431608,270.834,imu_link,-2.7471449634652436e-05,2.898883287166023e-06,0.20192084455606854,-0.03840680658598056,-0.035277969432990844,0.0008569929940545988,0.998638897521802
forward,19,102535.658431608,270.834,rf_hip_link,0.19279586101187293,-0.045656066534362535,0.22413835429617773,-0.037671026563977666,-0.03547685552887652,0.00047091852633725847,0.9986601347381104
forward,19,102535.658431608,270.834,rf_upper_leg_link,0.1926304240683312,-0.14088497488509383,0.23132707079815,-0.03245275856026166,0.487609542698193,-0.01913495410163617,0.8722485917804721
forward,19,102535.658431608,270.834,rf_lower_leg_link,0.011180955773163553,-0.14896895823400372,0.1200627923049359,-0.03129640421424804,-0.5752516147307719,0.020972913243056043,0.8171084699983211
forward,19,102535.658431608,270.834,rf_foot_link,0.21169887612424088,-0.1547233043597517,0.04844958738612129,-0.03129640421424804,-0.5752516147307719,0.020972913243056043,0.8171084699983211
forward,19,102535.658431608,270.834,lf_hip_link,0.19297866317478685,0.04705641925732243,0.21683345445457478,-0.030898687624368967,-0.03547284688776777,0.0007114605767074199,0.9988926078716452
forward,19,102535.658431608,270.834,lf_upper_leg_link,0.1930522729903019,0.14237396935836788,0.21093352018970768,-0.027072569609835458,0.471229618369494,-0.01491009885215905,0.8814688943452744
forward,19,102535.658431608,270.834,lf_lower_leg_link,0.015930885300139544,0.13520117399168585,0.09284217829988538,-0.026065284993323605,-0.5475837696299217,0.016608310909823433,0.8361798730924013
forward,19,102535.658431608,270.834,lf_foot_link,0.21117155335282803,0.12979062245535788,0.00786684381738606,-0.026065284993323605,-0.5475837696299217,0.016608310909823433,0.8361798730924013
forward,19,102535.658431608,270.834,rh_hip_link,-0.1930303088408682,-0.047053758375034074,0.19674395497291744,-0.04629732423237384,-0.035479599955160396,0.00016440649928365115,0.9982974149653234
forward,19,102535.658431608,270.834,rh_upper_leg_link,-0.19331269927713665,-0.14214435574626438,0.20557280241888007,-0.040227199324054747,0.4664872151237875,-0.02291815208775185,0.8833154639569482
forward,19,102535.658431608,270.834,rh_lower_leg_link,-0.369241030750987,-0.15272716800240813,0.08596416448006623,-0.039244353570676946,-0.5567791024586068,0.02456318329114232,0.8293693759747907
forward,19,102535.658431608,270.834,rh_foot_link,-0.1721140024679612,-0.1607665539014513,0.005681520062549628,-0.039244353570676946,-0.5567791024586068,0.02456318329114232,0.8293693759747907
forward,19,102535.658431608,270.834,lh_hip_link,-0.19284750667795428,0.04565872741665089,0.18943905513131448,-0.04457721869581738,-0.03547926402475829,0.0002255365529498232,0.9983757020935906
forward,19,102535.658431608,270.834,lh_upper_leg_link,-0.1925884349087892,0.14077917617161312,0.18093710767952292,-0.03802241006695531,0.4952865548109998,-0.02326962883442156,0.8675851827515607
forward,19,102535.658431608,270.834,lh_lower_leg_link,-0.3760189414567186,0.13163613187830198,0.07305451404820265,-0.03713940187622346,-0.5776110446355934,0.02465449495868486,0.8150940447712688
forward,19,102535.658431608,270.834,lh_foot_link,-0.1750649537348591,0.12480675688085255,0.0027704158763760534,-0.03713940187622346,-0.5776110446355934,0.02465449495868486,0.8150940447712688
forward,19,102535.658431608,270.834,d435_link,0.33621639536314674,0.022135465682922992,0.26578563546348627,-0.03840680658598056,-0.035277969432990844,0.0008569929940545988,0.998638897521802
forward,19,102535.658431608,270.834,velodyne_base_link,0.19383236202615653,0.007019082840490714,0.2955645209438375,-0.03840680658598056,-0.035277969432990844,0.0008569929940545988,0.998638897521802
forward,19,102535.658431608,270.834,gps_frame,-0.004964272810809973,0.00536830060520631,0.2715400980473458,-0.03840680658598056,-0.035277969432990844,0.0008569929940545988,0.998638897521802
forward,20,102535.748773742,270.92400000000004,trunk,-2.452654271263706e-05,3.446605088055906e-06,0.18791912471654015,-0.015762397330849644,-0.011166056005526058,0.0010085297981739735,0.9998129069437502
forward,20,102535.748773742,270.92400000000004,imu_link,-2.452654271263706e-05,3.446605088055906e-06,0.18791912471654015,-0.015762397330849644,-0.011166056005526058,0.0010085297981739735,0.9998129069437502
forward,20,102535.748773742,270.92400000000004,rf_hip_link,0.19335600392847518,-0.045835736930427154,0.19662754579256553,-0.028737556934884865,-0.016029427251055897,0.0011294691885220503,0.9994578203119777
forward,20,102535.748773742,270.92400000000004,rf_upper_leg_link,0.19348363208336192,-0.1411777564604935,0.20211690121761497,-0.026176117230962918,0.4351092989763152,-0.011913595844431525,0.8999182046525707
forward,20,102535.748773742,270.92400000000004,rf_lower_leg_link,0.026545039343873186,-0.14900450454560052,0.0700591552555875,-0.022891345719662257,-0.5864539238054626,0.017410030740250593,0.8094718477957977
forward,20,102535.748773742,270.92400000000004,rf_foot_link,0.2289446599868475,-0.1525487048724169,0.0037958003177073762,-0.022891345719662257,-0.5864539238054626,0.017410030740250593,0.8094718477957977
forward,20,102535.748773742,270.92400000000004,lf_hip_link,0.19319385915711768,0.047070660499892635,0.1924592097225508,-0.013540180592663204,-0.016010404337786055,0.0013730227912585292,0.9997791982587322
forward,20,102535.748773742,270.92400000000004,lf_upper_leg_link,0.19297307540798364,0.1425352831586178,0.18986940757502332,-0.012405094580630308,0.4872052156283926,-0.0055977951474545035,0.8731814566185109
forward,20,102535.748773742,270.92400000000004,lf_lower_leg_link,0.011715186968018302,0.13908271352054719,0.07805412399903208,-0.010614590679263448,-0.5572993851088198,0.008517754796831272,0.8302000805078642
forward,20,102535.748773742,270.92400000000004,lf_foot_link,0.2088511202925083,0.13735089805259865,-0.0025896892011583184,-0.010614590679263448,-0.5572993851088198,0.008517754796831272,0.8302000805078642
forward,20,102535.748773742,270.92400000000004,rh_hip_link,-0.1932442384421092,-0.047065376754115214,0.1842590137491353,-0.06013640497810646,-0.016057007271543324,0.0006251048922531873,0.9980608170636018
forward,20,102535.748773742,270.92400000000004,rh_upper_leg_link,-0.19330950657867768,-0.14187457216379015,0.19572471066822503,-0.05250085564542313,0.4819007350465484,-0.029333225467302253,0.874159541274806
forward,20,102535.748773742,270.92400000000004,rh_lower_leg_link,-0.3734215163163681,-0.1554036594985262,0.08282817509631661,-0.05038318478758183,-0.5497867378473754,0.03283767120971783,0.8331373025662242
forward,20,102535.748773742,270.92400000000004,rh_foot_link,-0.17758833386945996,-0.1655945995707455,-0.00032535395182681226,-0.05038318478758183,-0.5497867378473754,0.03283767120971783,0.8331373025662242
forward,20,102535.748773742,270.92400000000004,lh_hip_link,-0.1934063832134667,0.045841020676204575,0.18009067767912057,-0.0057753212722030725,-0.015999258387495746,0.0014973208389857976,0.9998542030844088
forward,20,102535.748773742,270.92400000000004,lh_upper_leg_link,-0.19367468123375864,0.14133422178185556,0.17898317654232768,-0.005835574075311297,0.43258616868432925,-0.001241926206977376,0.9015728536050324
forward,20,102535.748773742,270.92400000000004,lh_lower_leg_link,-0.35982115382799135,0.139321816921253,0.04571540147584405,-0.0037289357397909543,-0.6115120806698008,0.004657396669871721,0.7912126003100551
forward,20,102535.748773742,270.92400000000004,lh_foot_link,-0.15369959239210942,0.13927822578327526,-0.00797724244347342,-0.0037289357397909543,-0.6115120806698008,0.004657396669871721,0.7912126003100551
forward,20,102535.748773742,270.92400000000004,d435_link,0.33893293836109806,0.019607169211177694,0.2364168674059219,-0.015762397330849644,-0.011166056005526058,0.0010085297981739735,0.9998129069437502
forward,20,102535.748773742,270.92400000000004,velodyne_base_link,0.19813641607983756,0.0029968944926277168,0.27231865130695987,-0.015762397330849644,-0.011166056005526058,0.0010085297981739735,0.9998129069437502
forward,20,102535.748773742,270.92400000000004,gps_frame,-0.001589707469305914,0.0022081927844649915,0.2578668859598534,-0.015762397330849644,-0.011166056005526058,0.0010085297981739735,0.9998129069437502
forward,21,102535.852882648,271.029,trunk,-2.499011160363692e-05,2.0481855335005576e-06,0.2046431386772578,0.028152955219154722,-0.02457133354951686,0.0006604723313711614,0.9993013681849565
forward,21,102535.852882648,271.029,imu_link,-2.499011160363692e-05,2.0481855335005576e-06,0.2046431386772578,0.028152955219154722,-0.02457133354951686,0.0006604723313711614,0.9993013681849565
forward,21,102535.852882648,271.029,rf_hip_link,0.19341258747653256,-0.0462553678794015,0.20493435332569304,-0.01163228424083353,-0.0076304779579083925,0.0005293987127682725,0.9999030880572763
forward,21,102535.852882648,271.029,rf_upper_leg_link,0.19349673969270184,-0.1417294701321671,0.20715667585695965,-0.010483953508243793,0.46889448593116195,-0.005067249598510764,0.8831774288124072
forward,21,102535.852882648,271.029,rf_lower_leg_link,0.01706025524818662,-0.14466170724361366,0.08786472750174744,-0.009641738453568945,-0.5289285358010933,0.0065289493220268445,0.8485864798096037
forward,21,102535.852882648,271.029,rf_foot_link,0.2082935955452907,-0.14667604879244642,-0.005915611519481945,-0.009641738453568945,-0.5289285358010933,0.0065289493220268445,0.8485864798096037
forward,21,102535.852882648,271.029,lf_hip_link,0.1932936368107751,0.04674419167661347,0.20519468604808244,0.002300546584275096,-0.007622361130082984,0.000635663170088237,0.9999681010055023
forward,21,102535.852882648,271.029,lf_upper_leg_link,0.19316887971919766,0.1422431036294033,0.2056331509855608,0.0015466302695545558,0.5552176068190458,0.0018178330675625964,0.8317016968215702
forward,21,102535.852882648,271.029,lf_lower_leg_link,-0.0035486493332248102,0.14236112356152208,0.123955737738048,0.0023164268926298224,-0.4973636956188545,-0.0005751075580513479,0.8675388508292313
forward,21,102535.852882648,271.029,lf_foot_link,0.1802633903107002,0.1430953570134309,0.01633791865970835,0.0023164268926298224,-0.4973636956188545,-0.0005751075580513479,0.8675388508292313
forward,21,102535.852882648,271.029,rh_hip_link,-0.1933421534756382,-0.046733535683749834,0.19903675156139256,0.0004933086001602138,-0.00762349751048305,0.0006218863005930558,0.9999706256634551
forward,21,102535.852882648,271.029,rh_upper_leg_link,-0.19322265838057187,-0.1422334153354242,0.19894343790766392,5.470232958723624e-05,0.5596945664083957,0.0007918987315276337,0.8286985955321585
forward,21,102535.852882648,271.029,rh_lower_leg_link,-0.39080918790703756,-0.14240291633632685,0.11939135044857971,0.0007339833349678521,-0.494414137940403,0.0003022654625437972,0.8692261098866636
forward,21,102535.852882648,271.029,rh_foot_link,-0.2077325116778361,-0.1420674661307757,0.01052529470103386,0.0007339833349678521,-0.494414137940403,0.0003022654625437972,0.8692261098866636
forward,21,102535.852882648,271.029,lh_hip_link,-0.19346110414139567,0.04626602387226514,0.19929708428378196,0.0032422622630085348,-0.007621759116278074,0.0006428412219503418,0.9999654910438434
forward,21,102535.852882648,271.029,lh_upper_leg_link,-0.19358860252040075,0.1417639370999662,0.19991539918562287,0.0025597588881182214,0.4632316229289149,0.002091206315375795,0.8862310861221383
forward,21,102535.852882648,271.029,lh_lower_leg_link,-0.3684767754895045,0.1423176625517882,0.07833077703441145,0.0030838658604878423,-0.5409165960570773,-0.0011896557372977354,0.8410697418172918
forward,21,102535.852882648,271.029,lh_foot_link,-0.17466711676409583,0.1431484655292713,-0.010021506191056156,0.0030838658604878423,-0.5409165960570773,-0.0011896557372977354,0.8410697418172918
forward,21,102535.852882648,271.029,d435_link,0.337480398574881,0.01511629610306109,0.2637208173509531,0.028152955219154722,-0.02457133354951686,0.0006604723313711614,0.9993013681849565
forward,21,102535.852882648,271.029,velodyne_base_link,0.19580764354816468,-0.0045145721707341565,0.2942488289789139,0.028152955219154722,-0.02457133354951686,0.0006604723313711614,0.9993013681849565
forward,21,102535.852882648,271.029,gps_frame,-0.0034599703296705918,-0.003938883964153266,0.2744476511724615,0.028152955219154722,-0.02457133354951686,0.0006604723313711614,0.9993013681849565
forward,22,102535.954381502,271.124,trunk,-2.3937857096440843e-05,2.245428296748616e-07,0.1902445597519837,0.0321048305183719,-0.016909946967082576,-0.0005676224308368748,0.9993412887275963
forward,22,102535.954381502,271.124,imu_link,-2.3937857096440843e-05,2.245428296748616e-07,0.1902445597519837,0.0321048305183719,-0.016909946967082576,-0.0005676224308368748,0.9993412887275963
forward,22,102535.954381502,271.124,rf_hip_link,0.1931922178750185,-0.04681216692981191,0.20260228264813923,0.020377073876188458,-0.024829316766260535,-0.0005736439787281458,0.9994838422014388
forward,22,102535.954381502,271.124,rf_upper_leg_link,0.19317934465343667,-0.14223279607624253,0.19870954998591625,0.01790713381989034,0.4806546261669472,0.009741086465405824,0.8766730155178396
forward,22,102535.954381502,271.124,rf_lower_leg_link,0.013598458697565801,-0.13753972331254882,0.0842644519373793,0.016746613499385273,-0.5673555375470917,-0.011623473812599228,0.8232205900045751
forward,22,102535.954381502,271.124,rf_foot_link,0.2126484131405205,-0.1344761380024534,0.00851004558827323,0.016746613499385273,-0.5673555375470917,-0.011623473812599228,0.8232205900045751
forward,22,102535.954381502,271.124,lf_hip_link,0.1930802668833275,0.04597473286650348,0.20889344257012507,0.03028042524443065,-0.024833782153453565,-0.0003275705243890126,0.9992328416382855
forward,22,102535.954381502,271.124,lf_upper_leg_link,0.19299915715602808,0.141299583678516,0.21467412063413277,0.026779653059895107,0.4541885726076794,0.014137242921576042,0.890390773232274
forward,22,102535.954381502,271.124,lf_lower_leg_link,0.020561213703526822,0.14872194433031447,0.08985799899823718,0.024676984164523595,-0.5907053837399994,-0.017551578503822773,0.8063188811910261
forward,22,102535.954381502,271.124,lf_foot_link,0.22364820399379273,0.15278159923429155,0.025762807471086224,0.024676984164523595,-0.5907053837399994,-0.017551578503822773,0.8063188811910261
forward,22,102535.954381502,271.124,rh_hip_link,-0.1931306070488031,-0.04597722299498971,0.18341328028990803,0.031914271731024506,-0.02483428457866606,-0.0002869633416770584,0.9991819930430015
forward,22,102535.954381502,271.124,rh_upper_leg_link,-0.1930339917038023,-0.14128266980516627,0.17732127948658175,0.028083036970756602,0.460880094538863,0.015163974498140439,0.8868883443645922
forward,22,102535.954381502,271.124,rh_lower_leg_link,-0.3673425563806203,-0.13364971079154248,0.0551441039708416,0.02560946011782046,-0.6091078616828545,-0.019046223787273414,0.792444956920075
forward,22,102535.954381502,271.124,rh_foot_link,-0.16151119205814546,-0.12994654268653125,0.00047477063729184366,0.02560946011782046,-0.6091078616828545,-0.019046223787273414,0.792444956920075
forward,22,102535.954381502,271.124,lh_hip_link,-0.19324255804049412,0.04680967680132568,0.18970444021189387,0.06484827493993926,-0.024830239957362853,0.0005321862018303925,0.9975860249616674
forward,22,102535.954381502,271.124,lh_upper_leg_link,-0.19365150809182793,0.14150641064222144,0.2020580372476595,0.05602784754521294,0.47371041161303196,0.032656734133862046,0.8782897380389756
forward,22,102535.954381502,271.124,lh_lower_leg_link,-0.3716703817050831,0.15587916013512185,0.08599036427416407,0.05512968272711626,-0.5532844249318517,-0.03415113566555102,0.8304641853463585
forward,22,102535.954381502,271.124,lh_foot_link,-0.17512861885639777,0.16733342069939863,0.004693775346602758,0.05512968272711626,-0.5532844249318517,-0.03415113566555102,0.8304641853463585
forward,22,102535.954381502,271.124,d435_link,0.3383781384518761,0.014047094200297183,0.24423733892292884,0.0321048305183719,-0.016909946967082576,-0.0005676224308368748,0.9993412887275963
forward,22,102535.954381502,271.124,velodyne_base_link,0.1971548296836277,-0.005575684740674037,0.27678612702912053,0.0321048305183719,-0.016909946967082576,-0.0005676224308368748,0.9993412887275963
forward,22,102535.954381502,271.124,gps_frame,-0.002392322283384048,-0.004490147250687454,0.2600602264491177,0.0321048305183719,-0.016909946967082576,-0.0005676224308368748,0.9993412887275963
forward,23,102536.055773675,271.22900000000004,trunk,-2.5462345178283493e-05,-5.68024786154177e-06,0.20172749931169714,0.007727211933883477,-0.0105489314900383,-0.0003242589674064108,0.9999144488886383
forward,23,102536.055773675,271.22900000000004,imu_link,-2.5462345178283493e-05,-5.68024786154177e-06,0.20172749931169714,0.007727211933883477,-0.0105489314900383,-0.0003242589674064108,0.9999144488886383
forward,23,102536.055773675,271.22900000000004,rf_hip_link,0.1933108677158389,-0.04670534392996358,0.1972919481953081,0.016062266413032603,-0.008677051173064824,-0.00040360513864658463,0.9998332608407808
forward,23,102536.055773675,271.22900000000004,rf_upper_leg_link,0.19326041225159832,-0.14215603550377232,0.1942238979467327,0.013424728245192521,0.5630379107910326,0.008828135192321618,0.8262748645049286
forward,23,102536.055773675,271.22900000000004,rf_lower_leg_link,-0.00497553056266122,-0.1395480887583531,0.11634765259351394,0.014168864070221419,-0.4569205220868114,-0.007576449722050944,0.889362399248183
forward,23,102536.055773675,271.22900000000004,rf_foot_link,0.16818293934573383,-0.135654696016613,-0.00762809419569499,0.014168864070221419,-0.4569205220868114,-0.007576449722050944,0.889362399248183
forward,23,102536.055773675,271.22900000000004,lf_hip_link,0.1933786250330639,0.046274900959028094,0.1992075340923919,0.015543992202683597,-0.008676840795174943,-0.00040810290750678703,0.9998414525274669
forward,23,102536.055773675,271.22900000000004,lf_upper_leg_link,0.19343079963557216,0.14172872055088634,0.20217664223051088,0.014039263626305535,0.44562674557684234,0.006684408605949989,0.8950838069058182
forward,23,102536.055773675,271.22900000000004,lf_lower_leg_link,0.02347080308006296,0.1458130237860013,0.07385704887885249,0.012870448690734124,-0.5464513754394739,-0.00872546801491955,0.8373464707268592
forward,23,102536.055773675,271.22900000000004,lf_foot_link,0.2184430928293993,0.14837284960243544,-0.011864905845071078,0.012870448690734124,-0.5464513754394739,-0.00872546801491955,0.8373464707268592
forward,23,102536.055773675,271.22900000000004,rh_hip_link,-0.19343076098144096,-0.046285348019440904,0.19058551575990745,0.002072972381932483,-0.008670555530202398,-0.0005249580608050705,0.9999601235406019
forward,23,102536.055773675,271.22900000000004,rh_upper_leg_link,-0.1935275909727315,-0.14178447461550775,0.19018872445305168,0.0020877132955575742,0.441738405964858,0.00046287002215651706,0.8971413533552918
forward,23,102536.055773675,271.22900000000004,rh_lower_leg_link,-0.3623525657513219,-0.14107369086114593,0.06031716221765343,0.0014284387930687031,-0.5645881937433762,-0.0015913384543570462,0.8253699768528838
forward,23,102536.055773675,271.22900000000004,rh_foot_link,-0.16383809188313148,-0.14095418099580972,-0.01689028160888248,0.0014284387930687031,-0.5645881937433762,-0.0015913384543570462,0.8253699768528838
forward,23,102536.055773675,271.22900000000004,lh_hip_link,-0.19336300366421597,0.04669489686955077,0.19250110165699125,0.007575387241677181,-0.008673312928604694,-0.0004772389447920693,0.9999335774910105
forward,23,102536.055773675,271.22900000000004,lh_upper_leg_link,-0.19328440648783116,0.14218389254801628,0.1939486951088498,0.006526798009677497,0.5563564288945527,0.003874939562452751,0.8309090863499019
forward,23,102536.055773675,271.22900000000004,lh_lower_leg_link,-0.39022714715113027,0.14357577437564198,0.11282767708635172,0.0064621665674936294,-0.4776400947104133,-0.003981790065505622,0.8785228088536777
forward,23,102536.055773675,271.22900000000004,lh_foot_link,-0.21145903804038657,0.14518405138334572,-0.0029668677334961924,0.0064621665674936294,-0.4776400947104133,-0.003981790065505622,0.8785228088536777
forward,23,102536.055773675,271.22900000000004,d435_link,0.33903159652139403,0.01657529977791476,0.2506548120739424,0.007727211933883477,-0.0105489314900383,-0.0003242589674064108,0.9999144488886383
forward,23,102536.055773675,271.22900000000004,velodyne_base_link,0.19824189807343984,-0.0014036791145271277,0.2859183503099059,0.007727211933883477,-0.0105489314900383,-0.0003242589674064108,0.9999144488886383
forward,23,102536.055773675,271.22900000000004,gps_frame,-0.0015025371940766401,-0.0010869184865971064,0.27170356074531776,0.007727211933883477,-0.0105489314900383,-0.0003242589674064108,0.9999144488886383
forward,24,102536.1485662,271.319,trunk,-2.5879081279451798e-05,1.0011799863854223e-06,0.20129250669383555,-0.031674090530670516,-0.0228918764848571,-4.4758003028194815e-05,0.9992360641894277
forward,24,102536.1485662,271.319,imu_link,-2.5879081279451798e-05,1.0011799863854223e-06,0.20129250669383555,-0.031674090530670516,-0.0228918764848571,-4.4758003028194815e-05,0.9992360641894277
forward,24,102536.1485662,271.319,rf_hip_link,0.19311551160639046,-0.04624712052267786,0.21396025124635823,-0.025424850888419576,-0.02180570937500846,-9.860080412931177e-05,0.9994388817100501
forward,24,102536.1485662,271.319,rf_upper_leg_link,0.19299079770051344,-0.14162365186459785,0.218813262231864,-0.0214913098839256,0.5122646456602303,-0.013585152346956814,0.858451221702073
forward,24,102536.1485662,271.319,rf_lower_leg_link,0.00553112773808974,-0.14651841230091678,0.11779884020287737,-0.021586231180309508,-0.5498282441555972,0.013433815103952338,0.8348906929436668
forward,24,102536.1485662,271.319,rf_foot_link,0.20120846361794303,-0.15104928548178687,0.033781869231638756,-0.021586231180309508,-0.5498282441555972,0.013433815103952338,0.8348906929436668
forward,24,102536.1485662,271.319,lf_hip_link,0.19326417853151398,0.04659880363361409,0.20861120780762532,-0.02007033259097329,-0.02180592469025038,1.82172730011974e-05,0.99956074506066
forward,24,102536.1485662,271.319,lf_upper_leg_link,0.19334429212350648,0.14202186528441743,0.20477938226366357,-0.017437709788107866,0.47674566642815464,-0.009937044808545804,0.878812124950375
forward,24,102536.1485662,271.319,lf_lower_leg_link,0.014789309593822318,0.13751179146565304,0.08873293704463306,-0.016957666671382626,-0.55233865249216,0.01073574046089039,0.8333781820883983
forward,24,102536.1485662,271.319,lf_foot_link,0.21095763859723474,0.13401757545421142,0.00581866112984078,-0.016957666671382626,-0.55233865249216,0.01073574046089039,0.8333781820883983
forward,24,102536.1485662,271.319,rh_hip_link,-0.19331664261208023,-0.04659977492644297,0.19709888057421165,-0.04103303251780278,-0.02180150892055481,-0.00043919500552233175,0.9989198123768128
forward,24,102536.1485662,271.319,rh_upper_leg_link,-0.19357130341192486,-0.14177814952031972,0.20492589517396162,-0.03546275526465883,0.4743805400666915,-0.020646928074143322,0.8793629515485482
forward,24,102536.1485662,271.319,rh_lower_leg_link,-0.37159025753244,-0.15089034585841243,0.08832735379486054,-0.03494902831325514,-0.5510157070829379,0.021505070793169358,0.8334853255445054
forward,24,102536.1485662,271.319,rh_foot_link,-0.17562383033148432,-0.15825157067103718,0.005189084752556611,-0.03494902831325514,-0.5510157070829379,0.021505070793169358,0.8334853255445054
forward,24,102536.1485662,271.319,lh_hip_link,-0.1931679756869567,0.04624614922984899,0.19174983713547875,-0.034152965767047926,-0.021804016484130762,-0.00028904779130892584,0.9991787008567832
forward,24,102536.1485662,271.319,lh_upper_leg_link,-0.19297058058194883,0.1415233460835606,0.18523318194499946,-0.02861496203549466,0.5200306422148737,-0.0186465162166558,0.853464482294533
forward,24,102536.1485662,271.319,lh_lower_leg_link,-0.38226847401439645,0.13525045605818384,0.08778597371014449,-0.029051607625032103,-0.551001657970624,0.017958638971592045,0.8338049318001859
forward,24,102536.1485662,271.319,lh_foot_link,-0.1863299328361988,0.12914667103116872,0.004480320304726032,-0.029051607625032103,-0.551001657970624,0.017958638971592045,0.8338049318001859
forward,24,102536.1485662,271.319,d435_link,0.3377462602376341,0.020555555415254192,0.2571135797766231,-0.031674090530670516,-0.0228918764848571,-4.4758003028194815e-05,0.9992360641894277
forward,24,102536.1485662,271.319,velodyne_base_link,0.1961048295711539,0.005337290307482768,0.29019846342251626,-0.031674090530670516,-0.0228918764848571,-4.4758003028194815e-05,0.9992360641894277
forward,24,102536.1485662,271.319,gps_frame,-0.003228095006103344,0.004432129721451725,0.2710786866510435,-0.031674090530670516,-0.0228918764848571,-4.4758003028194815e-05,0.9992360641894277
forward,25,102536.250366774,271.41900000000004,trunk,-2.3767588637250703e-05,4.315681877765159e-06,0.18678999151127076,-0.004547127756152766,-0.011465285053793616,0.0006035963164719032,0.999923750362642
forward,25,102536.250366774,271.41900000000004,imu_link,-2.3767588637250703e-05,4.315681877765159e-06,0.18678999151127076,-0.004547127756152766,-0.011465285053793616,0.0006035963164719032,0.999923750362642
forward,25,102536.250366774,271.41900000000004,rf_hip_link,0.1933746421540996,-0.04621224499060439,0.19250501399510417,-0.007495489020067944,-0.012905279179137696,0.0006420768765656589,0.9998884233507973
forward,25,102536.250366774,271.41900000000004,rf_upper_leg_link,0.1934787894608613,-0.1417014354184966,0.1939380753211585,-0.006982003331503712,0.43862301274992405,-0.0028011154642839245,0.8986396708736014
forward,25,102536.250366774,271.41900000000004,rf_lower_leg_link,0.025556577048258425,-0.1438508914655074,0.06291704488268775,-0.005745476724186143,-0.5884662655605388,0.004856347967064834,0.8084867714928106
forward,25,102536.250366774,271.41900000000004,rf_foot_link,0.2282452867555822,-0.1446123004248502,-0.0025482681737459545,-0.005745476724186143,-0.5884662655605388,0.004856347967064834,0.8084867714928106
forward,25,102536.250366774,271.41900000000004,lf_hip_link,0.193248972124536,0.04678655001824304,0.1920485778593222,0.014284625057909903,-0.012888232746026053,0.0009230114252635983,0.9998144782876212
forward,25,102536.250366774,271.41900000000004,lf_upper_leg_link,0.19303754586655944,0.1422474136477841,0.19477416294139507,0.011894065214434806,0.4904204341507835,0.007964526088287143,0.8713684038936808
forward,25,102536.250366774,271.41900000000004,lf_lower_leg_link,0.010951683612431982,0.1449985839629305,0.08429262679590149,0.01253322748935425,-0.5493088209583632,-0.006915249224455293,0.8354968083447097
forward,25,102536.250366774,271.41900000000004,lf_foot_link,0.2064995018161731,0.1478412240982833,-9.913934758873366e-05,0.01253322748935425,-0.5493088209583632,-0.006915249224455293,0.8354968083447097
forward,25,102536.250366774,271.41900000000004,rh_hip_link,-0.19329619875540094,-0.046783731635324274,0.18252632703966135,-0.03982051061364761,-0.012919291848199968,0.00022448061818146058,0.9991232999190147
forward,25,102536.250366774,271.41900000000004,rh_upper_leg_link,-0.19335162103099288,-0.14198085845502212,0.19012593055864452,-0.034601386859323735,0.48821521387318245,-0.019709578496025237,0.871814304474114
forward,25,102536.250366774,271.41900000000004,rh_lower_leg_link,-0.3749618050102943,-0.15073237579653084,0.07917480609735032,-0.03366422566891893,-0.5398786298292987,0.021270716188968836,0.8408004172195442
forward,25,102536.250366774,271.41900000000004,rh_foot_link,-0.18128250702661206,-0.15789824528379692,-0.009176650297207822,-0.03366422566891893,-0.5398786298292987,0.021270716188968836,0.8408004172195442
forward,25,102536.250366774,271.41900000000004,lh_hip_link,-0.19342186878496453,0.04621506337352316,0.18206989090387937,0.011803558206210625,-0.012890483502031048,0.0008910266498656012,0.999846847032217
forward,25,102536.250366774,271.41900000000004,lh_upper_leg_link,-0.1936210901428977,0.14168830085179293,0.18432183146003436,0.010140519066405123,0.4383361379316175,0.006106372727081694,0.8987331707845081
forward,25,102536.250366774,271.41900000000004,lh_lower_leg_link,-0.36146898757505763,0.14443045306060512,0.05321666783606843,0.01003985806284291,-0.6023702330897528,-0.006270499573091542,0.798129052454914
forward,25,102536.250366774,271.41900000000004,lh_foot_link,-0.1566344966640853,0.14623496354876286,-0.0051663354708959275,0.01003985806284291,-0.6023702330897528,-0.006270499573091542,0.798129052454914
forward,25,102536.250366774,271.41900000000004,d435_link,0.3389155233209247,0.01832625308783888,0.23591191825906208,-0.004547127756152766,-0.011465285053793616,0.0006035963164719032,0.999923750362642
forward,25,102536.250366774,271.41900000000004,velodyne_base_link,0.19808876070188675,0.000992967146904084,0.27135031733028026,-0.004547127756152766,-0.011465285053793616,0.0006035963164719032,0.999923750362642
forward,25,102536.250366774,271.41900000000004,gps_frame,-0.0016291693529714786,0.0006398961708456047,0.2567686934327634,-0.004547127756152766,-0.011465285053793616,0.0006035963164719032,0.999923750362642
forward,26,102536.354169481,271.519,trunk,-2.2914008496071113e-05,4.860439490735631e-06,0.20380029935860255,0.014565004689315288,-0.01621511850125644,0.00043396051140427255,0.99976234288388
forward,26,102536.354169481,271.519,imu_link,-2.2914008496071113e-05,4.860439490735631e-06,0.20380029935860255,0.014565004689315288,-0.01621511850125644,0.00043396051140427255,0.99976234288388
forward,26,102536.354169481,271.519,rf_hip_link,0.19340533449929856,-0.046350817964001506,0.20276692622087283,-0.011142375040847908,-0.004911254579043943,0.00031308433687862893,0.9999258117656064
forward,26,102536.354169481,271.519,rf_upper_leg_link,0.1934546770705279,-0.14182708611022105,0.2048952556553914,-0.009971834079426357,0.46746551555365906,-0.004981271769869631,0.8839410281375103
forward,26,102536.354169481,271.519,rf_lower_leg_link,0.017405226587181324,-0.1445900967600558,0.08502884352646944,-0.00930194772812376,-0.5314900005631632,0.006142012033215356,0.8469912211811973
forward,26,102536.354169481,271.519,rf_foot_link,0.20920086243590244,-0.14655576729695363,-0.007597125881278921,-0.00930194772812376,-0.5314900005631632,0.006142012033215356,0.8469912211811973
forward,26,102536.354169481,271.519,lf_hip_link,0.19332912445633058,0.04664575428535229,0.20356174815065736,0.0061010204878725145,-0.004905125894624594,0.0003977226421290427,0.9999692790809448
forward,26,102536.354169481,271.519,lf_upper_leg_link,0.19324744584714576,0.14213861458420224,0.20472663464690083,0.004803814805918366,0.5621110279866016,0.003782062612377242,0.8270391838247765
forward,26,102536.354169481,271.519,lf_lower_leg_link,-0.004802516173648274,0.14292543827686172,0.12633917741018025,0.005533949437891369,-0.48739049532393597,-0.0025992379483925857,0.8731627136070315
forward,26,102536.354169481,271.519,lf_foot_link,0.17649694582013659,0.14444421110703282,0.014548308329318055,0.005533949437891369,-0.48739049532393597,-0.0025992379483925857,0.8731627136070315
forward,26,102536.354169481,271.519,rh_hip_link,-0.19337593011293183,-0.046635335782553876,0.19897056025133514,0.004026098194814815,-0.004905940598778438,0.00038754378260562225,0.9999797858406857
forward,26,102536.354169481,271.519,rh_upper_leg_link,-0.19329813815319322,-0.14213221108809407,0.19820195418246025,0.003082549203131904,0.5673978580222805,0.0026186919001666177,0.8234338534787542
forward,26,102536.354169481,271.519,rh_lower_leg_link,-0.39233499852686726,-0.1416838736954935,0.12235258235794924,0.0037206375045392035,-0.48283621279741123,-0.0015863522362778307,0.8757013371889958
forward,26,102536.354169481,271.519,rh_foot_link,-0.2122110290490104,-0.14062218843046434,0.008672203910575799,0.0037206375045392035,-0.48283621279741123,-0.0015863522362778307,0.8757013371889958
forward,26,102536.354169481,271.519,lh_hip_link,-0.19345214015589982,0.04636123646679992,0.19976538218111967,0.004116340363810102,-0.00490590560529666,0.0003879865127780227,0.9999794184375331
forward,26,102536.354169481,271.519,lh_upper_leg_link,-0.19353010118069247,0.14185797136161868,0.2005512234547359,0.0034511394398972946,0.465606527945039,0.002276933923330958,0.8849821841955017
forward,26,102536.354169481,271.519,lh_lower_leg_link,-0.3690682320602888,0.14270743309219922,0.07990859822606326,0.003686033106805245,-0.5387913348165045,-0.001872952604943756,0.8424291084329437
forward,26,102536.354169481,271.519,lh_foot_link,-0.1757066584285791,0.1436003678367947,-0.0094194741264218,0.003686033106805245,-0.5387913348165045,-0.001872952604943756,0.8424291084329437
forward,26,102536.354169481,271.519,d435_link,0.33842970404280864,0.016422662024502908,0.25679823446302735,0.014565004689315288,-0.01621511850125644,0.00043396051140427255,0.99976234288388
forward,26,102536.354169481,271.519,velodyne_base_link,0.19727904755943826,-0.00224703870961995,0.2902113224498008,0.014565004689315288,-0.01621511850125644,0.00043396051140427255,0.99976234288388
forward,26,102536.354169481,271.519,gps_frame,-0.0022916062001461937,-0.0020347407511883213,0.2737337896384572,0.014565004689315288,-0.01621511850125644,0.00043396051140427255,0.99976234288388
forward,27,102536.453445025,271.619,trunk,-2.3942843369729212e-05,1.0812912087147497e-07,0.1942683678948782,0.030366968066554128,-0.020926392319273464,-0.0002707219225172386,0.9993196986273138
forward,27,102536.453445025,271.619,imu_link,-2.3942843369729212e-05,1.0812912087147497e-07,0.1942683678948782,0.030366968066554128,-0.020926392319273464,-0.0002707219225172386,0.9993196986273138
forward,27,102536.453445025,271.619,rf_hip_link,0.19323006117551073,-0.046738269048306365,0.2025174635247806,0.013933523874230592,-0.022637331026556587,-0.0005365351282133931,0.9996464976612965
forward,27,102536.453445025,271.619,rf_upper_leg_link,0.1931878639906394,-0.1422011327354244,0.19985478140850704,0.012292973670474817,0.4858502928015726,0.0065813187002737965,0.8739308107780207
forward,27,102536.453445025,271.619,rf_lower_leg_link,0.012273994726372481,-0.13898667611020118,0.08747667332496467,0.011427112093526532,-0.5599541365980326,-0.007990748819700213,0.828406261413598
forward,27,102536.453445025,271.619,rf_foot_link,0.2099213057694273,-0.13686015297222984,0.008104018482168351,0.011427112093526532,-0.5599541365980326,-0.007990748819700213,0.828406261413598
forward,27,102536.453445025,271.619,lf_hip_link,0.193124120926293,0.04607850926479128,0.20835136789843048,0.027357803124517417,-0.02264249517721602,-0.00023246096329827506,0.999369208041878
forward,27,102536.453445025,271.619,lf_upper_leg_link,0.19305017821835882,0.1414355451096805,0.21357441752029446,0.02409157990473844,0.4612138584324846,0.012965307847980908,0.8868671114433778
forward,27,102536.453445025,271.619,lf_lower_leg_link,0.018668033678558304,0.14799008770420588,0.09143963280653356,0.02234345975365172,-0.5883689972882788,-0.01578838928251574,0.8081295809460795
forward,27,102536.453445025,271.619,lf_foot_link,0.22137210718283823,0.15172483481478027,0.02612416565830275,0.02234345975365172,-0.5883689972882788,-0.01578838928251574,0.8081295809460795
forward,27,102536.453445025,271.619,rh_hip_link,-0.1931732857706548,-0.04607934499493604,0.18501719815841275,0.033073844784611284,-0.022643454447818005,-0.00010293988196625656,0.9991963691713525
forward,27,102536.453445025,271.619,rh_upper_leg_link,-0.19304989042283,-0.14137041204209402,0.17870472521968367,0.028843617842988188,0.4719435409768969,0.016184421991023098,0.8810081749477312
forward,27,102536.453445025,271.619,rh_lower_leg_link,-0.37037364073169876,-0.13379897359345835,0.06094241844787951,0.026903973275412277,-0.5970982481434524,-0.019237100286991295,0.8014859900575707
forward,27,102536.453445025,271.619,rh_foot_link,-0.16628409741875352,-0.12950629139471032,0.00013097881803655897,0.026903973275412277,-0.5970982481434524,-0.019237100286991295,0.8014859900575707
forward,27,102536.453445025,271.619,lh_hip_link,-0.19327922601987252,0.04673743331816161,0.19085110253206264,0.06108042493924843,-0.022637436389228167,0.0005320711168223222,0.997875966773071
forward,27,102536.453445025,271.619,lh_upper_leg_link,-0.19364473225580006,0.14152479294876905,0.20249038341403292,0.052817426081995425,0.4740372845669919,0.030682583211090107,0.8783834876805917
forward,27,102536.453445025,271.619,lh_lower_leg_link,-0.3717157561654024,0.15509258047918725,0.08640582119615955,0.05186660989343142,-0.5535549623103642,-0.03226385266199808,0.8305695649920835
forward,27,102536.453445025,271.619,lh_foot_link,-0.1751426054598692,0.1658358795368731,0.005088062083792783,0.05186660989343142,-0.5535549623103642,-0.03226385266199808,0.8305695649920835
forward,27,102536.453445025,271.619,d435_link,0.337929061906645,0.014333470744443215,0.25093247731675306,0.030366968066554128,-0.020926392319273464,-0.0002707219225172386,0.9993196986273138
forward,27,102536.453445025,271.619,velodyne_base_link,0.1964536019511138,-0.005216798468744304,0.2824123312564203,0.030366968066554128,-0.020926392319273464,-0.0002707219225172386,0.9993196986273138
forward,27,102536.453445025,271.619,gps_frame,-0.0029527956331458307,-0.004247582050945905,0.2640779585645705,0.030366968066554128,-0.020926392319273464,-0.0002707219225172386,0.9993196986273138
forward,28,102536.554098861,271.719,trunk,-2.5297326591531222e-05,-4.034172942871789e-06,0.19478528542621307,0.007516185525878435,-0.008860728802373565,-0.000247029959111995,0.9999324644276886
forward,28,102536.554098861,271.719,imu_link,-2.5297326591531222e-05,-4.034172942871789e-06,0.19478528542621307,0.007516185525878435,-0.008860728802373565,-0.000247029959111995,0.9999324644276886
forward,28,102536.554098861,271.719,rf_hip_link,0.193322955211347,-0.04663299172263237,0.19600816854956316,0.017458557163347797,-0.009260070809972902,-0.0001869365519262455,0.9998046883892343
forward,28,102536.554098861,271.719,rf_upper_leg_link,0.19331813579134133,-0.1420747680154038,0.1926739047846875,0.014709619495584957,0.5398364446961301,0.009405490832244503,0.8415888407140043
forward,28,102536.554098861,271.719,rf_lower_leg_link,-0.0002812614022933013,-0.1389641054134853,0.10391244251395707,0.015374095041833206,-0.47259929769177905,-0.008274863451743972,0.8811044589932211
forward,28,102536.554098861,271.719,rf_foot_link,0.17716331616120115,-0.13485938708306083,-0.013839725961790672,0.015374095041833206,-0.47259929769177905,-0.008274863451743972,0.8811044589932211
forward,28,102536.554098861,271.719,lf_hip_link,0.19336134165012642,0.046356024924045475,0.19743691260123555,0.013026910971109227,-0.009259151283082521,-0.00022797850150738588,0.9998722497068666
forward,28,102536.554098861,271.719,lf_upper_leg_link,0.19338184191653748,0.14182360221876908,0.19992513791560368,0.011759119651776397,0.43798814599506575,0.005610302011617693,0.8988863285110963
forward,28,102536.554098861,271.719,lf_lower_leg_link,0.025636874691392246,0.1452796831832338,0.06870516430258233,0.01079791570129177,-0.5527013216507304,-0.007290912162010462,0.8332775627975887
forward,28,102536.554098861,271.719,lf_foot_link,0.22186625021719825,0.14739603588595024,-0.014111218327848174,0.01079791570129177,-0.5527013216507304,-0.007290912162010462,0.8332775627975887
forward,28,102536.554098861,271.719,rh_hip_link,-0.19341068239712522,-0.04636333989177534,0.18884850165724273,-0.005061695052993182,-0.00925351248853615,-0.0003954280018711184,0.9999442961417953
forward,28,102536.554098861,271.719,rh_upper_leg_link,-0.19349515108390308,-0.14185841646183353,0.18981453267107007,-0.0043503046244463585,0.4389712309190214,-0.002617626747395442,0.8984867730274748
forward,28,102536.554098861,271.719,rh_lower_leg_link,-0.36151859599857866,-0.14303401812969557,0.05891098069587161,-0.004419827149747839,-0.5660517929593055,0.0024984491350658546,0.8243540444296015
forward,28,102536.554098861,271.719,rh_foot_link,-0.16273075364270378,-0.143983678959442,-0.017584064083540657,-0.004419827149747839,-0.5660517929593055,0.0024984491350658546,0.8243540444296015
forward,28,102536.554098861,271.719,lh_hip_link,-0.1933722959583458,0.046625676754902506,0.19027724570891513,0.006601068158346243,-0.009257495006493756,-0.0002874767554106283,0.9999353189294239
forward,28,102536.554098861,271.719,lh_upper_leg_link,-0.19332906333647754,0.1421173383168527,0.19153847648809946,0.005693400668709989,0.5366616849987709,0.0033528991248718953,0.8437716391954425
forward,28,102536.554098861,271.719,lh_lower_leg_link,-0.38623847692876173,0.14339727982073444,0.1012427407237365,0.005654967468701072,-0.4875675803118718,-0.003417321559930624,0.8730602487143201
forward,28,102536.554098861,271.719,lh_foot_link,-0.20489232267687865,0.1447907054155784,-0.010474002440230917,0.005654967468701072,-0.4875675803118718,-0.003417321559930624,0.8730602487143201
forward,28,102536.554098861,271.719,d435_link,0.3391920422406719,0.01665711057644608,0.24256083139428958,0.007516185525878435,-0.008860728802373565,-0.000247029959111995,0.9999324644276886
forward,28,102536.554098861,271.719,velodyne_base_link,0.19852535532016677,-0.0013316372839752319,0.2783069940026419,0.007516185525878435,-0.008860728802373565,-0.000247029959111995,0.9999324644276886
forward,28,102536.554098861,271.719,gps_frame,-0.0012659755221295626,-0.001055922640014775,0.26476638464784547,0.007516185525878435,-0.008860728802373565,-0.000247029959111995,0.9999324644276886
forward,29,102536.65537871,271.819,trunk,-2.5478996937215542e-05,4.244537941196886e-06,0.20310631518585057,-0.03449347402544631,-0.02421518336887745,5.4534811265875465e-05,0.9991115163834425
forward,29,102536.65537871,271.819,imu_link,-2.5478996937215542e-05,4.244537941196886e-06,0.20310631518585057,-0.03449347402544631,-0.02421518336887745,5.4534811265875465e-05,0.9991115163834425
forward,29,102536.65537871,271.819,rf_hip_link,0.19304858726812735,-0.046109383421183224,0.21692897349822415,-0.02940249045576333,-0.025008131290044745,6.461458919169295e-06,0.9992547657542736
forward,29,102536.65537871,271.819,rf_upper_leg_link,0.1929093779308183,-0.14144426268221366,0.22254069489590214,-0.024809486467450115,0.5153624169413333,-0.015779602909234275,0.8564677884880644
forward,29,102536.65537871,271.819,rf_lower_leg_link,0.004709907962676443,-0.14703181147264344,0.12294782967843287,-0.025030422090660413,-0.5453891692454804,0.015426744851558424,0.8376670863672352
forward,29,102536.65537871,271.819,rf_foot_link,0.19949444372307143,-0.1523796370572286,0.03692814942952574,-0.025030422090660413,-0.5453891692454804,0.015426744851558424,0.8376670863672352
forward,29,102536.65537871,271.819,lf_hip_link,0.1932170876908287,0.04668876110476151,0.21080721066800773,-0.026536192637057678,-0.025008009882542124,7.819261628849182e-05,0.9993349907853515
forward,29,102536.65537871,271.819,lf_upper_leg_link,0.1933289137501235,0.142054263558714,0.20574179492617248,-0.023106908297222062,0.4721932747233339,-0.013047851267547702,0.8810955315244187
forward,29,102536.65537871,271.819,lf_lower_leg_link,0.015964290922382354,0.13600579370997637,0.0879529729537034,-0.022352922951557375,-0.5571910944304245,0.014301135244378878,0.8299601849809842
forward,29,102536.65537871,271.819,lf_foot_link,0.21310264780878435,0.13149719251964295,0.007422601295327763,-0.022352922951557375,-0.5571910944304245,0.014301135244378878,0.8299601849809842
forward,29,102536.65537871,271.819,rh_hip_link,-0.1932675981301266,-0.046683207398526765,0.19759724762119063,-0.042364703411485564,-0.025006110176192878,-0.0003180035010334682,0.9987891795731901
forward,29,102536.65537871,271.819,rh_upper_leg_link,-0.1935306041554513,-0.14184038737724508,0.2056775895897241,-0.036724285135121736,0.4697077449202186,-0.021123354437306653,0.8818048339290238
forward,29,102536.65537871,271.819,rh_lower_leg_link,-0.3703062479963112,-0.1514091350413791,0.08723853010008807,-0.0359998246688998,-0.5540748928858976,0.02233566307899275,0.831388082577632
forward,29,102536.65537871,271.819,rh_foot_link,-0.17372627198245955,-0.1588872221440018,0.005572189153042667,-0.0359998246688998,-0.5540748928858976,0.02233566307899275,0.831388082577632
forward,29,102536.65537871,271.819,lh_hip_link,-0.19309909770742523,0.04611493712741797,0.1914754847909742,-0.0384828470877395,-0.025007157181928894,-0.00022082130528675717,0.9989462767374685
forward,29,102536.65537871,271.819,lh_upper_leg_link,-0.19287315707913097,0.14133207027555075,0.18413406082261252,-0.03214189302977463,0.5235861415228216,-0.02116310455698157,0.851103151282626
forward,29,102536.65537871,271.819,lh_lower_leg_link,-0.38299952895224576,0.1343987676873791,0.0883588446464696,-0.03282510766653039,-0.547551823419859,0.020087075165585874,0.8358863693036036
forward,29,102536.65537871,271.819,lh_foot_link,-0.18774223039832758,0.12739560653194656,0.003538192118579392,-0.03282510766653039,-0.547551823419859,0.020087075165585874,0.8358863693036036
forward,29,102536.65537871,271.819,d435_link,0.3375948805666988,0.020927937954212245,0.2597030629894396,-0.03449347402544631,-0.02421518336887745,5.4534811265875465e-05,0.9991115163834425
forward,29,102536.65537871,271.819,velodyne_base_link,0.1958686818239647,0.005873986451506009,0.2924988422009359,-0.03449347402544631,-0.02421518336887745,5.4534811265875465e-05,0.9991115163834425
forward,29,102536.65537871,271.819,gps_frame,-0.003412855950776157,0.004828855457523045,0.27285765070602,-0.03449347402544631,-0.02421518336887745,5.4534811265875465e-05,0.9991115163834425
forward,30,102536.757806007,271.91900000000004,trunk,-2.3133796065187738e-05,3.71257268303173e-06,0.18544151285561286,-0.004928815317071351,-0.015611635322582113,0.0008618811882954782,0.999865611361318
forward,30,102536.757806007,271.91900000000004,imu_link,-2.3133796065187738e-05,3.71257268303173e-06,0.18544151285561286,-0.004928815317071351,-0.015611635322582113,0.0008618811882954782,0.999865611361318
forward,30,102536.757806007,271.91900000000004,rf_hip_link,0.19332993309284788,-0.04609156256732204,0.19351481938430093,-0.012129097705773103,-0.016430575384742893,0.0008128223282835868,0.999791108432773
forward,30,102536.757806007,271.91900000000004,rf_upper_leg_link,0.1934470857089767,-0.14156333741028498,0.1958335439473149,-0.011188885320451432,0.4368488061340135,-0.004752319073813672,0.8994528030352641
forward,30,102536.757806007,271.91900000000004,rf_lower_leg_link,0.026038433711131435,-0.14496615271362218,0.06418338601244677,-0.009407489800760768,-0.5934345155632432,0.007699014673458468,0.8047904696546334
forward,30,102536.757806007,271.91900000000004,rf_foot_link,0.22952281671088007,-0.14624508867480024,0.0012431747161792406,-0.009407489800760768,-0.5934345155632432,0.007699014673458468,0.8047904696546334
forward,30,102536.757806007,271.91900000000004,lf_hip_link,0.19321604627734965,0.04688080432084964,0.19125074672547215,0.003877721845087665,-0.016415457717181902,0.0010757488305773418,0.9998571591910922
forward,30,102536.757806007,271.91900000000004,lf_upper_leg_link,0.19299844957534198,0.1423777112740591,0.19198791295186765,0.002826026132889104,0.48397552959965284,0.002864880198295639,0.8750722786070195
forward,30,102536.757806007,271.91900000000004,lf_lower_leg_link,0.012578219985814867,0.14284053693620313,0.0787742806134041,0.003833809292763395,-0.5612008902702639,-0.0012230570555291497,0.8276698416624886
forward,30,102536.757806007,271.91900000000004,lf_foot_link,0.2104525536340686,0.14389989142312884,-5.227488238426781e-05,0.003833809292763395,-0.5612008902702639,-0.0012230570555291497,0.8276698416624886
forward,30,102536.757806007,271.91900000000004,rh_hip_link,-0.19326071180353624,-0.046874399808331774,0.18081440819206152,-0.05297690544202701,-0.016450066739711895,0.00014068358148650213,0.9984602260491778
forward,30,102536.757806007,271.91900000000004,rh_upper_leg_link,-0.19340033407743218,-0.14183834449863383,0.19091785881439285,-0.04609415907902702,0.48017053049127906,-0.02611323038003765,0.8755739199779994
forward,30,102536.757806007,271.91900000000004,rh_lower_leg_link,-0.3730140584784996,-0.15368968148261036,0.07704312141197495,-0.044585282288243586,-0.550911179283001,0.028613369346534544,0.8328807238968432
forward,30,102536.757806007,271.91900000000004,rh_foot_link,-0.17700334873625642,-0.16279364106315042,-0.0058177232994929,-0.044585282288243586,-0.550911179283001,0.028613369346534544,0.8328807238968432
forward,30,102536.757806007,271.91900000000004,lh_hip_link,-0.19337459861903447,0.0460979670798399,0.17855033553323274,0.002332431017214326,-0.01641710068955961,0.0010503773416904432,0.9998619581111879
forward,30,102536.757806007,271.91900000000004,lh_upper_leg_link,-0.193582506722226,0.14159671726618106,0.1789924747278818,0.001598470137866822,0.44059576047231136,0.001997102958875221,0.8977019729992887
forward,30,102536.757806007,271.91900000000004,lh_lower_leg_link,-0.3620769558047438,0.1418331620482261,0.048690653089641045,0.0024987785222902897,-0.6093209957736695,-0.0005473873459817131,0.7929195297017055
forward,30,102536.757806007,271.91900000000004,lh_foot_link,-0.15625766070699776,0.14253512301131224,-0.006144782682068445,0.0024987785222902897,-0.6093209957736695,-0.0005473873459817131,0.7929195297017055
forward,30,102536.757806007,271.91900000000004,d435_link,0.33865875385574823,0.019144512669417208,0.23667032203148317,-0.012810932641081586,-0.014053088722839889,0.0006735342363705574,0.9998189521377588
forward,30,102536.757806007,271.91900000000004,velodyne_base_link,0.19764888982697962,0.002396842413030121,0.2716593744275041,-0.012810932641081586,-0.014053088722839889,0.0006735342363705574,0.9998189521377588
forward,30,102536.757806007,271.91900000000004,gps_frame,-0.0019907495317545414,0.0017994812657897363,0.2560498402776858,-0.012810932641081586,-0.014053088722839889,0.0006735342363705574,0.9998189521377588
forward,31,102536.85611877,272.019,trunk,-2.2296041988049605e-05,8.69775062274554e-06,0.20308950632469386,-0.015161148665551388,0.00442512619201371,0.0004392094085014255,0.9998751746715293
forward,31,102536.85611877,272.019,imu_link,-2.2296041988049605e-05,8.69775062274554e-06,0.20308950632469386,-0.015161148665551388,0.00442512619201371,0.0004392094085014255,0.9998751746715293
forward,31,102536.85611877,272.019,rf_hip_link,0.19342064662675168,-0.0463032539606437,0.20167603567144715,-0.025270354424552586,0.00013642087624897773,0.0004667955504963235,0.9996805353104141
forward,31,102536.85611877,272.019,rf_upper_leg_link,0.19351043454822328,-0.14168124149687547,0.206501119263218,-0.022505762315901234,0.47142367299011173,-0.011502146469621556,0.8815446170408414
forward,31,102536.85611877,272.019,rf_lower_leg_link,0.01636265169841387,-0.14782307497791322,0.08839125128899665,-0.021369946360854066,-0.5179729075246933,0.01349570684931649,0.8550235425762188
forward,31,102536.85611877,272.019,rf_foot_link,0.2051519781060348,-0.15262894998330845,-0.010120137900219983,-0.021369946360854066,-0.5179729075246933,0.01349570684931649,0.8550235425762188
forward,31,102536.85611877,272.019,lf_hip_link,0.19333397234207217,0.04667914686026787,0.19986893159372435,-0.006380330220256753,0.0001452150217083749,0.000464135043828777,0.9999795272292024
forward,31,102536.85611877,272.019,lf_upper_leg_link,0.1932451473983276,0.1421713303695717,0.19865032634393728,-0.005514251868325,0.5682527412600448,-0.0032430019104381933,0.8228292034288684
forward,31,102536.85611877,272.019,lf_lower_leg_link,-0.005949399530651328,0.1410234977594341,0.12322344152123012,-0.005375383458711242,-0.47963372836434975,0.003468326358670001,0.877445475559738
forward,31,102536.85611877,272.019,lf_foot_link,0.17334168415470816,0.1397228858529645,0.00823641738546857,-0.005375383458711242,-0.47963372836434975,0.003468326358670001,0.877445475559738
forward,31,102536.85611877,272.019,rh_hip_link,-0.193379170410086,-0.04666158472399092,0.20179066260100084,-0.010977584335307829,0.00014307966532984032,0.00046479775258579433,0.9999396262442147
forward,31,102536.85611877,272.019,rh_upper_leg_link,-0.19329009940130834,-0.14213852655558612,0.20388724192017402,-0.009269831145001128,0.5721435125157445,-0.005898612153106171,0.820079921526772
forward,31,102536.85611877,272.019,rh_lower_leg_link,-0.39319404403075336,-0.14393929233703576,0.13037418073926438,-0.009440352112035075,-0.474686895594778,0.005621667616499531,0.880086147917238
forward,31,102536.85611877,272.019,rh_foot_link,-0.215203392027484,-0.1463418433781487,0.013401724374759616,-0.009440352112035075,-0.474686895594778,0.005621667616499531,0.880086147917238
forward,31,102536.85611877,272.019,lh_hip_link,-0.19346584469476552,0.046320816096920646,0.19998355852327804,-0.011952197145545268,0.00014262656974891523,0.0004649369882482596,0.9999284516777451
forward,31,102536.85611877,272.019,lh_upper_leg_link,-0.19355496690368587,0.14179348950096596,0.19770086486963487,-0.0107957150308355,0.46541767141318546,-0.005150118443493737,0.885010350195589
forward,31,102536.85611877,272.019,lh_lower_leg_link,-0.36904782057892976,0.13874445268976351,0.07702791146480854,-0.009875634867148632,-0.531524285908959,0.006748556807183306,0.8469585953905671
forward,31,102536.85611877,272.019,lh_foot_link,-0.17724314859079549,0.13670935185869382,-0.015577845203616825,-0.009875634867148632,-0.531524285908959,0.006748556807183306,0.8469585953905671
forward,31,102536.85611877,272.019,d435_link,0.3403132255750577,0.019012029381130113,0.2410250584176101,-0.015161148665551388,0.00442512619201371,0.0004392094085014255,0.9998751746715293
forward,31,102536.85611877,272.019,velodyne_base_link,0.20067666048413135,0.0025833155421749136,0.28127710248005766,-0.015161148665551388,0.00442512619201371,0.0004392094085014255,0.9998751746715293
forward,31,102536.85611877,272.019,gps_frame,0.0005962120447183441,0.0021312657124372635,0.2730545844207995,-0.015161148665551388,0.00442512619201371,0.0004392094085014255,0.9998751746715293
forward,32,102536.958609917,272.119,trunk,-2.2237972062997374e-05,6.577894097203777e-08,0.19250698560968732,0.027957273090570837,-0.017208552832145715,-0.0006095007122309113,0.9994607971799816
forward,32,102536.958609917,272.119,imu_link,-2.2237972062997374e-05,6.577894097203777e-08,0.19250698560968732,0.027957273090570837,-0.017208552832145715,-0.0006095007122309113,0.9994607971799816
forward,32,102536.958609917,272.119,rf_hip_link,0.19319550470695376,-0.04681346291111894,0.2044263882131972,0.015113112307988409,-0.024373321699539804,-0.0007005240262484015,0.9995884374540281
forward,32,102536.958609917,272.119,rf_upper_leg_link,0.1931321158239449,-0.14226974360368777,0.20153771062803547,0.013406999915537057,0.48265563212307194,0.007010652666479174,0.8756795326387004
forward,32,102536.958609917,272.119,rf_lower_leg_link,0.013042468846125196,-0.13870987271830135,0.08785373475331677,0.012297376447254784,-0.5644829111992389,-0.008813139625566223,0.8253060923478556
forward,32,102536.958609917,272.119,rf_foot_link,0.2115497631674831,-0.13650564946491517,0.010659204499787855,0.012297376447254784,-0.5644829111992389,-0.008813139625566223,0.8253060923478556
forward,32,102536.958609917,272.119,lf_hip_link,0.19309519326903754,0.04598429901141736,0.21055544358769762,0.02934653201263609,-0.024380826141949054,-0.00035335706680755265,0.9992718506563921
forward,32,102536.958609917,272.119,lf_upper_leg_link,0.19302597622040496,0.14131978234516177,0.21615819527963637,0.025799083662400354,0.46562433843027456,0.013991107338799328,0.8844956934089525
forward,32,102536.958609917,272.119,lf_lower_leg_link,0.017427208609956325,0.14826553269872736,0.09580110423088423,0.02395064128425003,-0.587732887222251,-0.01696203361801043,0.8085225472891968
forward,32,102536.958609917,272.119,lf_foot_link,0.22003346579385363,0.15226801080350916,0.030198629285550144,0.02395064128425003,-0.587732887222251,-0.01696203361801043,0.8085225472891968
forward,32,102536.958609917,272.119,rh_hip_link,-0.19314455176535858,-0.04598679978022549,0.18558713682046785,0.03557812999738424,-0.0243825557578561,-0.00020129405268798,0.9990693905436743
forward,32,102536.958609917,272.119,rh_upper_leg_link,-0.19301727337408903,-0.14124502360422486,0.1787971004355908,0.030969064878713766,0.475576273305157,0.017514590316203154,0.8789546998655688
forward,32,102536.958609917,272.119,rh_lower_leg_link,-0.37132060048136617,-0.1331975080705105,0.06255527906217154,0.028983732487273962,-0.5947598052928931,-0.020634609385994193,0.8031157638563406
forward,32,102536.958609917,272.119,rh_foot_link,-0.1675822480196878,-0.12850952453134842,0.0006060535098095232,0.028983732487273962,-0.5947598052928931,-0.020634609385994193,0.8031157638563406
forward,32,102536.958609917,272.119,lh_hip_link,-0.1932448632032748,0.04681096214231081,0.19171619219496827,0.061111113676541116,-0.024379731254262405,0.0004221949200902817,0.9978330933781623
forward,32,102536.958609917,272.119,lh_upper_leg_link,-0.19360989334819495,0.14159762556781325,0.2033611563277514,0.05286180418748139,0.4735536086952048,0.03066555268345993,0.8786422669257444
forward,32,102536.958609917,272.119,lh_lower_leg_link,-0.3715523309967231,0.1551976041400474,0.08708334474473951,0.051799727244494075,-0.555872371786754,-0.032427376100043884,0.8290181902834406
forward,32,102536.958609917,272.119,lh_foot_link,-0.17452390726690512,0.1658124308851091,0.006857876870032947,0.051799727244494075,-0.555872371786754,-0.032427376100043884,0.8290181902834406
forward,32,102536.958609917,272.119,d435_link,0.3383516664168565,0.014412976672584352,0.2465797960431229,0.027957273090570837,-0.017208552832145715,-0.0006095007122309113,0.9994607971799816
forward,32,102536.958609917,272.119,velodyne_base_link,0.19710454948969247,-0.004905118304538618,0.2792074402458371,0.027957273090570837,-0.017208552832145715,-0.0006095007122309113,0.9994607971799816
forward,32,102536.958609917,272.119,gps_frame,-0.002432521919433727,-0.003910373596541209,0.2623561015323941,0.027957273090570837,-0.017208552832145715,-0.0006095007122309113,0.9994607971799816
forward,33,102537.049281663,272.209,trunk,-2.4940996092068537e-05,-4.9111014078211036e-06,0.19539605030561508,0.006664718797302433,-0.003977176279588219,-0.00028597284138731394,0.9999698404510647
forward,33,102537.049281663,272.209,imu_link,-2.4940996092068537e-05,-4.9111014078211036e-06,0.19539605030561508,0.006664718797302433,-0.003977176279588219,-0.00028597284138731394,0.9999698404510647
forward,33,102537.049281663,272.209,rf_hip_link,0.19332313616605362,-0.04669146077932201,0.1905103522272295,0.015403610888596039,-0.0060131414160501575,-0.0004107510094066694,0.999863191734505
forward,33,102537.049281663,272.209,rf_upper_leg_link,0.19326238465763926,-0.14214610974986538,0.18756819329804758,0.013223731177121577,0.5308970428950321,0.007910302052022145,0.8472962232304069
forward,33,102537.049281663,272.209,rf_lower_leg_link,0.0015914961868298246,-0.139162038744235,0.0947114981541656,0.013296725430786534,-0.4873700358359499,-0.0077869787220254845,0.8730595673975894
forward,33,102537.049281663,272.209,rf_foot_link,0.182899913736978,-0.13583340541820157,-0.017025594727481802,0.013296725430786534,-0.4873700358359499,-0.0077869787220254845,0.8730595673975894
forward,33,102537.049281663,272.209,lf_hip_link,0.1933975570970593,0.04629478966830376,0.1921077529961155,0.016702874844892964,-0.0060136700915501265,-0.0004029368575121556,0.9998423312632021
forward,33,102537.049281663,272.209,lf_upper_leg_link,0.19345532079694053,0.1417414723265404,0.19529796190664692,0.015137816763206524,0.4394714042533168,0.007070706459674544,0.898101183863724
forward,33,102537.049281663,272.209,lf_lower_leg_link,0.025271873988952434,0.14620932533458164,0.06467114035271365,0.013684193936245627,-0.5587462369823821,-0.009585990950888608,0.8291703650467932
forward,33,102537.049281663,272.209,lf_foot_link,0.22269177507153867,0.14876123220301257,-0.015253013867876336,0.013684193936245627,-0.5587462369823821,-0.009585990950888608,0.8291703650467932
forward,33,102537.049281663,272.209,rh_hip_link,-0.1934487615869538,-0.046302093273745265,0.18586411703272893,-0.004961190365246373,-0.0060035297413717865,-0.0005331198041816573,0.9999695295378148
forward,33,102537.049281663,272.209,rh_upper_leg_link,-0.1935562732357677,-0.14179733782707113,0.18681106420435153,-0.004194416484739365,0.443354704893237,-0.0027026832811801673,0.896332364707682
forward,33,102537.049281663,272.209,rh_lower_leg_link,-0.3628505933117173,-0.14288847032752877,0.05755456487109434,-0.00439077898356971,-0.5712778930172386,0.0023703768652403546,0.8207415374667099
forward,33,102537.049281663,272.209,rh_foot_link,-0.1631069021921113,-0.1438467789650998,-0.016408530673038768,-0.00439077898356971,-0.5712778930172386,0.0023703768652403546,0.8207415374667099
forward,33,102537.049281663,272.209,lh_hip_link,-0.1933743406559481,0.046684157173880504,0.1874615178016149,0.009911200770360276,-0.0060107944740795515,-0.00044377457286442573,0.9999327184932036
forward,33,102537.049281663,272.209,lh_upper_leg_link,-0.193300964085822,0.14216535726609336,0.18935493926282432,0.008596706696381757,0.5323231047713044,0.004952319714870612,0.8464831264059887
forward,33,102537.049281663,272.209,lh_lower_leg_link,-0.38527577652607703,0.14414230950479914,0.09710114233080223,0.008442391529285298,-0.4918751479276453,-0.00521103270457622,0.8706092177404138
forward,33,102537.049281663,272.209,lh_foot_link,-0.2028306131745549,0.14618150607237068,-0.01280156030655405,0.008442391529285298,-0.4918751479276453,-0.00521103270457622,0.8706092177404138
forward,33,102537.049281663,272.209,d435_link,0.3396430743434899,0.016727990548971595,0.23982745088705323,0.006664718797302433,-0.003977176279588219,-0.00028597284138731394,0.9999698404510647
forward,33,102537.049281663,272.209,velodyne_base_link,0.1993320651579272,-0.0011960403611204246,0.2769764726408357,0.006664718797302433,-0.003977176279588219,-0.00028597284138731394,0.9999698404510647
forward,33,102537.049281663,272.209,gps_frame,-0.0005819957122564628,-0.0009377843613261906,0.2653876172085222,0.006664718797302433,-0.003977176279588219,-0.00028597284138731394,0.9999698404510647
forward,34,102537.153445651,272.314,trunk,-2.7136083387455455e-05,4.455428400465224e-06,0.20338661703090904,-0.03741903469381575,-0.027535874449719742,2.8646726373076704e-05,0.9989202123494335
forward,34,102537.153445651,272.314,imu_link,-2.7136083387455455e-05,4.455428400465224e-06,0.20338661703090904,-0.03741903469381575,-0.027535874449719742,2.8646726373076704e-05,0.9989202123494335
forward,34,102537.153445651,272.314,rf_hip_link,0.1930458414176617,-0.04623523254826182,0.21792928537115236,-0.029199459155232626,-0.02455054482511246,-0.00024965919846723776,0.9992720350355636
forward,34,102537.153445651,272.314,rf_upper_leg_link,0.1928612704612019,-0.14157237243602921,0.22350115144835742,-0.02444705453401603,0.5186382911599698,-0.01596910358424428,0.8544949690887553
forward,34,102537.153445651,272.314,rf_lower_leg_link,0.003902917802436948,-0.14694325115102133,0.1253436523852973,-0.02504546258967244,-0.5420239948275588,0.015013179155088882,0.8398555341762659
forward,34,102537.153445651,272.314,rf_foot_link,0.19798760775104787,-0.15243740170206868,0.03776541629165389,-0.02504546258967244,-0.5420239948275588,0.015013179155088882,0.8398555341762659
forward,34,102537.153445651,272.314,lf_hip_link,0.19323555057568198,0.04659408459882802,0.21230061870484745,-0.02234037948174689,-0.02455168008612215,-8.115339764060291e-05,0.9994489060795886
forward,34,102537.153445651,272.314,lf_upper_leg_link,0.19335580465786814,0.1419987566628469,0.20803633830685145,-0.019370874109903808,0.47342241302960414,-0.011129617130910855,0.8805521675062554
forward,34,102537.153445651,272.314,lf_lower_leg_link,0.01567600893608911,0.13697704523891518,0.09067504738585982,-0.019074513402688967,-0.544313880188676,0.011630222685445236,0.8385841047221712
forward,34,102537.153445651,272.314,lf_foot_link,0.21021947746118727,0.13285971600114918,0.0040442996448180335,-0.019074513402688967,-0.544313880188676,0.011630222685445236,0.8385841047221712
forward,34,102537.153445651,272.314,rh_hip_link,-0.19328783901533447,-0.04659680172006102,0.19894517014737795,-0.035817999485260966,-0.024548352468702777,-0.00041227660322892823,0.9990566947535804
forward,34,102537.153445651,272.314,rh_upper_leg_link,-0.19353445068547154,-0.14185172979976834,0.20577802161758632,-0.031039676122084223,0.4672333640059604,-0.017878410593781525,0.8834081075587602
forward,34,102537.153445651,272.314,rh_lower_leg_link,-0.3696056532001023,-0.14997440454879565,0.08618724521750874,-0.030673185749080782,-0.5466680639930973,0.018500127975938793,0.8365828881532991
forward,34,102537.153445651,272.314,rh_foot_link,-0.17453999517262428,-0.15659752588287826,0.000896429052455211,-0.030673185749080782,-0.5466680639930973,0.018500127975938793,0.8365828881532991
forward,34,102537.153445651,272.314,lh_hip_link,-0.1930981298573142,0.046232515427028824,0.19331650348107304,-0.03482908969981323,-0.024548748525088534,-0.0003879778050338208,0.9990916589231226
forward,34,102537.153445651,272.314,lh_upper_leg_link,-0.1928607863902425,0.14150079116795472,0.18667200911132972,-0.028996378895208053,0.5236638931478033,-0.019298342598792487,0.8512126120994632
forward,34,102537.153445651,272.314,lh_lower_leg_link,-0.382988374553733,0.13529131369295183,0.09084955553899848,-0.02987404899843648,-0.5441436534254767,0.017909696048058765,0.8382687328182293
forward,34,102537.153445651,272.314,lh_foot_link,-0.188445401372497,0.12877477731172923,0.00436506941924944,-0.02987404899843648,-0.5441436534254767,0.017909696048058765,0.8382687328182293
forward,34,102537.153445651,272.314,d435_link,0.33720923331138813,0.021277917291583376,0.2621026368022308,-0.03741903469381575,-0.027535874449719742,2.8646726373076704e-05,0.9989202123494335
forward,34,102537.153445651,272.314,velodyne_base_link,0.195268419678012,0.006408502685676027,0.29404329951252595,-0.03741903469381575,-0.027535874449719742,2.8646726373076704e-05,0.9989202123494335
forward,34,102537.153445651,272.314,gps_frame,-0.0038781459713419725,0.005237353206143968,0.2730844398354312,-0.03741903469381575,-0.027535874449719742,2.8646726373076704e-05,0.9989202123494335
forward,35,102537.254788358,272.41400000000004,trunk,-2.4412308652544708e-05,3.4190837730381905e-06,0.1880220952780792,-0.012296807922604049,-0.01337972826943813,0.0009335249459229691,0.9998344362530859
forward,35,102537.254788358,272.41400000000004,imu_link,-2.4412308652544708e-05,3.4190837730381905e-06,0.1880220952780792,-0.012296807922604049,-0.01337972826943813,0.0009335249459229691,0.9998344362530859
forward,35,102537.254788358,272.41400000000004,rf_hip_link,0.19330537508864587,-0.04590195456226484,0.19838828667083533,-0.029910907289771683,-0.016517178056114017,0.0008443384591984573,0.9994157330894544
forward,35,102537.254788358,272.41400000000004,rf_upper_leg_link,0.19337218714814813,-0.14123093788333962,0.2041005957590195,-0.026981289548996232,0.4426883131147692,-0.01293774696785437,0.8961761445995251
forward,35,102537.254788358,272.41400000000004,rf_lower_leg_link,0.0242179036738517,-0.1490917449140493,0.07489519302707746,-0.024144103508031315,-0.5809790302117,0.01767590303561515,0.8133682998322109
forward,35,102537.254788358,272.41400000000004,rf_foot_link,0.22570597569015316,-0.15308281938592674,0.005934130392329373,-0.024144103508031315,-0.5809790302117,0.01767590303561515,0.8133682998322109
forward,35,102537.254788358,272.41400000000004,lf_hip_link,0.19323431568758562,0.0469421664803801,0.19300645256151747,-0.01531709429158875,-0.016503091137100752,0.00108538531941551,0.9997458959876212
forward,35,102537.254788358,272.41400000000004,lf_upper_leg_link,0.1930753406355058,0.14239713031556375,0.19007820971697803,-0.013815435274593387,0.4845711095473484,-0.006702625381337082,0.874617086703217
forward,35,102537.254788358,272.41400000000004,lf_lower_leg_link,0.01249105584019727,0.1386332852166983,0.07718822098884204,-0.0122777035714473,-0.5562877275852495,0.009222224994039862,0.8308478637507654
forward,35,102537.254788358,272.41400000000004,lf_foot_link,0.20943243111991727,0.13647316991397207,-0.003919291639837841,-0.0122777035714473,-0.5562877275852495,0.009222224994039862,0.8308478637507654
forward,35,102537.254788358,272.41400000000004,rh_hip_link,-0.19328302204272627,-0.04693694543209236,0.1856376005208328,-0.07114263172761778,-0.016537953611671607,0.00016176745424890802,0.9973290308982775
forward,35,102537.254788358,272.41400000000004,rh_upper_leg_link,-0.19347692871223107,-0.14147023709048479,0.19919006038732326,-0.06185775773319193,0.48024597241543665,-0.03514140045676093,0.8742439623817319
forward,35,102537.254788358,272.41400000000004,rh_lower_leg_link,-0.3732599664055436,-0.15731839780156,0.0860711178540725,-0.06019440180408756,-0.5436828741362945,0.03792010297043986,0.8362700713005683
forward,35,102537.254788358,272.41400000000004,rh_foot_link,-0.1785999932324676,-0.16998008316786486,0.0005364665837129523,-0.06019440180408756,-0.5436828741362945,0.03792010297043986,0.8362700713005683
forward,35,102537.254788358,272.41400000000004,lh_hip_link,-0.19335408144378652,0.045907175610552575,0.18025576641151494,-0.015713780707310627,-0.01650352050632384,0.0010788369980699367,0.9997397396410286
forward,35,102537.254788358,272.41400000000004,lh_upper_leg_link,-0.1935105531356158,0.14135979103301588,0.17725181474396484,-0.01448418463317027,0.4401379542196274,-0.006188310665931915,0.8977920106917723
forward,35,102537.254788358,272.41400000000004,lh_lower_leg_link,-0.3618836330094642,0.1369804791475694,0.046866510352692736,-0.01199670264223809,-0.6074064694856711,0.010206170638372158,0.7942350370221442
forward,35,102537.254788358,272.41400000000004,lh_foot_link,-0.1563190624954652,0.13556236455564524,-0.008902623587143138,-0.01199670264223809,-0.6074064694856711,0.010206170638372158,0.7942350370221442
forward,35,102537.254788358,272.41400000000004,d435_link,0.33871506758652165,0.019264096430961178,0.23815283503398585,-0.012296807922604049,-0.01337972826943813,0.0009335249459229691,0.9998344362530859
forward,35,102537.254788358,272.41400000000004,velodyne_base_link,0.19776139346064098,0.0024077434915254557,0.2733156721777122,-0.012296807922604049,-0.01337972826943813,0.0009335249459229691,0.9998344362530859
forward,35,102537.254788358,272.41400000000004,gps_frame,-0.0018988712514347225,0.0017229385227390535,0.25797586327216826,-0.012296807922604049,-0.01337972826943813,0.0009335249459229691,0.9998344362530859
forward,36,102537.354427387,272.514,trunk,-2.2487635708025036e-05,7.161577999816752e-06,0.20496123474171235,0.01576385283319041,-0.016628859198699556,0.000548472250436473,0.9997373060778485
forward,36,102537.354427387,272.514,imu_link,-2.2487635708025036e-05,7.161577999816752e-06,0.20496123474171235,0.01576385283319041,-0.016628859198699556,0.000548472250436473,0.9997373060778485
forward,36,102537.354427387,272.514,rf_hip_link,0.19342679207851474,-0.04625181870584807,0.2027095160006258,-0.01737514435732305,-0.0024852887238191903,0.000567472825248959,0.9998457909463409
forward,36,102537.354427387,272.514,rf_upper_leg_link,0.19352691486401677,-0.14169409513148062,0.20602792618036034,-0.015662285814506315,0.4608501105642224,-0.007543902830095654,0.8873077019422849
forward,36,102537.354427387,272.514,rf_lower_leg_link,0.01927842775129016,-0.146133295601317,0.08360751024366062,-0.014378088767703301,-0.5368221381539946,0.009771807930636754,0.8435163153851432
forward,36,102537.354427387,272.514,rf_foot_link,0.21223884754694358,-0.14906521062482975,-0.006540591603134166,-0.014378088767703301,-0.5368221381539946,0.009771807930636754,0.8435163153851432
forward,36,102537.354427387,272.514,lf_hip_link,0.1933196201626602,0.04673917672809708,0.20141983294481325,-0.004328140026909549,-0.002477673046349424,0.0005998514178798103,0.9999873841796502
forward,36,102537.354427387,272.514,lf_upper_leg_link,0.19320709821699425,0.14223553003809425,0.20059288475783682,-0.0038917666181507897,0.5705898058607183,-0.0019866480327214945,0.8212235875996328
forward,36,102537.354427387,272.514,lf_lower_leg_link,-0.006412045391558441,0.1413569265813598,0.12629331840005892,-0.003541799163316144,-0.47100171221603854,0.0025589600432210876,0.8821214737618306
forward,36,102537.354427387,272.514,lf_foot_link,0.1705866042312199,0.14053942298108205,0.0078036153893057125,-0.003541799163316144,-0.47100171221603854,0.0025589600432210876,0.8821214737618306
forward,36,102537.354427387,272.514,rh_hip_link,-0.1933681805384227,-0.04672415377501985,0.2007948207650493,-0.008269180686492223,-0.002480017892913599,0.0005900819425869965,0.9999625602817968
forward,36,102537.354427387,272.514,rh_upper_leg_link,-0.19325939608082424,-0.14221102681374823,0.2023744546554037,-0.007097982371116789,0.5742463766222604,-0.004283245519946122,0.8186405630008082
forward,36,102537.354427387,272.514,rh_lower_leg_link,-0.3935355341309603,-0.1436385775492032,0.12987320896527388,-0.007048835781786756,-0.46668599919125464,0.004363652145419696,0.8843842211465193
forward,36,102537.354427387,272.514,rh_foot_link,-0.21769956429097503,-0.14542668008001866,0.009675395342183729,-0.007048835781786756,-0.46668599919125464,0.004363652145419696,0.8843842211465193
forward,36,102537.354427387,272.514,lh_hip_link,-0.19347535245427724,0.0462668416589253,0.19950513770923672,-0.006657123940065797,-0.002479063395417164,0.0005940792284212384,0.999974591684908
forward,36,102537.354427387,272.514,lh_upper_leg_link,-0.19358566654828102,0.14175830964513234,0.19823337804645474,-0.006178017755986009,0.4599695042158759,-0.0025499658605087883,0.88790955899918
forward,36,102537.354427387,272.514,lh_lower_leg_link,-0.367575599806352,0.13992113587299682,0.0753792860617633,-0.005270195565554876,-0.5445426590061153,0.004110385381426478,0.8387065173785564
forward,36,102537.354427387,272.514,lh_foot_link,-0.1730072823223158,0.13899166045280506,-0.011288504419329437,-0.005270195565554876,-0.5445426590061153,0.004110385381426478,0.8387065173785564
forward,36,102537.354427387,272.514,d435_link,0.33838179358317866,0.016384251937982236,0.25827946205723407,0.01576385283319041,-0.016628859198699556,0.000548472250436473,0.9997373060778485
forward,36,102537.354427387,272.514,velodyne_base_link,0.19720824927424943,-0.00240137426686325,0.29153048663312675,0.01576385283319041,-0.016628859198699556,0.000548472250436473,0.9997373060778485
forward,36,102537.354427387,272.514,gps_frame,-0.0023487059164743734,-0.002200474934576551,0.2748877322196968,0.01576385283319041,-0.016628859198699556,0.000548472250436473,0.9997373060778485
forward,37,102537.455702476,272.61400000000003,trunk,-2.24501289828695e-05,2.893256234597034e-06,0.1912670199593314,0.026053876043008784,-0.016456029303622485,-0.00013950819925760078,0.9995250748131116
forward,37,102537.455702476,272.61400000000003,imu_link,-2.24501289828695e-05,2.893256234597034e-06,0.1912670199593314,0.026053876043008784,-0.016456029303622485,-0.00013950819925760078,0.9995250748131116
forward,37,102537.455702476,272.61400000000003,rf_hip_link,0.1932706379182471,-0.04658646049770841,0.20267088146046663,0.011482988318486625,-0.021709058419792728,-0.00017969312279085997,0.9996983672449331
forward,37,102537.455702476,272.61400000000003,rf_upper_leg_link,0.19328394029331825,-0.1420612692574333,0.20047754716292407,0.010018481194507996,0.48353945756347205,0.005614387312625337,0.8752472231711921
forward,37,102537.455702476,272.61400000000003,rf_lower_leg_link,0.012969721035224932,-0.13948232061605328,0.0871235381590545,0.009516715861631256,-0.5647229726895008,-0.0064283302303051225,0.8252006257913238
forward,37,102537.455702476,272.61400000000003,rf_foot_link,0.2115159359603904,-0.13768333363777718,0.010018647362543126,0.009516715861631256,-0.5647229726895008,-0.0064283302303051225,0.8252006257913238
forward,37,102537.455702476,272.61400000000003,lf_hip_link,0.19311743513909302,0.04625872251187717,0.2080326461722956,0.024537119336045396,-0.021709553844173994,0.00010382186312151897,0.9994631630368357
forward,37,102537.455702476,272.61400000000003,lf_upper_leg_link,0.19299587203524007,0.14164372504005762,0.21271628953091953,0.021263740044855012,0.47622998212579853,0.012244768825724079,0.8789783405296009
forward,37,102537.455702476,272.61400000000003,lf_lower_leg_link,0.014563127009506483,0.1471216764630616,0.09652357224283509,0.02029763650069234,-0.5829848494559525,-0.013787202645074761,0.8121124209741714
forward,37,102537.455702476,272.61400000000003,lf_foot_link,0.2163717172666167,0.15071977149109542,0.028484270287222696,0.02029763650069234,-0.5829848494559525,-0.013787202645074761,0.8121124209741714
forward,37,102537.455702476,272.61400000000003,rh_hip_link,-0.19316475240546616,-0.046254645057091676,0.1858834157829835,0.0319659487447573,-0.021708182275056456,0.00026519691792469154,0.9992531524162209
forward,37,102537.455702476,272.61400000000003,rh_upper_leg_link,-0.19298159839931114,-0.14155946364525712,0.1797835790239466,0.027461989791203515,0.48559332334169103,0.016362497525303464,0.8736001557448432
forward,37,102537.455702476,272.61400000000003,rh_lower_leg_link,-0.3738883557459321,-0.1347241747882,0.06755602459736498,0.02638202989325563,-0.5889251482392515,-0.018052166276352928,0.8075551235444042
forward,37,102537.455702476,272.61400000000003,rh_foot_link,-0.1710843361773814,-0.13017723451797028,0.0026033111743078985,0.02638202989325563,-0.5889251482392515,-0.018052166276352928,0.8075551235444042
forward,37,102537.455702476,272.61400000000003,lh_hip_link,-0.19331795518462025,0.046590537952493905,0.19124518049481248,0.05389246792925898,-0.021697130588237065,0.000741640970645145,0.9983107163570876
forward,37,102537.455702476,272.61400000000003,lh_upper_leg_link,-0.19368270789284625,0.14153569285950432,0.20151817982050305,0.046399582671834354,0.4772380635325782,0.02742310811551378,0.8771196512362719
forward,37,102537.455702476,272.61400000000003,lh_lower_leg_link,-0.37254617965862025,0.1532978232662145,0.08645945239754885,0.045776186156624106,-0.5568751050985637,-0.02845151862009557,0.8288456847873602
forward,37,102537.455702476,272.61400000000003,lh_foot_link,-0.17536529354710226,0.1627113377927232,0.00645892804591891,0.045776186156624106,-0.5568751050985637,-0.02845151862009557,0.8288456847873602
forward,37,102537.455702476,272.61400000000003,d435_link,0.3384177630370761,0.01493151426926485,0.24478204950021734,0.026053876043008784,-0.016456029303622485,-0.00013950819925760078,0.9995250748131116
forward,37,102537.455702476,272.61400000000003,velodyne_base_link,0.19723692594179976,-0.004390653924147251,0.27769291477876223,0.026053876043008784,-0.016456029303622485,-0.00013950819925760078,0.9995250748131116
forward,37,102537.455702476,272.61400000000003,gps_frame,-0.0023257089400053345,-0.0036425956747716767,0.2611340752093086,0.026053876043008784,-0.016456029303622485,-0.00013950819925760078,0.9995250748131116
forward,38,102537.55737732,272.714,trunk,-2.289407193607979e-05,-1.6735692574533912e-06,0.19370723848604232,0.004616875662327833,-0.006172931758105634,-0.00015299106708783605,0.9999702775414686
forward,38,102537.55737732,272.714,imu_link,-2.289407193607979e-05,-1.6735692574533912e-06,0.19370723848604232,0.004616875662327833,-0.006172931758105634,-0.00015299106708783605,0.9999702775414686
forward,38,102537.55737732,272.714,rf_hip_link,0.19333398661810164,-0.04660467759105046,0.1909362152010584,0.01283921628974,-0.009084873801160003,-0.00017565762796639182,0.9998762867162517
forward,38,102537.55737732,272.714,rf_upper_leg_link,0.19332271890981814,-0.14207318621191786,0.18848392346757517,0.010977739381327076,0.5226126178480449,0.006660748352298599,0.8524735628366878
forward,38,102537.55737732,272.714,rf_lower_leg_link,0.003502844230611649,-0.13956948134609376,0.09188606304243321,0.011113356153543244,-0.49688937985128667,-0.006431923937787999,0.8677188875784985
forward,38,102537.55737732,272.714,rf_foot_link,0.18720758259393788,-0.13682292543635152,-0.015882325335126346,0.011113356153543244,-0.49688937985128667,-0.006431923937787999,0.8677188875784985
forward,38,102537.55737732,272.714,lf_hip_link,0.19335518843170502,0.046377403501082916,0.192761631936776,0.0166256655828317,-0.009085473872993011,-0.0001412518616780884,0.99982049461708
forward,38,102537.55737732,272.714,lf_upper_leg_link,0.19335331175278853,0.14182460485382428,0.19593680916133058,0.014947082929116078,0.43734807528120945,0.007281306206355349,0.8991386035198694
forward,38,102537.55737732,272.714,lf_lower_leg_link,0.025788183302877358,0.14619324934493777,0.06451442646768486,0.013746302721000553,-0.5629327180976809,-0.009352639716315116,0.8263354779912311
forward,38,102537.55737732,272.714,lf_foot_link,0.22400591552752602,0.14878935755705805,-0.013408553800452083,0.013746302721000553,-0.5629327180976809,-0.009352639716315116,0.8263354779912311
forward,38,102537.55737732,272.714,rh_hip_link,-0.19340214048862253,-0.04637857089975559,0.18391077099759764,0.00010017582756633238,-0.009081898744995928,-0.00029138080051289273,0.9999587112362281
forward,38,102537.55737732,272.714,rh_upper_leg_link,-0.19345761815438262,-0.14187855276660385,0.1838911327629675,0.0002192375795889905,0.43627738907131836,-0.00021650138806043428,0.8998121719821011
forward,38,102537.55737732,272.714,rh_lower_leg_link,-0.360691440284188,-0.14175427693553294,0.051975124290248614,-8.29170745925783e-05,-0.5750662435145816,-0.0002967536454319346,0.8181067904815732
forward,38,102537.55737732,272.714,rh_foot_link,-0.16027310567922032,-0.14185587283456583,-0.020146168213730414,-8.29170745925783e-05,-0.5750662435145816,-0.0002967536454319346,0.8181067904815732
forward,38,102537.55737732,272.714,lh_hip_link,-0.19338093867501915,0.04660351019237779,0.18573618773331524,0.013346731208622814,-0.00908496179104859,-0.00017104631084409144,0.9998696409924943
forward,38,102537.55737732,272.714,lh_upper_leg_link,-0.1933714327061821,0.14206948077463588,0.18828537788393204,0.011387186246470124,0.5248593221752582,0.006963941425936975,0.8510843245148701
forward,38,102537.55737732,272.714,lh_lower_leg_link,-0.3836992191327368,0.1446409727495161,0.09269394969609225,0.01154708250594503,-0.49834149727384897,-0.006695474322001222,0.8668780696292084
forward,38,102537.55737732,272.714,lh_foot_link,-0.19963372344826852,0.1474837899843678,-0.014454599937583357,0.01154708250594503,-0.49834149727384897,-0.006695474322001222,0.8668780696292084
forward,38,102537.55737732,272.714,d435_link,0.339443138859336,0.016991058061581917,0.2395609139944112,0.004616875662327833,-0.006172931758105634,-0.00015299106708783605,0.9999702775414686
forward,38,102537.55737732,272.714,velodyne_base_link,0.19897410179110014,-0.0008127950859865213,0.27616654796272816,0.004616875662327833,-0.006172931758105634,-0.00015299106708783605,0.9999702775414686
forward,38,102537.55737732,272.714,gps_frame,-0.000887177719314508,-0.0006478847340196488,0.2636989195982103,0.004616875662327833,-0.006172931758105634,-0.00015299106708783605,0.9999702775414686
forward,39,102537.658366818,272.814,trunk,-2.528974332364343e-05,6.118589608115711e-06,0.20387444603136132,-0.03507242728521966,-0.028078763446759778,7.850921289238652e-05,0.9989902410554006
forward,39,102537.658366818,272.814,imu_link,-2.528974332364343e-05,6.118589608115711e-06,0.20387444603136132,-0.03507242728521966,-0.028078763446759778,7.850921289238652e-05,0.9989902410554006
forward,39,102537.658366818,272.814,rf_hip_link,0.19303580708198717,-0.04623331916953065,0.21782997698379994,-0.02658423604576274,-0.025840004414122836,-0.00017521798850070948,0.99931253462788
forward,39,102537.658366818,272.814,rf_upper_leg_link,0.19287115852897396,-0.14159832947880194,0.22290321062385413,-0.022209340735077104,0.5220479270957903,-0.014611553360049389,0.8525017357797626
forward,39,102537.658366818,272.814,rf_lower_leg_link,0.0031429945369295604,-0.14641450246234933,0.1262128374422367,-0.022865016428945464,-0.5376024105532128,0.013562570965137083,0.8427792687648971
forward,39,102537.658366818,272.814,rf_foot_link,0.19628725162738286,-0.15151751002073557,0.03655651994683712,-0.022865016428945464,-0.5376024105532128,0.013562570965137083,0.8427792687648971
forward,39,102537.658366818,272.814,lf_hip_link,0.19319978334149698,0.04663145423671396,0.21281929120307522,-0.01706894366554349,-0.025840501473084417,7.080314190765408e-05,0.9995203422805746
forward,39,102537.658366818,272.814,lf_upper_leg_link,0.19327051081020719,0.142075805651184,0.2095603372763791,-0.01489511918256657,0.469252179311621,-0.008336022761457569,0.8828992232187952
forward,39,102537.658366818,272.814,lf_lower_leg_link,0.01672480022883532,0.138139909727791,0.09045903250351485,-0.014527760842990152,-0.543243352854885,0.008960916015189698,0.8394017546610446
forward,39,102537.658366818,272.814,lf_foot_link,0.21103601223111,0.13501874835799116,0.0032672253086254432,-0.014527760842990152,-0.543243352854885,0.008960916015189698,0.8394017546610446
forward,39,102537.658366818,272.814,rh_hip_link,-0.1932476319388183,-0.0466292780091281,0.19785028842624428,-0.03110482032009636,-0.025838947308202045,-0.00029211550684721824,0.9991820422842822
forward,39,102537.658366818,272.814,rh_upper_leg_link,-0.1934568900837797,-0.1419444673300127,0.20378500794385415,-0.027015716874769412,0.4645527452579274,-0.015419021381304281,0.8849989557591061
forward,39,102537.658366818,272.814,rh_lower_leg_link,-0.36877516673902055,-0.1490782345798601,0.08303066543203626,-0.026513776011526678,-0.5523935535021056,0.016266986820717966,0.8330028612620136
forward,39,102537.658366818,272.814,rh_foot_link,-0.17256948834083644,-0.15465895071844815,0.00031919481466138877,-0.026513776011526678,-0.5523935535021056,0.016266986820717966,0.8330028612620136
forward,39,102537.658366818,272.814,lh_hip_link,-0.1930836556793085,0.04623549539711651,0.19283960264551955,-0.03097616673229642,-0.02583898470641083,-0.00028878851647643833,0.9991860390163123
forward,39,102537.658366818,272.814,lh_upper_leg_link,-0.19287566696420952,0.14155221059300774,0.18692939579975307,-0.02576395357269479,0.525381084104155,-0.01719956396360977,0.8503029519890593
forward,39,102537.658366818,272.814,lh_lower_leg_link,-0.3833727347673817,0.1360692326607994,0.09179893742080628,-0.02662032632172972,-0.541045384734799,0.015841860078882802,0.8404226825549981
forward,39,102537.658366818,272.814,lh_foot_link,-0.1894879813675169,0.13018993817000896,0.003803844970350967,-0.02662032632172972,-0.541045384734799,0.015841860078882802,0.8404226825549981
forward,39,102537.658366818,272.814,d435_link,0.3371418925242692,0.021093944641780063,0.2630529454557733,-0.03507242728521966,-0.028078763446759778,7.850921289238652e-05,0.9989902410554006
forward,39,102537.658366818,272.814,velodyne_base_link,0.1951708347408579,0.006036976023742019,0.29477055015560344,-0.03507242728521966,-0.028078763446759778,7.850921289238652e-05,0.9989902410554006
forward,39,102537.658366818,272.814,gps_frame,-0.003952732727526354,0.004910991730110051,0.27359185713562867,-0.03507242728521966,-0.028078763446759778,7.850921289238652e-05,0.9989902410554006
forward,40,102537.75105399,272.904,trunk,-2.2628957255998875e-05,5.454448839273756e-06,0.18627768300004163,-0.008487212775970688,-0.013781579642831093,0.0009541618592965722,0.9998685537894418
forward,40,102537.75105399,272.904,imu_link,-2.2628957255998875e-05,5.454448839273756e-06,0.18627768300004163,-0.008487212775970688,-0.013781579642831093,0.0009541618592965722,0.9998685537894418
forward,40,102537.75105399,272.904,rf_hip_link,0.19329434287534453,-0.045890652998403655,0.20062722999707194,-0.02416316254592921,-0.01770729072245706,0.0009548719615851982,0.999550739907978
forward,40,102537.75105399,272.904,rf_upper_leg_link,0.1933949194322079,-0.14127896188930905,0.20524355009964676,-0.02181896355469345,0.4505692078894756,-0.01042607472076509,0.8924139278928621
forward,40,102537.75105399,272.904,rf_lower_leg_link,0.022005865543019566,-0.14757263423257613,0.07892972704213445,-0.019247127928290256,-0.5877399807449226,0.01463961308218379,0.8086884102231675
forward,40,102537.75105399,272.904,rf_foot_link,0.2246030653167622,-0.15053786831017923,0.013244248961334304,-0.019247127928290256,-0.5877399807449226,0.01463961308218379,0.8086884102231675
forward,40,102537.75105399,272.904,lf_hip_link,0.19321739439293503,0.046970106199742144,0.19554063191239496,-0.014353149186735577,-0.017697067690022453,0.0011285922059799535,0.9997397297213063
forward,40,102537.75105399,272.904,lf_upper_leg_link,0.1930504050384134,0.14243051445686078,0.19279607913649427,-0.012967850075252191,0.48828090336317737,-0.006254716330087934,0.8725677468247927
forward,40,102537.75105399,272.904,lf_lower_leg_link,0.01151507265777869,0.1389112137855892,0.08143388797523118,-0.01138912223446198,-0.5625205301447251,0.008807639108896932,0.8266579501545687
forward,40,102537.75105399,272.904,lf_foot_link,0.20965294638770232,0.13701107034166515,0.0032880470834896758,-0.01138912223446198,-0.5625205301447251,0.008807639108896932,0.8266579501545687
forward,40,102537.75105399,272.904,rh_hip_link,-0.1932623909265265,-0.04696000578619942,0.18695287308185676,-0.07269344867680266,-0.01773277137163417,9.351296159938533e-05,0.9971966719731271
forward,40,102537.75105399,272.904,rh_upper_leg_link,-0.19349078977540451,-0.14145069565718607,0.20079871583955328,-0.06320149983233198,0.47839009013347833,-0.03591540956392771,0.8751334614999484
forward,40,102537.75105399,272.904,rh_lower_leg_link,-0.372804875251541,-0.15769329663174816,0.08699345821303608,-0.060894732558363696,-0.5584047297437121,0.03970110542348019,0.8263775236383495
forward,40,102537.75105399,272.904,rh_foot_link,-0.17519595451659192,-0.16968636951610971,0.008406686751428333,-0.060894732558363696,-0.5584047297437121,0.03970110542348019,0.8263775236383495
forward,40,102537.75105399,272.904,lh_hip_link,-0.193339339408936,0.04590075341194638,0.18186627499717978,-0.014856553141553978,-0.017697633734224286,0.0011196809375362462,0.9997323756403809
forward,40,102537.75105399,272.904,lh_upper_leg_link,-0.19350292239942574,0.1413583569783263,0.17902564795916925,-0.013685539491994619,0.4473569839267572,-0.005888706603555235,0.8942313783777135
forward,40,102537.75105399,272.904,lh_lower_leg_link,-0.3639545717003789,0.13726718724569942,0.05136007867440201,-0.01121544600421154,-0.6138356351111549,0.009807376182053735,0.7892932548875832
forward,40,102537.75105399,272.904,lh_foot_link,-0.15751227916700267,0.13606068755677234,-0.00107201275884658,-0.01121544600421154,-0.6138356351111549,0.009807376182053735,0.7892932548875832
forward,40,102537.75105399,272.904,d435_link,0.338673907911659,0.018934438536336817,0.23682320183622474,-0.008487212775970688,-0.013781579642831093,0.0009541618592965722,0.9998685537894418
forward,40,102537.75105399,272.904,velodyne_base_link,0.19769497549284037,0.0017895274727178407,0.2717444366178122,-0.008487212775970688,-0.013781579642831093,0.0009541618592965722,0.9998685537894418
forward,40,102537.75105399,272.904,gps_frame,-0.001952930236614773,0.001191667071729259,0.2562410079394998,-0.008487212775970688,-0.013781579642831093,0.0009541618592965722,0.9998685537894418
forward,41,102537.856310861,273.004,trunk,-2.244784073752941e-05,9.678196352867421e-06,0.2063334846453989,0.01529616728334913,-0.0184294418798858,0.0006036907328421371,0.9997129680542984
forward,41,102537.856310861,273.004,imu_link,-2.244784073752941e-05,9.678196352867421e-06,0.2063334846453989,0.01529616728334913,-0.0184294418798858,0.0006036907328421371,0.9997129680542984
forward,41,102537.856310861,273.004,rf_hip_link,0.19340586668178827,-0.04624115045967517,0.20283934264825976,-0.01667393239948864,-0.0073469364926962,0.0005104174433795212,0.9998338571865543
forward,41,102537.856310861,273.004,rf_upper_leg_link,0.19347994227267276,-0.14168799887507796,0.2060242508689078,-0.015007922891046663,0.45732526252317124,-0.0072830486834580726,0.8891430277016648
forward,41,102537.856310861,273.004,rf_lower_leg_link,0.020210034801795656,-0.14595373617820961,0.08221656673624045,-0.013947023783725558,-0.5289680300151051,0.009152107691970014,0.8484777797174831
forward,41,102537.856310861,273.004,rf_foot_link,0.21146071739887734,-0.1489325698894913,-0.011502710661053156,-0.013947023783725558,-0.5289680300151051,0.009152107691970014,0.8484777797174831
forward,41,102537.856310861,273.004,lf_hip_link,0.19330568595065914,0.04675112493701664,0.20164490538873822,-0.0012803179566646587,-0.007338208431617586,0.0006234571423552451,0.9999720610017739
forward,41,102537.856310861,273.004,lf_upper_leg_link,0.19318840345429872,0.14225073760565687,0.20139949765507267,-0.0014060072195758479,0.5688969725221023,-0.00022595702470232937,0.8224075672939227
forward,41,102537.856310861,273.004,lf_lower_leg_link,-0.006122296525355963,0.14181290983929237,0.1262725838327476,-0.000847779030003859,-0.46824200009663197,0.0011441956103732658,0.8835991180578595
forward,41,102537.856310861,273.004,lf_foot_link,0.17013059771092476,0.14172202854903082,0.006673633110237082,-0.000847779030003859,-0.46824200009663197,0.0011441956103732658,0.8835991180578595
forward,41,102537.856310861,273.004,rh_hip_link,-0.19335217480002356,-0.046730711587525404,0.19716328071633096,-0.009091097265865666,-0.007342854414299729,0.0005661191081532154,0.9999315546319699
forward,41,102537.856310861,273.004,rh_upper_leg_link,-0.1932568035805831,-0.14221486459632002,0.19890035541926987,-0.007757730879868681,0.5699355090312344,-0.004773484255507527,0.8216389395622421
forward,41,102537.856310861,273.004,rh_lower_leg_link,-0.3927603732520875,-0.14377124519958953,0.1243020754944291,-0.007803091472414113,-0.4681184367219633,0.00469896837775958,0.8836187869554626
forward,41,102537.856310861,273.004,rh_foot_link,-0.21653486087307353,-0.14577143639239526,0.0046794688435699006,-0.007803091472414113,-0.4681184367219633,0.00469896837775958,0.8836187869554626
forward,41,102537.856310861,273.004,lh_hip_link,-0.1934523555311527,0.046261563809166406,0.19596884345680943,-0.007454683676825375,-0.007341918120042409,0.0005781350299109715,0.9999450933373712
forward,41,102537.856310861,273.004,lh_upper_leg_link,-0.19355231950852517,0.14175088565833904,0.19454426633066,-0.006889814929561236,0.4520101989292215,-0.0029046512821218192,0.8919814311492875
forward,41,102537.856310861,273.004,lh_lower_leg_link,-0.3653175287991801,0.13969217463797867,0.06860192005161,-0.005986715088007452,-0.5415653863980792,0.004479485605441852,0.8406253777436563
forward,41,102537.856310861,273.004,lh_foot_link,-0.17136806778418243,0.13858174161890133,-0.019439964926518505,-0.005986715088007452,-0.5415653863980792,0.004479485605441852,0.8406253777436563
forward,41,102537.856310861,273.004,d435_link,0.33818691840589865,0.016450035476819953,0.2608553998313067,0.01529616728334913,-0.0184294418798858,0.0006036907328421371,0.9997129680542984
forward,41,102537.856310861,273.004,velodyne_base_link,0.19689516178915845,-0.0023101391487685514,0.2936150603938533,0.01529616728334913,-0.0184294418798858,0.0006036907328421371,0.9997129680542984
forward,41,102537.856310861,273.004,gps_frame,-0.0026005363449018294,-0.002132728150562422,0.2762531782567799,0.01529616728334913,-0.0184294418798858,0.0006036907328421371,0.9997129680542984
forward,42,102537.949185177,273.094,trunk,-2.5024130118230863e-05,-3.5560043591687728e-06,0.20299148363079114,0.041479247677391404,-0.030890244866113074,-0.0001612647097597317,0.998661723897498
forward,42,102537.949185177,273.094,imu_link,-2.5024130118230863e-05,-3.5560043591687728e-06,0.20299148363079114,0.041479247677391404,-0.030890244866113074,-0.0001612647097597317,0.998661723897498
forward,42,102537.949185177,273.094,rf_hip_link,0.19312876018625222,-0.04679581894762912,0.21272686559596707,0.03562591413881416,-0.03119709143158223,-5.867205405716327e-05,0.9988781368543279
forward,42,102537.949185177,273.094,rf_upper_leg_link,0.19332984855197013,-0.1420533999903076,0.2059296001629632,0.0307785225647832,0.4775322096603017,0.017941341905365327,0.8778916673122679
forward,42,102537.949185177,273.094,rf_lower_leg_link,0.014506228610704459,-0.13419257541528723,0.09047692419526406,0.030091465489325897,-0.5597064359003996,-0.019071258619734428,0.8279248132596557
forward,42,102537.949185177,273.094,rf_foot_link,0.21215690697030343,-0.12812669122932782,0.011316237026487541,0.030091465489325897,-0.5597064359003996,-0.019071258619734428,0.8279248132596557
forward,42,102537.949185177,273.094,lf_hip_link,0.19286492188990653,0.04588404401417798,0.2204322786760063,0.03695123141891331,-0.031197141818641305,-1.7278541919788262e-05,0.9988299878059456
forward,42,102537.949185177,273.094,lf_upper_leg_link,0.19264803862400995,0.14112325379801086,0.22748180925612618,0.03181729337840362,0.4814524161129131,0.01878972176469598,0.8756929697200476
forward,42,102537.949185177,273.094,lf_lower_leg_link,0.012789844282629886,0.14913879447494272,0.11365834490929293,0.030720897192167394,-0.5805955495971923,-0.020533394206277204,0.8133531914156433
forward,42,102537.949185177,273.094,lf_foot_link,0.21422822450868947,0.15470463037147036,0.04466124031298124,0.030720897192167394,-0.5805955495971923,-0.020533394206277204,0.8133531914156433
forward,42,102537.949185177,273.094,rh_hip_link,-0.1929183243644311,-0.04589068286332264,0.1886214878020716,0.04424496478267131,-0.031196436006006297,0.00021056287322887942,0.9985334852348117
forward,42,102537.949185177,273.094,rh_upper_leg_link,-0.1926145313596406,-0.14101676956546208,0.1801843473773011,0.03771484343851898,0.4913974532195834,0.023135510146772398,0.8698108309994559
forward,42,102537.949185177,273.094,rh_lower_leg_link,-0.37506836293249374,-0.1318850128843494,0.07065713448341837,0.0368178790481358,-0.5835955024069066,-0.024537828504989,0.8108382257424023
forward,42,102537.949185177,273.094,rh_foot_link,-0.1730996446369023,-0.12526787932530653,0.003323262075113964,0.0368178790481358,-0.5835955024069066,-0.024537828504989,0.8108382257424023
forward,42,102537.949185177,273.094,lh_hip_link,-0.19318216266077679,0.046789180098484456,0.19632690088211083,0.05878463553187902,-0.031190059506003277,0.0006649392546716121,0.997783095000704
forward,42,102537.949185177,273.094,lh_upper_leg_link,-0.193659082293485,0.14162906967438824,0.20752591391426284,0.050802259215089095,0.4651974211253879,0.029583880365346822,0.8832526727157185
forward,42,102537.949185177,273.094,lh_lower_leg_link,-0.3693371343280493,0.1548814552717923,0.0878154452437301,0.050121254468120914,-0.5574476983501628,-0.03072353119955662,0.8281280022347256
forward,42,102537.949185177,273.094,lh_foot_link,-0.1720233273253855,0.16526735767078757,0.008264237852050077,0.050121254468120914,-0.5574476983501628,-0.03072353119955662,0.8281280022347256
forward,42,102537.949185177,273.094,d435_link,0.3367258740085084,0.013017667853325634,0.2666921926698308,0.041479247677391404,-0.030890244866113074,-0.0001612647097597317,0.998661723897498
forward,42,102537.949185177,273.094,velodyne_base_link,0.19465638748365235,-0.00720749808624323,0.29490041241657605,0.041479247677391404,-0.030890244866113074,-0.0001612647097597317,0.998661723897498
forward,42,102537.949185177,273.094,gps_frame,-0.004344807336100679,-0.005802181772273482,0.27261702070058325,0.041479247677391404,-0.030890244866113074,-0.0001612647097597317,0.998661723897498
forward,43,102538.051764138,273.199,trunk,-2.579157548611114e-05,-3.87316754817416e-06,0.18712842976477986,0.015627064863750793,-0.01149783590204138,-0.00068176889765294,0.9998115471450028
forward,43,102538.051764138,273.199,imu_link,-2.579157548611114e-05,-3.87316754817416e-06,0.18712842976477986,0.015627064863750793,-0.01149783590204138,-0.00068176889765294,0.9998115471450028
forward,43,102538.051764138,273.199,rf_hip_link,0.1932793645906719,-0.04685608831802559,0.1885836575078481,0.005264939852892441,-0.009075072694969434,-0.0009318993760271757,0.999944525975056
forward,43,102538.051764138,273.199,rf_upper_leg_link,0.19311050760879953,-0.1423506280046582,0.18757649448339483,0.005017196039593623,0.49605355770034093,0.0018481807276078278,0.8682754631248847
forward,43,102538.051764138,273.199,rf_lower_leg_link,0.009623614979951697,-0.14088539606746162,0.07941266814214573,0.004017053018193408,-0.5266382959333311,-0.0035286418280463324,0.85007265408807
forward,43,102538.051764138,273.199,rf_foot_link,0.20034168017031412,-0.14022234027281966,-0.015430254456527404,0.004017053018193408,-0.5266382959333311,-0.0035286418280463324,0.85007265408807
forward,43,102538.051764138,273.199,lf_hip_link,0.19340651556269955,0.04609441283794801,0.19161485652534294,0.022787691005313238,-0.009090010169007647,-0.000772719867323967,0.999698702488795
forward,43,102538.051764138,273.199,lf_upper_leg_link,0.19351449678350438,0.14149511653009475,0.1959673357153191,0.020742910444256506,0.4374883724723308,0.00946613034183162,0.8989349520372228
forward,43,102538.051764138,273.199,lf_lower_leg_link,0.025896300546128685,0.14767433396593926,0.06468535842213088,0.01833855831733091,-0.5739505742894914,-0.013548920111538208,0.8185724539192704
forward,43,102538.051764138,273.199,lf_foot_link,0.2261455231604184,0.15075645598090262,-0.007838771122852833,0.01833855831733091,-0.5739505742894914,-0.013548920111538208,0.8185724539192704
forward,43,102538.051764138,273.199,rh_hip_link,-0.19345625225469015,-0.046098248567792856,0.18156736631161868,0.0018926245527952597,-0.009071878281867386,-0.000962499509092074,0.9999565953537364
forward,43,102538.051764138,273.199,rh_upper_leg_link,-0.19363680227655009,-0.14159738745708933,0.1812042229618633,0.0021230818144003572,0.4321055956992182,-3.092914820089126e-05,0.9018205174714207
forward,43,102538.051764138,273.199,rh_lower_leg_link,-0.3596411750593283,-0.1407760580093264,0.04774683787233516,0.0009707575887190551,-0.5928278199719595,-0.0018884021570603825,0.8053264353256331
forward,43,102538.051764138,273.199,rh_foot_link,-0.15625951032586896,-0.14091992697875455,-0.015537265597385969,0.0009707575887190551,-0.5928278199719595,-0.0018884021570603825,0.8053264353256331
forward,43,102538.051764138,273.199,lh_hip_link,-0.1933291012826625,0.046852252588180744,0.1845985653291135,0.04063865166784622,-0.009102361051969638,-0.0006102492487547984,0.9991322608192338
forward,43,102538.051764138,273.199,lh_upper_leg_link,-0.19328329718466025,0.14203674495719726,0.19235487337078158,0.03523758809583231,0.5030074341798245,0.020253019496228344,0.8633259226655384
forward,43,102538.051764138,273.199,lh_lower_leg_link,-0.3785818057407814,0.15065647321184555,0.08766885228060389,0.03449022962825221,-0.5235664544996643,-0.0215010807569429,0.8510148619789931
forward,43,102538.051764138,273.199,lh_foot_link,-0.18845612655875021,0.1583647103546595,-0.008048487818886535,0.03449022962825221,-0.5235664544996643,-0.0215010807569429,0.8510148619789931
forward,43,102538.051764138,273.199,d435_link,0.33894654008107694,0.015605715924251624,0.23695411691205587,0.015627064863750793,-0.01149783590204138,-0.00068176889765294,0.9998115471450028
forward,43,102538.051764138,273.199,velodyne_base_link,0.1980801307049979,-0.0028470052701614376,0.2716622109250115,0.015627064863750793,-0.01149783590204138,-0.00068176889765294,0.9998115471450028
forward,43,102538.051764138,273.199,gps_frame,-0.0016366768163216196,-0.0021901525120076874,0.2570757330106438,0.015627064863750793,-0.01149783590204138,-0.00068176889765294,0.9998115471450028
forward,44,102538.153984893,273.29900000000004,trunk,-2.5080120893539134e-05,-1.376167063023478e-06,0.2135986300680557,-0.0014136659922489136,-0.005915376401335131,4.312986693661805e-05,0.9999815038340997
forward,44,102538.153984893,273.29900000000004,imu_link,-2.5080120893539134e-05,-1.376167063023478e-06,0.2135986300680557,-0.0014136659922489136,-0.005915376401335131,4.312986693661805e-05,0.9999815038340997
forward,44,102538.153984893,273.29900000000004,rf_hip_link,0.19313998295568063,-0.04648344888773003,0.2178417697010212,-0.018360997486545655,-0.020567250196466443,-0.00039586791695649527,0.9996197803561349
forward,44,102538.153984893,273.29900000000004,rf_upper_leg_link,0.19299227260347276,-0.14191902784616928,0.22134583170380553,-0.015074547706578,0.5360218501053807,-0.010490040588611443,0.8440043206462252
forward,44,102538.153984893,273.29900000000004,rf_lower_leg_link,0.00020048143492161258,-0.1449436672222658,0.13084071132563962,-0.016061575616983133,-0.521227869782588,0.008905544835019605,0.8532199158609678
forward,44,102538.153984893,273.29900000000004,rf_foot_link,0.1897129868910831,-0.14880418062428385,0.03368564603308166,-0.016061575616983133,-0.521227869782588,0.008905544835019605,0.8532199158609678
forward,44,102538.153984893,273.29900000000004,lf_hip_link,0.19327965986661663,0.04645748388770088,0.21453065128070242,-0.01119606399332111,-0.02056955919396081,-0.00024844842093843435,0.999725702209864
forward,44,102538.153984893,273.29900000000004,lf_upper_leg_link,0.19337108743588555,0.14193352989476882,0.2123937657302296,-0.009679506557128277,0.4654845287968068,-0.005632115798784582,0.88498516364697
forward,44,102538.153984893,273.29900000000004,lf_lower_leg_link,0.017858483370365073,0.13940114864439684,0.09173758951308532,-0.009820337901201298,-0.5176705963149763,0.005382800299717384,0.8555067154238688
forward,44,102538.153984893,273.29900000000004,lf_foot_link,0.20654390819097185,0.13700922357480133,-0.007060634938210464,-0.009820337901201298,-0.5176705963149763,0.005382800299717384,0.8555067154238688
forward,44,102538.153984893,273.29900000000004,rh_hip_link,-0.19333265389886797,-0.04646946052021689,0.20193137162248043,-0.012495948624954335,-0.02056921876072396,-0.0002751937957259986,0.9997102994247438
forward,44,102538.153984893,273.29900000000004,rh_upper_leg_link,-0.19343429377967555,-0.1419396216476573,0.20431632521431253,-0.010809845963835359,0.4647000397278493,-0.006274686757190083,0.8853799459064299
forward,44,102538.153984893,273.29900000000004,rh_lower_leg_link,-0.3687349655886769,-0.14477464042228946,0.08335915456345672,-0.010856645037400867,-0.532002238662867,0.0061933611387180836,0.8466506916042974
forward,44,102538.153984893,273.29900000000004,rh_foot_link,-0.17682737475672497,-0.14728672154280645,-0.009021395497257112,-0.010856645037400867,-0.532002238662867,0.0061933611387180836,0.8466506916042974
forward,44,102538.153984893,273.29900000000004,lh_hip_link,-0.19319297698793197,0.04647147225521402,0.19862025320216165,-0.019461587777602606,-0.020566801871674492,-0.0004185126318418791,0.9995989586374743
forward,44,102538.153984893,273.29900000000004,lh_upper_leg_link,-0.19318463476657408,0.1419577682858902,0.1996866482021702,-0.012076582059624098,0.5369428585922099,-0.008302346734074526,0.8434913122322544
forward,44,102538.153984893,273.29900000000004,lh_lower_leg_link,-0.3861655743196368,0.13951738201898747,0.1095678295010497,-0.012753836904085495,-0.5230149198700269,0.007218894635580948,0.8521975245198813
forward,44,102538.153984893,273.29900000000004,lh_foot_link,-0.19625303257390217,0.13649567939902332,0.013167125141843483,-0.012753836904085495,-0.5230149198700269,0.007218894635580948,0.8521975245198813
forward,44,102538.153984893,273.29900000000004,d435_link,0.3394589352178204,0.01765087892965068,0.2590684136556695,-0.0014136659922489136,-0.005915376401335131,4.312986693661805e-05,0.9999815038340997
forward,44,102538.153984893,273.29900000000004,velodyne_base_link,0.19901446999012007,0.0002453619616689016,0.29595879405466485,-0.0014136659922489136,-0.005915376401335131,4.312986693661805e-05,0.9999815038340997
forward,44,102538.153984893,273.29900000000004,gps_frame,-0.0008532260354024576,0.00019649769310013389,0.28359345144992476,-0.0014136659922489136,-0.005915376401335131,4.312986693661805e-05,0.9999815038340997
forward,45,102538.256559656,273.399,trunk,-7.708982245244265e-05,1.7792846237894742e-05,0.20041072675322869,-0.04284492779061218,-0.03438253387528456,0.0004982606060127821,0.998489812298203
forward,45,102538.256559656,273.399,imu_link,-7.708982245244265e-05,1.7792846237894742e-05,0.20041072675322869,-0.04284492779061218,-0.03438253387528456,0.0004982606060127821,0.998489812298203
forward,45,102538.256559656,273.399,rf_hip_link,0.19279538309010505,-0.04556877231833893,0.21756938397475706,-0.04042328459805393,-0.03428489040035258,0.000551070603404751,0.9985941120764384
forward,45,102538.256559656,273.399,rf_upper_leg_link,0.19263578119387095,-0.14075661230558648,0.2252829853254157,-0.03615441081763474,0.428496186380925,-0.01808878644174057,0.9026387276427366
forward,45,102538.256559656,273.399,rf_lower_leg_link,0.027590072148368696,-0.1513569387342961,0.09105725379352117,-0.032859325217724396,-0.5987346311783769,0.02355016693658504,0.799926556510776
forward,45,102538.256559656,273.399,rf_foot_link,0.23194975883278734,-0.15654764068183136,0.031231046563427456,-0.032859325217724396,-0.5987346311783769,0.02355016693658504,0.799926556510776
forward,45,102538.256559656,273.399,lf_hip_link,0.1929789109175048,0.04709323725157699,0.20964989535481562,-0.03692929391201489,-0.034282752555496995,0.0006710184741796996,0.9987294277543772
forward,45,102538.256559656,273.399,lf_upper_leg_link,0.1930927224596692,0.14233267065578215,0.20260096835995742,-0.03232669934340629,0.46920693886172365,-0.017866379717046372,0.8823154909154537
forward,45,102538.256559656,273.399,lf_lower_leg_link,0.016487558880501522,0.13375332107477403,0.08383223948765581,-0.03026194241222821,-0.5860870710673067,0.02117635133991817,0.8094057833454819
forward,45,102538.256559656,273.399,lf_foot_link,0.21884740049891513,0.12860596074411929,0.017552535340783132,-0.03026194241222821,-0.5860870710673067,0.02117635133991817,0.8094057833454819
forward,45,102538.256559656,273.399,rh_hip_link,-0.19309505099409402,-0.04706661953312301,0.1911011136113656,-0.08626168947219996,-0.03427400279028935,-0.0010247542658433954,0.9956822603324956
forward,45,102538.256559656,273.399,rh_upper_leg_link,-0.19385463183270285,-0.14114517285746947,0.2074992489122993,-0.07444050899036112,0.46317158313064066,-0.043597474848431066,0.8820600633677689
forward,45,102538.256559656,273.399,rh_lower_leg_link,-0.3692774164354168,-0.1605144934143269,0.08824877275645514,-0.07314838275329048,-0.5666667430916846,0.04573230031915881,0.8194184969122672
forward,45,102538.256559656,273.399,rh_foot_link,-0.17004469074076015,-0.1750087873513075,0.01432153518094334,-0.07314838275329048,-0.5666667430916846,0.04573230031915881,0.8194184969122672
forward,45,102538.256559656,273.399,lh_hip_link,-0.19291152316669427,0.045595390036792915,0.18318162499142415,-0.03227548746161387,-0.034279253932381896,0.0008307456971937953,0.9988906524342598
forward,45,102538.256559656,273.399,lh_upper_leg_link,-0.19285870106256314,0.14089629216599694,0.17701840641788746,-0.029015629883363626,0.4306184254885005,-0.014159465094764597,0.9019564149117775
forward,45,102538.256559656,273.399,lh_lower_leg_link,-0.358491717204627,0.13234497820907185,0.04337118799081763,-0.025073368778149363,-0.6362974964594418,0.020340191921737746,0.7707678630885881
forward,45,102538.256559656,273.399,lh_foot_link,-0.1493480145695721,0.12962567806298506,0.0031155417431764088,-0.025073368778149363,-0.6362974964594418,0.020340191921737746,0.7707678630885881
forward,45,102538.256559656,273.399,d435_link,0.33630180731047044,0.02234289697335205,0.26349263611995616,-0.04284492779061218,-0.03438253387528456,0.0004982606060127821,0.998489812298203
forward,45,102538.256559656,273.399,velodyne_base_link,0.19395363418019612,0.007648137765551303,0.2936515760598514,-0.04284492779061218,-0.03438253387528456,0.0004982606060127821,0.998489812298203
forward,45,102538.256559656,273.399,gps_frame,-0.004886363905374145,0.00600462578859578,0.2699882282469992,-0.04284492779061218,-0.03438253387528456,0.0004982606060127821,0.998489812298203
forward,46,102538.351503442,273.494,trunk,-2.669248380266012e-05,1.0103235191496115e-05,0.19800203073151215,-0.005271096584157579,-0.004687979955789635,0.0008880755126572597,0.9999747245338846
forward,46,102538.351503442,273.494,imu_link,-2.669248380266012e-05,1.0103235191496115e-05,0.19800203073151215,-0.005271096584157579,-0.004687979955789635,0.0008880755126572597,0.9999747245338846
forward,46,102538.351503442,273.494,rf_hip_link,0.19344352602484188,-0.04605928000593165,0.19620836113993032,-0.023697608770151146,-0.006809956010843934,0.0009292851696885982,0.9996955457872064
forward,46,102538.351503442,273.494,rf_upper_leg_link,0.19359014193602073,-0.14145185392155282,0.20073443510390124,-0.02150069550939112,0.45100174305090085,-0.010008013037671163,0.8922079284184262
forward,46,102538.351503442,273.494,rf_lower_leg_link,0.022081472624253015,-0.14770104374332577,0.07458086211653739,-0.019512488892643003,-0.5412967930950083,0.01347972587125684,0.8404970800381819
forward,46,102538.351503442,273.494,rf_foot_link,0.21600578775976784,-0.15157920186074733,-0.013437998866991402,-0.019512488892643003,-0.5412967930950083,0.01347972587125684,0.8404970800381819
forward,46,102538.351503442,273.494,lf_hip_link,0.19326678970154515,0.04692074554717081,0.19428908721043672,-0.015375155014125097,-0.0068019845448631724,0.0009859401846335058,0.9998581727107577
forward,46,102538.351503442,273.494,lf_upper_leg_link,0.19309847691368107,0.14237540836044738,0.19135156818767077,-0.013078278416735171,0.5762299101384409,-0.008144083951581683,0.8171424130419912
forward,46,102538.351503442,273.494,lf_lower_leg_link,-0.007534065675970673,0.13982198514059693,0.11987385918778837,-0.013410610545908029,-0.4416268085661236,0.007584391507697356,0.897066549641633
forward,46,102538.351503442,273.494,lf_foot_link,0.16127710287465782,0.1361239901074008,-0.009964941658898857,-0.013410610545908029,-0.4416268085661236,0.007584391507697356,0.897066549641633
forward,46,102538.351503442,273.494,rh_hip_link,-0.19331992982921636,-0.046902799457843994,0.1909588191827651,-0.0077463584141315356,-0.006794264413494541,0.001037806762241537,0.9999463759919947
forward,46,102538.351503442,273.494,rh_upper_leg_link,-0.1931317718512333,-0.14239113258353675,0.19243964106673275,-0.006948940218502882,0.5660885347408803,-0.0035770576449945324,0.8243073988042127
forward,46,102538.351503442,273.494,rh_lower_leg_link,-0.3919271530136306,-0.14396866660893595,0.11597456528114382,-0.006384223490599122,-0.4692561183482533,0.004508303669676999,0.8830275263439833
forward,46,102538.351503442,273.494,rh_foot_link,-0.2153949463065686,-0.14546899430330143,-0.0032023159162788972,-0.006384223490599122,-0.4692561183482533,0.004508303669676999,0.8830275263439833
forward,46,102538.351503442,273.494,lh_hip_link,-0.1934966661525131,0.04607722609525847,0.18903954525327152,-0.001497065512329768,-0.006787645984707326,0.0010802470932703852,0.999975259555483
forward,46,102538.351503442,273.494,lh_upper_leg_link,-0.19370104738651492,0.1415765751407227,0.18875221233873177,-0.0018229358299256325,0.4436270324923875,0.00029162285695680934,0.8962096004300932
forward,46,102538.351503442,273.494,lh_lower_leg_link,-0.36307109607653537,0.14082549267723427,0.05959253410332757,-0.0006507056173402062,-0.5582790084829626,0.0017276345476657422,0.8296512162037427
forward,46,102538.351503442,273.494,lh_foot_link,-0.16575727551005884,0.14100639076370655,-0.02063354326147071,-0.0006507056173402062,-0.5582790084829626,0.0017276345476657422,0.8296512162037427
forward,46,102538.351503442,273.494,d435_link,0.33953812873394135,0.018566927007232677,0.24249783371173703,-0.005271096584157579,-0.004687979955789635,0.0008880755126572597,0.9999747245338846
forward,46,102538.351503442,273.494,velodyne_base_link,0.19921339436705054,0.0012178967916231193,0.2798673410063136,-0.005271096584157579,-0.004687979955789635,0.0008880755126572597,0.9999747245338846
forward,46,102538.351503442,273.494,gps_frame,-0.0006836484473423897,0.0007474552456259636,0.267995064105375,-0.005271096584157579,-0.004687979955789635,0.0008880755126572597,0.9999747245338846
forward,47,102538.458629034,273.599,trunk,-2.7780738194627796e-05,2.5052361599167545e-07,0.19892086496928418,0.037396560607607814,-0.029110284023275097,-0.00013295887712005855,0.9988764042366517
forward,47,102538.458629034,273.599,imu_link,-2.7780738194627796e-05,2.5052361599167545e-07,0.19892086496928418,0.037396560607607814,-0.029110284023275097,-0.00013295887712005855,0.9988764042366517
forward,47,102538.458629034,273.599,rf_hip_link,0.1931576842136181,-0.04669236018022975,0.21091925322925204,0.032361727938705016,-0.030318908140813356,0.000105824676130395,0.9990162517072022
forward,47,102538.458629034,273.599,rf_upper_leg_link,0.1933652807437541,-0.14199232728712802,0.2047448566510594,0.027882551639603115,0.47812286209481925,0.01642729278078725,0.8776965512682715
forward,47,102538.458629034,273.599,rf_lower_leg_link,0.014400626579252757,-0.1349129931830809,0.08946027143506564,0.02744964476564005,-0.5575733896644716,-0.01714087618183532,0.8294966078918169
forward,47,102538.458629034,273.599,rf_foot_link,0.21162829451991577,-0.12928464250807065,0.009219579343292789,0.02744964476564005,-0.5575733896644716,-0.01714087618183532,0.8294966078918169
forward,47,102538.458629034,273.599,lf_hip_link,0.19287414758278232,0.04601625626581169,0.2182699024277755,0.035578644707379994,-0.030318410154296063,0.0002034586666481455,0.998906858846746
forward,47,102538.458629034,273.599,lf_upper_leg_link,0.19262930006047174,0.1412744729270749,0.2250568169112989,0.030542927542539438,0.48131207338221177,0.018248587117204403,0.8758269273445943
forward,47,102538.458629034,273.599,lf_lower_leg_link,0.012813234791607354,0.14892843753916057,0.11114193861640499,0.0296856006234343,-0.5805866071384879,-0.019612406029576503,0.8134207461435786
forward,47,102538.458629034,273.599,lf_foot_link,0.21424452201253158,0.15436427555437235,0.04211376905068373,0.0296856006234343,-0.5805866071384879,-0.019612406029576503,0.8134207461435786
forward,47,102538.458629034,273.599,rh_hip_link,-0.19293118600569992,-0.04601511075643087,0.18748497009558945,0.042668116890399496,-0.030316202196514097,0.00041865748916104556,0.9986291525943523
forward,47,102538.458629034,273.599,rh_upper_leg_link,-0.19260426680866913,-0.14116734875307535,0.17934895583376834,0.03627767911921708,0.4914717257093564,0.02246493869987509,0.869847572483364
forward,47,102538.458629034,273.599,rh_lower_leg_link,-0.3750687842128434,-0.13242788679042938,0.0698075404098964,0.03551402956613283,-0.5867719790769297,-0.023653692672432117,0.8086271706398921
forward,47,102538.458629034,273.599,rh_foot_link,-0.17258254805276824,-0.1261067773019589,0.004017208745121736,0.03551402956613283,-0.5867719790769297,-0.023653692672432117,0.8086271706398921
forward,47,102538.458629034,273.599,lh_hip_link,-0.1932147226365357,0.04669350568961057,0.19483561929411292,0.05504664221089054,-0.030308680996339567,0.0007945098962765384,0.9980233563357087
forward,47,102538.458629034,273.599,lh_upper_leg_link,-0.1936848367719702,0.1416146297532588,0.20532414632097282,0.04720841258088085,0.4748195980824795,0.02832189693968978,0.8783595990322662
forward,47,102538.458629034,273.599,lh_lower_leg_link,-0.3719229741771315,0.15355037043893596,0.08931679970610035,0.047286336719692235,-0.5491994657736246,-0.028191602017284562,0.8338759996122304
forward,47,102538.458629034,273.599,lh_foot_link,-0.1762623111310273,0.16375227319396782,0.00575947736666782,0.047286336719692235,-0.5491994657736246,-0.028191602017284562,0.8338759996122304
forward,47,102538.458629034,273.599,d435_link,0.3369486643557474,0.013520621462258246,0.2613113692269915,0.037396560607607814,-0.029110284023275097,-0.00013295887712005855,0.9988764042366517
forward,47,102538.458629034,273.599,velodyne_base_link,0.1949800410504246,-0.0064644305139110805,0.29019056059900117,0.037396560607607814,-0.029110284023275097,-0.00013295887712005855,0.9988764042366517
forward,47,102538.458629034,273.599,gps_frame,-0.004099337463260279,-0.005228843489165659,0.268606437375917,0.037396560607607814,-0.029110284023275097,-0.00013295887712005855,0.9988764042366517
forward,48,102538.554065379,273.694,trunk,-2.7321179329887824e-05,-5.597267843460964e-07,0.19173932399053056,0.017024452290227098,-0.008604219239288408,-0.0006947471738771549,0.9998178097842949
forward,48,102538.554065379,273.694,imu_link,-2.7321179329887824e-05,-5.597267843460964e-07,0.19173932399053056,0.017024452290227098,-0.008604219239288408,-0.0006947471738771549,0.9998178097842949
forward,48,102538.554065379,273.694,rf_hip_link,0.19327538689462126,-0.046864941444290785,0.19083844984180257,0.014807963494515256,-0.011370874301892882,-0.0009430315309353645,0.9998252537950256
forward,48,102538.554065379,273.694,rf_upper_leg_link,0.19312745983021679,-0.14232288991184805,0.18800857494195297,0.013255449011299488,0.4953347117147921,0.0066676954663567305,0.8685754764435274
forward,48,102538.554065379,273.694,rf_lower_leg_link,0.00980945009100554,-0.1388251671001654,0.07960528513768961,0.012148188864688018,-0.5306074623922071,-0.008519776912050261,0.8474877909223113
forward,48,102538.554065379,273.694,rf_foot_link,0.2014186464907022,-0.13636510888732212,-0.013393983508100837,0.012148188864688018,-0.5306074623922071,-0.008519776912050261,0.8474877909223113
forward,48,102538.554065379,273.694,lf_hip_link,0.19337211739198773,0.04600945628306108,0.1956692768923744,0.03480753357814456,-0.011387464844671335,-0.0007153567425841837,0.9993288995697805
forward,48,102538.554065379,273.694,lf_upper_leg_link,0.19343295224835813,0.1412779497424101,0.2023146100748587,0.031436905690779685,0.43767939341514517,0.014959849252310189,0.8984568283733436
forward,48,102538.554065379,273.694,lf_lower_leg_link,0.025714055232886696,0.15052090788189718,0.07134156205067406,0.028403436596449633,-0.5704366099371923,-0.02013258350471414,0.8206034352318425
forward,48,102538.554065379,273.694,lf_foot_link,0.22536921171775762,0.15555775933474209,-0.002695243772130651,0.028403436596449633,-0.5704366099371923,-0.02013258350471414,0.8206034352318425
forward,48,102538.554065379,273.694,rh_hip_link,-0.19342390114549113,-0.046005281359743716,0.1820542814799594,0.019800958895939885,-0.01137544205221982,-0.000886233024872779,0.9997388338640965
forward,48,102538.554065379,273.694,rh_upper_leg_link,-0.19355010571536205,-0.14143024445374866,0.1782713605299079,0.018205303061559232,0.42575290256151616,0.007837749843536614,0.904622353569859
forward,48,102538.554065379,273.694,rh_lower_leg_link,-0.35768291357711607,-0.13583602124742664,0.04263166851413258,0.015466581917025816,-0.5988948115277827,-0.012395492163565197,0.8005823763629378
forward,48,102538.554065379,273.694,rh_foot_link,-0.15334930962761614,-0.1337236248615072,-0.01747087784222126,0.015466581917025816,-0.5988948115277827,-0.012395492163565197,0.8005823763629378
forward,48,102538.554065379,273.694,lh_hip_link,-0.19332717064812466,0.04686911636760815,0.18688510853053122,0.05198835460272214,-0.011398083128694366,-0.0005194149104127357,0.998582507805361
forward,48,102538.554065379,273.694,lh_upper_leg_link,-0.19334128343636267,0.141852832135634,0.1968019396639171,0.04488835483852702,0.5026308607438021,0.02623155363370659,0.8629363586162059
forward,48,102538.554065379,273.694,lh_lower_leg_link,-0.3786154721663397,0.15273756030272728,0.0922840097036594,0.04462014154354106,-0.5137919558169477,-0.026685235145711153,0.8563379982995314
forward,48,102538.554065379,273.694,lh_foot_link,-0.1906769354610791,0.1631742465691858,-0.007411436535679772,0.04462014154354106,-0.5137919558169477,-0.026685235145711153,0.8563379982995314
forward,48,102538.554065379,273.694,d435_link,0.3392261915050309,0.015505053466366832,0.23964684000656516,0.017024452290227098,-0.008604219239288408,-0.0006947471738771549,0.9998178097842949
forward,48,102538.554065379,273.694,velodyne_base_link,0.19856455602375367,-0.0030594604689885346,0.2751174352380561,0.017024452290227098,-0.008604219239288408,-0.0006947471738771549,0.9998178097842949
forward,48,102538.554065379,273.694,gps_frame,-0.0012333482848081417,-0.0023827119250272493,0.2616883829515006,0.017024452290227098,-0.008604219239288408,-0.0006947471738771549,0.9998178097842949
forward,49,102538.655337028,273.78900000000004,trunk,-2.7032137323899493e-05,1.905483423155943e-06,0.20301307225302803,-0.026720499285679565,-0.022081157497193898,-0.0003237499235644043,0.9993989856846439
forward,49,102538.655337028,273.78900000000004,imu_link,-2.7032137323899493e-05,1.905483423155943e-06,0.20301307225302803,-0.026720499285679565,-0.022081157497193898,-0.0003237499235644043,0.9993989856846439
forward,49,102538.655337028,273.78900000000004,rf_hip_link,0.19323554259304282,-0.04664389364541424,0.21012682341835892,0.0019164326769344757,-0.016741353231635087,-0.0003352780685956609,0.9998579608956389
forward,49,102538.655337028,273.78900000000004,rf_upper_leg_link,0.19317764156004735,-0.14214317068642682,0.20975976468422697,0.0017790207634621673,0.5423247958344002,0.0007875345780814736,0.840166668404304
forward,49,102538.655337028,273.78900000000004,rf_lower_leg_link,-0.0009269656864816482,-0.1416883839841077,0.12205460739729143,0.0014939841099558284,-0.5130905581990295,-0.0012462491996799718,0.8583322747988799
forward,49,102538.655337028,273.78900000000004,rf_foot_link,0.18668515870754473,-0.14141451025313612,0.02120513653333575,0.0014939841099558284,-0.5130905581990295,-0.0012462491996799718,0.8583322747988799
forward,49,102538.655337028,273.78900000000004,lf_hip_link,0.19329518559940145,0.04635572323200098,0.21038702212276245,0.009802889458660662,-0.016743476995065735,-0.00020321792579481606,0.9998117412987565
forward,49,102538.655337028,273.78900000000004,lf_upper_leg_link,0.1933026432352976,0.14183736088560153,0.21225967141459331,0.008686540997414149,0.46732068595000653,0.004547740621927321,0.8840335053288146
forward,49,102538.655337028,273.78900000000004,lf_lower_leg_link,0.017293651081475677,0.14420333933419172,0.09232536928640041,0.008222533631961003,-0.5413676059185359,-0.0053411496829198594,0.840728836975852
forward,49,102538.655337028,273.78900000000004,lf_foot_link,0.21120343043731601,0.14591645391120928,0.004205776070048517,0.008222533631961003,-0.5413676059185359,-0.0053411496829198594,0.840728836975852
forward,49,102538.655337028,273.78900000000004,rh_hip_link,-0.19334755132386172,-0.046359739440334675,0.19717804918983112,-0.0005227202167765128,-0.016740485507846223,-0.0003761174966024398,0.9998596608745476
forward,49,102538.655337028,273.78900000000004,rh_upper_leg_link,-0.19342105104669952,-0.14185966023248253,0.19727667212944397,-0.00027854112153401006,0.46446684251662457,-0.000580616603183156,0.8855902763139627
forward,49,102538.655337028,273.78900000000004,rh_lower_leg_link,-0.3686465580074707,-0.1418498605916971,0.07617744994239722,-0.0006428915746890683,-0.5501198302889925,-3.729905456148554e-05,0.8350854792307275
forward,49,102538.655337028,273.78900000000004,rh_foot_link,-0.172943411243255,-0.14208730803659628,-0.007901215397240063,-0.0006428915746890683,-0.5501198302889925,-3.729905456148554e-05,0.8350854792307275
forward,49,102538.655337028,273.78900000000004,lh_hip_link,-0.1932879083175031,0.04663987743708055,0.19743824789423464,-0.0005131008347693322,-0.016740489125597176,-0.00037595644085793283,0.9998596658572261
forward,49,102538.655337028,273.78900000000004,lh_upper_leg_link,-0.19321447010861004,0.14213980015547956,0.19734146148354637,-0.00021516040206133328,0.5452181425619671,-0.0005985997940597333,0.8382939653877788
forward,49,102538.655337028,273.78900000000004,lh_lower_leg_link,-0.3879191365140909,0.14220199607079792,0.11097544379372519,-0.0006322964091521583,-0.5139298082638418,-6.940434450980724e-05,0.8578320042771653
forward,49,102538.655337028,273.78900000000004,lh_foot_link,-0.20011047884192532,0.14195573694833405,0.010492373280210826,-0.0006322964091521583,-0.5139298082638418,-6.940434450980724e-05,0.8578320042771653
forward,49,102538.655337028,273.78900000000004,d435_link,0.3378424024408225,0.01987516985689567,0.25849098264072873,-0.026720499285679565,-0.022081157497193898,-0.0003237499235644043,0.9993989856846439
forward,49,102538.655337028,273.78900000000004,velodyne_base_link,0.19624841722717062,0.004382345351568731,0.2916514371032852,-0.026720499285679565,-0.022081157497193898,-0.0003237499235644043,0.9993989856846439
forward,49,102538.655337028,273.78900000000004,gps_frame,-0.003115325127741095,0.003741527895283784,0.27284485348923915,-0.026720499285679565,-0.022081157497193898,-0.0003237499235644043,0.9993989856846439
forward,50,102538.758913693,273.894,trunk,-2.4377751119087874e-05,2.4080269401814924e-06,0.18825214374253937,-0.000875626488949865,-0.014041333481361367,0.0007147034645513789,0.999900776793015
forward,50,102538.758913693,273.894,imu_link,-2.4377751119087874e-05,2.4080269401814924e-06,0.18825214374253937,-0.000875626488949865,-0.014041333481361367,0.0007147034645513789,0.999900776793015
forward,50,102538.758913693,273.894,rf_hip_link,0.19325738095769698,-0.04605872556429692,0.20163416979147353,-0.02396490071213935,-0.01729411022707029,0.0005312113227027989,0.9995630620925534
forward,50,102538.758913693,273.894,rf_upper_leg_link,0.19327963772582887,-0.14144897722183897,0.20621122051732962,-0.021408104721533212,0.45408215412665426,-0.010783863122459042,0.8906372991583529
forward,50,102538.758913693,273.894,rf_lower_leg_link,0.020897304057591173,-0.14748543844706555,0.08124365602570374,-0.019354301904719134,-0.5858864739866594,0.014142476777179083,0.8100385428779715
forward,50,102538.758913693,273.894,rf_foot_link,0.22318951436528567,-0.15063436427260865,0.014633252071270919,-0.019354301904719134,-0.5858864739866594,0.014142476777179083,0.8100385428779715
forward,50,102538.758913693,273.894,lf_hip_link,0.19326159160494713,0.04679556529915977,0.196430262556037,-0.014468556125876173,-0.01728828371278611,0.0006954712658618446,0.9997456138686566
forward,50,102538.758913693,273.894,lf_upper_leg_link,0.19317656645666703,0.14225548914499972,0.19366517484122764,-0.012832168414641016,0.4908758364080681,-0.006719988871088837,0.8711091151136179
forward,50,102538.758913693,273.894,lf_lower_leg_link,0.0109794986161173,0.13889880565244456,0.08338389290164863,-0.011791291422544243,-0.5554853469293639,0.008413574938033347,0.8314001482740515
forward,50,102538.758913693,273.894,lf_foot_link,0.20776159627676513,0.13671356885503855,0.0018913731196802952,-0.011791291422544243,-0.5554853469293639,0.008413574938033347,0.8314001482740515
forward,50,102538.758913693,273.894,rh_hip_link,-0.1933110276217486,-0.04679011087050331,0.18827114004935955,-0.06900708003607746,-0.01730047413824847,-0.0002490554300163065,0.9974661169537935
forward,50,102538.758913693,273.894,rh_upper_leg_link,-0.19358650301698374,-0.14138056139787414,0.2014172718886356,-0.05959077073273008,0.4849193142771781,-0.03479912595442622,0.8718321051195801
forward,50,102538.758913693,273.894,rh_lower_leg_link,-0.37456916660954226,-0.15632395076597075,0.09010253524906817,-0.058390154585427616,-0.5492552924353455,0.03677810450801797,0.8328004470508228
forward,50,102538.758913693,273.894,rh_foot_link,-0.17879339785282292,-0.1684337583197863,0.007071210264306377,-0.058390154585427616,-0.5492552924353455,0.03677810450801797,0.8328004470508228
forward,50,102538.758913693,273.894,lh_hip_link,-0.19330681697449845,0.04606417999295338,0.183067232813923,-0.022843042300370563,-0.017293503138577533,0.0005506207510019651,0.9995893291669575
forward,50,102538.758913693,273.894,lh_upper_leg_link,-0.19333649042954845,0.14146445740988647,0.17870418476717154,-0.02036082988004254,0.4597810717993881,-0.010370360232119213,0.8877382825192671
forward,50,102538.758913693,273.894,lh_lower_leg_link,-0.36730484030338134,0.13579567847457036,0.05593660685036911,-0.018054270633544714,-0.6073897697582187,0.014005394554909106,0.7940752859951694
forward,50,102538.758913693,273.894,lh_foot_link,-0.16173169775722485,0.13331221914218577,0.00023637800486095428,-0.018054270633544714,-0.6073897697582187,0.014005394554909106,0.7940752859951694
forward,50,102538.758913693,273.894,d435_link,0.3386512579537458,0.018068510872420816,0.23925145459947347,-0.000875626488949865,-0.014041333481361367,0.0007147034645513789,0.999900776793015
forward,50,102538.758913693,273.894,velodyne_base_link,0.19765006373912883,0.00043165970679467176,0.2738362013964852,-0.000875626488949865,-0.014041333481361367,0.0007147034645513789,0.999900776793015
forward,50,102538.758913693,273.894,gps_frame,-0.0019900570007102504,0.00012357861729154592,0.2582244341350638,-0.000875626488949865,-0.014041333481361367,0.0007147034645513789,0.999900776793015
forward,51,102538.849229903,273.98400000000004,trunk,-2.3547016588922852e-05,7.546550054059618e-06,0.20271014436027754,-0.005620847686062786,-0.003491028023341636,0.000336879382737281,0.9999780524126076
forward,51,102538.849229903,273.98400000000004,imu_link,-2.3547016588922852e-05,7.546550054059618e-06,0.20271014436027754,-0.005620847686062786,-0.003491028023341636,0.000336879382737281,0.9999780524126076
forward,51,102538.849229903,273.98400000000004,rf_hip_link,0.19337540441849677,-0.04631177722889512,0.19880143239872214,-0.012414869048860196,-0.009427220676706052,0.0003434645171498817,0.9998784328951884
forward,51,102538.849229903,273.98400000000004,rf_upper_leg_link,0.19341864396361347,-0.14178231606309255,0.20117300256419163,-0.011244803397085328,0.44094629963385096,-0.005272697406051868,0.8974475549567447
forward,51,102538.849229903,273.98400000000004,rf_lower_leg_link,0.02481403420398016,-0.14509090679236517,0.07105559867375147,-0.010216157652471457,-0.5535138395908401,0.0070623695878038574,0.8327473701189521
forward,51,102538.849229903,273.98400000000004,rf_foot_link,0.22120401497155534,-0.14704980777350696,-0.011383094675048722,-0.010216157652471457,-0.5535138395908401,0.0070623695878038574,0.8327473701189521
forward,51,102538.849229903,273.98400000000004,lf_hip_link,0.19330850569434418,0.04668287328477855,0.1978061935327196,-0.010074302227896816,-0.009426390861082589,0.0003655309781041834,0.9999047544526725
forward,51,102538.849229903,273.98400000000004,lf_upper_leg_link,0.19325683411052563,0.14216346287572804,0.19588152696105193,-0.008483526688197539,0.5625533760681563,-0.005445636161698702,0.8266995064084921
forward,51,102538.849229903,273.98400000000004,lf_lower_leg_link,-0.00487951320856534,0.14048081982420313,0.11772683047127136,-0.008850241577121465,-0.45505250014355275,0.004826841855867163,0.8904075454166069
forward,51,102538.849229903,273.98400000000004,lf_foot_link,0.16774629351196038,0.13805949741327286,-0.0070267989423454524,-0.008850241577121465,-0.45505250014355275,0.004826841855867163,0.8904075454166069
forward,51,102538.849229903,273.98400000000004,rh_hip_link,-0.1933557525635334,-0.04666798945108559,0.1915127197419414,-0.0055039070435030715,-0.009424621653019676,0.0004086126029478801,0.9999403564961735
forward,51,102538.849229903,273.98400000000004,rh_upper_leg_link,-0.19328761980937426,-0.142162171599298,0.19256463883190544,-0.0047831724699040155,0.5538549465018584,-0.0027534011923370134,0.832594882447893
forward,51,102538.849229903,273.98400000000004,rh_lower_leg_link,-0.3897375045026322,-0.14320904958069505,0.11025214372637655,-0.004664511065677863,-0.4787537767813416,0.0029499650033482316,0.8779318659557805
forward,51,102538.849229903,273.98400000000004,rh_foot_link,-0.21067822093675048,-0.1443519292039099,-0.005097181347678392,-0.004664511065677863,-0.4787537767813416,0.0029499650033482316,0.8779318659557805
forward,51,102538.849229903,273.98400000000004,lh_hip_link,-0.193422651287686,0.04632666106258807,0.19051748087593887,0.0025173264782462103,-0.009421040734153514,0.0004841993879336793,0.999952335168952
forward,51,102538.849229903,273.98400000000004,lh_upper_leg_link,-0.19351965868717938,0.14182540592869383,0.19099739603811508,0.0020317473877504502,0.4406514798852933,0.0015631328151260947,0.8976746080252329
forward,51,102538.849229903,273.98400000000004,lh_lower_leg_link,-0.3620302721659851,0.14230893776190212,0.060717162149919984,0.002364453254807864,-0.5614071677549374,-0.0009903244171398126,0.8275357518631653
forward,51,102538.849229903,273.98400000000004,lh_foot_link,-0.1641162765175113,0.14290563356598343,-0.018014624826962977,0.002364453254807864,-0.5614071677549374,-0.0009903244171398126,0.8275357518631653
forward,51,102538.849229903,273.98400000000004,d435_link,0.3396670786018387,0.018215275574178638,0.24638230334910352,-0.005620847686062786,-0.003491028023341636,0.000336879382737281,0.9999780524126076
forward,51,102538.849229903,273.98400000000004,velodyne_base_link,0.19941267748543615,0.0010492720830521036,0.2840987625098184,-0.005620847686062786,-0.003491028023341636,0.000336879382737281,0.9999780524126076
forward,51,102538.849229903,273.98400000000004,gps_frame,-0.0005125453097846353,0.0007942833073852493,0.2727040149915258,-0.005620847686062786,-0.003491028023341636,0.000336879382737281,0.9999780524126076
forward,52,102538.951841645,274.084,trunk,-2.292144911404499e-05,9.336721078922206e-07,0.19709891297017113,0.031866739284415996,-0.022222085986930633,-0.00014841941056672927,0.9992450489211578
forward,52,102538.951841645,274.084,imu_link,-2.292144911404499e-05,9.336721078922206e-07,0.19709891297017113,0.031866739284415996,-0.022222085986930633,-0.00014841941056672927,0.9992450489211578
forward,52,102538.951841645,274.084,rf_hip_link,0.19327174428886096,-0.04660429214804837,0.20746876084318253,0.024807386987183894,-0.022264757116681293,1.5156413964076419e-05,0.9994442825448983
forward,52,102538.951841645,274.084,rf_upper_leg_link,0.1933801326703756,-0.14198674947238824,0.2027332474888318,0.02146362564362047,0.4813305336309368,0.012438627459623612,0.8761880567068402
forward,52,102538.951841645,274.084,rf_lower_leg_link,0.01360683637833155,-0.13652582085997775,0.08862478943692811,0.02096973396913108,-0.5533213647671046,-0.013254317640401378,0.8325983789399425
forward,52,102538.951841645,274.084,rf_foot_link,0.2099810834016198,-0.13221237090253998,0.006238205240827244,0.02096973396913108,-0.5533213647671046,-0.013254317640401378,0.8325983789399425
forward,52,102538.951841645,274.084,lf_hip_link,0.1930969109961312,0.04619100894331153,0.21363329883751872,0.02912611898760047,-0.022264483731090894,0.0001113704165547563,0.999327748815942
forward,52,102538.951841645,274.084,lf_upper_leg_link,0.19295179424807932,0.1415289753900775,0.21919217416664485,0.024809961750070865,0.5012383083484215,0.015258080108898533,0.8648189492797687
forward,52,102538.951841645,274.084,lf_lower_leg_link,0.008127886000404743,0.1474112646665913,0.11348256432476447,0.024507965731363775,-0.5618916913822877,-0.01573857764729212,0.8266978794849437
forward,52,102538.951841645,274.084,lf_foot_link,0.20617545226291625,0.15227503757060606,0.035236125360206705,0.024507965731363775,-0.5618916913822877,-0.01573857764729212,0.8266978794849437
forward,52,102538.951841645,274.084,rh_hip_link,-0.1931447669982681,-0.046188727801101045,0.1902540255574565,0.03721877032666093,-0.022262851509117162,0.0002916879577464687,0.9990590790820078
forward,52,102538.951841645,274.084,rh_upper_leg_link,-0.19293084519148834,-0.14142413130932083,0.18315316954658367,0.031424699071743945,0.5098534271321454,0.01994518073981194,0.8594557352738491
forward,52,102538.951841645,274.084,rh_lower_leg_link,-0.3798695383600714,-0.13425070917634097,0.08131276984526482,0.031374662533860016,-0.562735476347285,-0.020023798275547802,0.8257986811043603
forward,52,102538.951841645,274.084,rh_foot_link,-0.18163706091698037,-0.12801362047919576,0.003634049391344374,0.031374662533860016,-0.562735476347285,-0.020023798275547802,0.8257986811043603
forward,52,102538.951841645,274.084,lh_hip_link,-0.19331960029099787,0.04660657329025886,0.19641856355179269,0.04762868680041184,-0.022258602564437187,0.0005236898510805865,0.9986169378467835
forward,52,102538.951841645,274.084,lh_upper_leg_link,-0.19362197498203204,0.14167323897329706,0.20550083449334014,0.041197121592113486,0.4723291137861132,0.023907388605125146,0.8801343319133922
forward,52,102538.951841645,274.084,lh_lower_leg_link,-0.37113531642193043,0.15230911512069648,0.08826222417481404,0.0405958771156648,-0.5505148026295198,-0.024914670750417207,0.8334654678079885
forward,52,102538.951841645,274.084,lh_foot_link,-0.17524070298258598,0.16087996531808552,0.005070632337995956,0.0405958771156648,-0.5505148026295198,-0.024914670750417207,0.8334654678079885
forward,52,102538.951841645,274.084,d435_link,0.33777823764726617,0.014240334080932839,0.254684643747328,0.031866739284415996,-0.022222085986930633,-0.00014841941056672927,0.9992450489211578
forward,52,102538.951841645,274.084,velodyne_base_link,0.19622593505062488,-0.005435948763171354,0.2857376552442459,0.031866739284415996,-0.022222085986930633,-0.00014841941056672927,0.9992450489211578
forward,52,102538.951841645,274.084,gps_frame,-0.0031323269149663192,-0.00445657998517555,0.26688760954521873,0.031866739284415996,-0.022222085986930633,-0.00014841941056672927,0.9992450489211578
forward,53,102539.057363014,274.184,trunk,-2.2794663352187937e-05,-2.461375186340932e-06,0.19026700055338558,0.009940667753672324,-0.01076642558524064,-0.0003510162312755893,0.999892566225159
forward,53,102539.057363014,274.184,imu_link,-2.2794663352187937e-05,-2.461375186340932e-06,0.19026700055338558,0.009940667753672324,-0.01076642558524064,-0.0003510162312755893,0.999892566225159
forward,53,102539.057363014,274.184,rf_hip_link,0.19332493179663351,-0.04671597232128638,0.18910383885123863,-0.006883393331371102,-0.00337475317814515,-0.0005940972626874624,0.9999704380558831
forward,53,102539.057363014,274.184,rf_upper_leg_link,0.1932070256910076,-0.14220685511672182,0.19041814516967068,-0.005669299058741088,0.49593068137420526,-0.00394881038978251,0.8683346274429027
forward,53,102539.057363014,274.184,rf_lower_leg_link,0.009747497085441365,-0.14346973742417574,0.0822053617653936,-0.006157859867658015,-0.5312580258019194,0.0031328608590525885,0.8471819025249154
forward,53,102539.057363014,274.184,rf_foot_link,0.20148646618036867,-0.14498308962844436,-0.010546336308120796,-0.006157859867658015,-0.5312580258019194,0.0031328608590525885,0.8471819025249154
forward,53,102539.057363014,274.184,lf_hip_link,0.19342178715144792,0.04627376438457044,0.1904820574172408,0.012075658421902712,-0.0033854097655077343,-0.0005300106513442785,0.9999212151780292
forward,53,102539.057363014,274.184,lf_upper_leg_link,0.19351520292938512,0.14174585881898638,0.1927886691744297,0.011072623073684021,0.43776011506347234,0.0048476237355150106,0.8990105556788544
forward,53,102539.057363014,274.184,lf_lower_leg_link,0.025839626200914248,0.14508242232435642,0.06147694725765129,0.00962523903066603,-0.5721264854268969,-0.00731144385299864,0.8200763270790431
forward,53,102539.057363014,274.184,lf_foot_link,0.2257434324671198,0.14666303568287148,-0.01204155314662983,0.00962523903066603,-0.5721264854268969,-0.00731144385299864,0.8200763270790431
forward,53,102539.057363014,274.184,rh_hip_link,-0.1934659846613489,-0.04627436280267713,0.1864900434064475,-0.00825826689198419,-0.0033739331516836834,-0.0005987367191874305,0.9999600287598349
forward,53,102539.057363014,274.184,rh_upper_leg_link,-0.19358566060617857,-0.141761268328253,0.18806692349636694,-0.007159048000760207,0.4355298427102476,-0.004159986711632245,0.9001362111653263
forward,53,102539.057363014,274.184,rh_lower_leg_link,-0.3606057612749429,-0.14373463664176123,0.05589509673250975,-0.007057542958453071,-0.5859299152223841,0.004329959019175009,0.8103194289845034
forward,53,102539.057363014,274.184,rh_foot_link,-0.15833203521185923,-0.14509008840854024,-0.010831977945348764,-0.007057542958453071,-0.5859299152223841,0.004329959019175009,0.8103194289845034
forward,53,102539.057363014,274.184,lh_hip_link,-0.1933691293065345,0.04671537390317969,0.18786826197244968,0.0342562759637254,-0.0033963349970981263,-0.0004547737442069282,0.9994072071215647
forward,53,102539.057363014,274.184,lh_upper_leg_link,-0.19330454105812345,0.14199119734412602,0.19440762707984333,0.029915113088031135,0.49567651392948664,0.016696864106521273,0.8678312591032027
forward,53,102539.057363014,274.184,lh_lower_leg_link,-0.37676700537183455,0.14952501878798805,0.08645501839254796,0.02906793628381903,-0.5205343585427911,-0.01813158410788113,0.853153141185323
forward,53,102539.057363014,274.184,lh_foot_link,-0.1873577902036894,0.15606892775090908,-0.010757771223182833,0.02906793628381903,-0.5205343585427911,-0.01813158410788113,0.853153141185323
forward,53,102539.057363014,274.184,d435_link,0.3390130301496337,0.016357959905593012,0.2394152061044918,0.009940667753672324,-0.01076642558524064,-0.0003510162312755893,0.999892566225159
forward,53,102539.057363014,274.184,velodyne_base_link,0.1982077883648202,-0.0017753942631645388,0.274537355134849,0.009940667753672324,-0.01076642558524064,-0.0003510162312755893,0.999892566225159
forward,53,102539.057363014,274.184,gps_frame,-0.0015304208174043502,-0.0013934762591972425,0.2602369379620476,0.009940667753672324,-0.01076642558524064,-0.0003510162312755893,0.999892566225159
forward,54,102539.149460259,274.279,trunk,-2.1799811845062482e-05,-2.7786082215749863e-06,0.20801904351170725,-0.02093505984100421,-0.019238860262071986,-0.0003131239774532057,0.9995956639955201
forward,54,102539.149460259,274.279,imu_link,-2.1799811845062482e-05,-2.7786082215749863e-06,0.20801904351170725,-0.02093505984100421,-0.019238860262071986,-0.0003131239774532057,0.9995956639955201
forward,54,102539.149460259,274.279,rf_hip_link,0.19331222546091398,-0.04658926997167896,0.21090236052347372,0.0048749517433965455,-0.012254733521488518,-0.00017146639597614386,0.9999130096918891
forward,54,102539.149460259,274.279,rf_upper_leg_link,0.19329088880402037,-0.14208472521163093,0.20997092439501064,0.004120020238817669,0.5545645764925755,0.002611510761441904,0.8321263942120722
forward,54,102539.149460259,274.279,rf_lower_leg_link,-0.003298986647325011,-0.14124119143936206,0.12799099196761993,0.004179112117634868,-0.4959996415054523,-0.002515865086532166,0.8683090239489841
forward,54,102539.149460259,274.279,rf_foot_link,0.18017558326904073,-0.14022693119907187,0.019801096551413766,0.004179112117634868,-0.4959996415054523,-0.002515865086532166,0.8683090239489841
forward,54,102539.149460259,274.279,lf_hip_link,0.19332918292716203,0.04640465451386984,0.211965243969759,0.010527784445604569,-0.012255507051942092,-0.00010218271596043733,0.9998694704111428
forward,54,102539.149460259,274.279,lf_upper_leg_link,0.1933240538211035,0.1418834831787215,0.21397602751857103,0.009336371240810475,0.4598840233194288,0.004865887246363362,0.8879165728878443
forward,54,102539.149460259,274.279,lf_lower_leg_link,0.019352437597863367,0.14446170970804892,0.09110931316257811,0.008927292353789822,-0.5322326559182116,-0.005581051681405604,0.8465326664031377
forward,54,102539.149460259,274.279,lf_foot_link,0.21130895479344405,0.14641569785703085,-0.0011830344966748951,0.008927292353789822,-0.5322326559182116,-0.005581051681405604,0.8465326664031377
forward,54,102539.149460259,274.279,rh_hip_link,-0.19337157371197225,-0.046410419287659016,0.20142357000696778,0.008852983554996162,-0.012255318703118252,-0.00012271060526073744,0.9998857018618516
forward,54,102539.149460259,274.279,rh_upper_leg_link,-0.1933742859969151,-0.1418954467258969,0.1997325561801582,0.007852711298099073,0.46331194361151073,0.004089657807981381,0.8861510325735713
forward,54,102539.149460259,274.279,rh_lower_leg_link,-0.3682883831273123,-0.1397382249350033,0.07820311522364395,0.00746969083820838,-0.5354913724320499,-0.004753324573313051,0.8444942863484168
forward,54,102539.149460259,274.279,rh_foot_link,-0.17562779135111883,-0.13813529474100097,-0.01261718532221473,0.00746969083820838,-0.5354913724320499,-0.004753324573313051,0.8444942863484168
forward,54,102539.149460259,274.279,lh_hip_link,-0.1933546162457242,0.046583505197889785,0.20248645345325306,0.006338223347089559,-0.012254971324040466,-0.00015353258477986267,0.9999048049841519
forward,54,102539.149460259,274.279,lh_upper_leg_link,-0.19334013018996332,0.14207582763822646,0.20369729824304617,0.0053094513331865874,0.5564940455979478,0.003465021499601928,0.830827407207163
forward,54,102539.149460259,274.279,lh_lower_leg_link,-0.3903092826095467,0.14313357449936873,0.12263538260636338,0.005473839100055928,-0.4941965004636082,-0.00319902062495372,0.8693271089078441
forward,54,102539.149460259,274.279,lh_foot_link,-0.20728437817419498,0.14448723717801945,0.013690203943960838,0.005473839100055928,-0.4941965004636082,-0.00319902062495372,0.8693271089078441
forward,54,102539.149460259,274.279,d435_link,0.3381558586521354,0.019280328805509214,0.26180131832683506,-0.02093505984100421,-0.019238860262071986,-0.0003131239774532057,0.9995956639955201
forward,54,102539.149460259,274.279,velodyne_base_link,0.19675418330719507,0.0033823481906202378,0.2955847524627059,-0.02093505984100421,-0.019238860262071986,-0.0003131239774532057,0.9995956639955201
forward,54,102539.149460259,274.279,gps_frame,-0.002713233455901876,0.0029277880785186323,0.27790586604524503,-0.02093505984100421,-0.019238860262071986,-0.0003131239774532057,0.9995956639955201
forward,55,102539.251946113,274.379,trunk,-1.7567471984567447e-05,6.475994041400157e-07,0.1924097682230693,-0.029359323790211795,-0.018232973153889463,0.0003095826270885467,0.9994025680150858
forward,55,102539.251946113,274.379,imu_link,-1.7567471984567447e-05,6.475994041400157e-07,0.1924097682230693,-0.029359323790211795,-0.018232973153889463,0.0003095826270885467,0.9994025680150858
forward,55,102539.251946113,274.379,rf_hip_link,0.19317800347907485,-0.046113525625329145,0.20676950615576892,-0.026125700017652898,-0.020314929880955353,0.00023938076269181414,0.9994521970156302
forward,55,102539.251946113,274.379,rf_upper_leg_link,0.19312232848133687,-0.14148314720995786,0.21175771015113198,-0.0230890240112551,0.4579493125850497,-0.012227284030790365,0.8885942930259673
forward,55,102539.251946113,274.379,rf_lower_leg_link,0.01964939379167584,-0.14783791643539385,0.08832449809599649,-0.0212928889182809,-0.5883439277818009,0.015140092010145973,0.8081885999800549
forward,55,102539.251946113,274.379,rf_foot_link,0.2223466824524771,-0.15137418030004993,0.02297693496285902,-0.0212928889182809,-0.5883439277818009,0.015140092010145973,0.8081885999800549
forward,55,102539.251946113,274.379,lf_hip_link,0.19326608839527884,0.04671224026993965,0.20108009256522252,-0.014632171966668857,-0.020310834531870443,0.0004729480274393699,0.9996865237984957
forward,55,102539.251946113,274.379,lf_upper_leg_link,0.19323254723942507,0.14217130435990658,0.1982843890654838,-0.012875951172570838,0.486333955314507,-0.0069666360390363705,0.8736503647179736
forward,55,102539.251946113,274.379,lf_lower_leg_link,0.012192967412114251,0.13882253208651854,0.08611284071113603,-0.011994994555055687,-0.5633760696110415,0.008393106809937144,0.8260708686628019
forward,55,102539.251946113,274.379,lf_foot_link,0.21049138129970543,0.13661574982722396,0.00838337936136413,-0.011994994555055687,-0.5633760696110415,0.008393106809937144,0.8260708686628019
forward,55,102539.251946113,274.379,rh_hip_link,-0.19330269027468241,-0.046709190967066196,0.19106732355540434,-0.0702053308346598,-0.020305703378319006,-0.0006573351728027712,0.9973256528552639
forward,55,102539.251946113,274.379,rh_upper_leg_link,-0.19370018913277076,-0.14126770983874373,0.2044381314387159,-0.060675066157443315,0.4760444194044579,-0.03532360278798458,0.876614219703707
forward,55,102539.251946113,274.379,rh_lower_leg_link,-0.3723861316105324,-0.15676261712324258,0.08954582617383369,-0.059374561126803754,-0.5571904434604874,0.0374684141395507,0.8274113784262167
forward,55,102539.251946113,274.379,rh_foot_link,-0.17504146823305278,-0.168797178967879,0.010304087439521797,-0.059374561126803754,-0.5571904434604874,0.0374684141395507,0.8274113784262167
forward,55,102539.251946113,274.379,lh_hip_link,-0.19321460535847843,0.0461165749282026,0.18537790996485795,-0.027016442316228014,-0.020315135158700454,0.0002212751712511114,0.9994285157855745
forward,55,102539.251946113,274.379,lh_upper_leg_link,-0.1931520158118935,0.14147715693864021,0.18021985983140118,-0.023710734494903067,0.46851781651010377,-0.012951377835570311,0.88304083625531
forward,55,102539.251946113,274.379,lh_lower_leg_link,-0.3695277100115048,0.13514270923336555,0.06097016688473417,-0.021618584378935803,-0.6092099609977022,0.016204133040009304,0.7925486018554639
forward,55,102539.251946113,274.379,lh_foot_link,-0.1636935355701726,0.13204907185811562,0.006273530426486096,-0.021618584378935803,-0.6092099609977022,0.016204133040009304,0.7925486018554639
forward,55,102539.251946113,274.379,d435_link,0.33825102706387106,0.020479774529780947,0.24516830602413514,-0.029359323790211795,-0.018232973153889463,0.0003095826270885467,0.9994025680150858
forward,55,102539.251946113,274.379,velodyne_base_link,0.19693243057478038,0.005032312010110784,0.27950385885290097,-0.029359323790211795,-0.018232973153889463,0.0003095826270885467,0.9994025680150858
forward,55,102539.251946113,274.379,gps_frame,-0.0025699311780635744,0.004107707056519505,0.26224255065458646,-0.029359323790211795,-0.018232973153889463,0.0003095826270885467,0.9994025680150858
forward,56,102539.354990502,274.47900000000004,trunk,-1.6251452128551873e-05,4.8472179165209466e-06,0.19566277732615525,-0.0016140026239495776,-0.0015673902246749857,0.00046784949468389416,0.9999973596966463
forward,56,102539.354990502,274.47900000000004,imu_link,-1.6251452128551873e-05,4.8472179165209466e-06,0.19566277732615525,-0.0016140026239495776,-0.0015673902246749857,0.00046784949468389416,0.9999973596966463
forward,56,102539.354990502,274.47900000000004,rf_hip_link,0.19340628000997256,-0.046288318918447466,0.19564671371464865,-0.014966719410922593,-0.006704073062978973,0.00042440293245583346,0.9998654272433826
forward,56,102539.354990502,274.47900000000004,rf_upper_leg_link,0.19346816550720997,-0.14174550000216257,0.1985055158652104,-0.013556493323652103,0.4439801124264628,-0.006356437409440922,0.8959115341159589
forward,56,102539.354990502,274.47900000000004,rf_lower_leg_link,0.023982755709602288,-0.14571722023653674,0.06955621844906763,-0.01233706352698948,-0.5486087137405105,0.008484083409855781,0.835945151550153
forward,56,102539.354990502,274.47900000000004,rf_foot_link,0.21939383895848272,-0.14812781210291684,-0.015165075157397179,-0.01233706352698948,-0.5486087137405105,0.008484083409855781,0.835945151550153
forward,56,102539.354990502,274.47900000000004,lf_hip_link,0.19332567816113852,0.04670299708709697,0.19437838769231053,-0.012891887677335174,-0.006703177959744837,0.0004383134983415807,0.9998943316764187
forward,56,102539.354990502,274.47900000000004,lf_upper_leg_link,0.19325847470319468,0.14217121604575483,0.19191573616255794,-0.010852562391823506,0.5632286945193234,-0.00697242971563235,0.8262003660029755
forward,56,102539.354990502,274.47900000000004,lf_lower_leg_link,-0.005008495189684785,0.14002446635034269,0.11410442519017253,-0.01132932592804649,-0.4539585007369614,0.006167597637974485,0.8909294510352895
forward,56,102539.354990502,274.47900000000004,lf_foot_link,0.16731484052863593,0.13691730893365395,-0.011051531678443416,-0.01132932592804649,-0.4539585007369614,0.006167597637974485,0.8909294510352895
forward,56,102539.354990502,274.47900000000004,rh_hip_link,-0.19335881151167714,-0.046694214305993804,0.19046605456891075,-0.003111760999226097,-0.006698570398063052,0.0005038532574378826,0.9999725957395037
forward,56,102539.354990502,274.47900000000004,rh_upper_leg_link,-0.19326655944765414,-0.1421923163533911,0.19106102927557514,-0.0028582912380576164,0.5556492676591546,-0.0013293215637227985,0.8314108216911925
forward,56,102539.354990502,274.47900000000004,rh_lower_leg_link,-0.39006859691997264,-0.14289000965934215,0.10959035190761056,-0.0025094278094071032,-0.47608786550219206,0.0019077989125454585,0.8793920669399659
forward,56,102539.354990502,274.47900000000004,rh_foot_link,-0.21171403542202155,-0.14344316682366798,-0.006849952154278471,-0.0025094278094071032,-0.47608786550219206,0.0019077989125454585,0.8793920669399659
forward,56,102539.354990502,274.47900000000004,lh_hip_link,-0.19343941336051118,0.04629710169955063,0.18919772854657263,0.0028307888743654428,-0.006695457888923232,0.0005436516720226485,0.9999734306074667
forward,56,102539.354990502,274.47900000000004,lh_upper_leg_link,-0.19354686817565983,0.14179551469529741,0.18973769961661596,0.002293217072812859,0.438948926061044,0.0017464473220466226,0.8985073908360823
forward,56,102539.354990502,274.47900000000004,lh_lower_leg_link,-0.3615624862154035,0.1423467038743284,0.05881998391239254,0.0026559288321810087,-0.5609916168381073,-0.001120252127922023,0.8278164633024487
forward,56,102539.354990502,274.47900000000004,lh_foot_link,-0.163727629755053,0.14301559610694364,-0.020109871988233746,0.0026559288321810087,-0.5609916168381073,-0.001120252127922023,0.8278164633024487
forward,56,102539.354990502,274.47900000000004,d435_link,0.33983548727671065,0.017958506443131794,0.23817115065906053,-0.0016140026239495776,-0.0015673902246749857,0.00046784949468389416,0.9999973596966463
forward,56,102539.354990502,274.47900000000004,velodyne_base_link,0.19973177571830877,0.00045112084002134584,0.2762886198418923,-0.0016140026239495776,-0.0015673902246749857,0.00046784949468389416,0.9999973596966463
forward,56,102539.354990502,274.47900000000004,gps_frame,-0.0002357912196527411,0.00023070432628410388,0.26566206868583314,-0.0016140026239495776,-0.0015673902246749857,0.00046784949468389416,0.9999973596966463
forward,57,102539.459210853,274.584,trunk,-1.976232571713827e-05,-3.363671581693144e-06,0.20344253652340658,0.03750736162544564,-0.026293406173025658,8.96980273388694e-05,0.9989503724259691
forward,57,102539.459210853,274.584,imu_link,-1.976232571713827e-05,-3.363671581693144e-06,0.20344253652340658,0.03750736162544564,-0.026293406173025658,8.96980273388694e-05,0.9989503724259691
forward,57,102539.459210853,274.584,rf_hip_link,0.19322646582394515,-0.04666438150048133,0.21118643180497004,0.027059215567956527,-0.026083852094211622,-3.7773791646275435e-05,0.9992934654474204
forward,57,102539.459210853,274.584,rf_upper_leg_link,0.19335406556538415,-0.14202453080884492,0.20602158503158144,0.02347073378797989,0.4758920370499543,0.013465779942738395,0.8790873486169803
forward,57,102539.459210853,274.584,rf_lower_leg_link,0.015002042498423495,-0.13596486497360613,0.08973385430349658,0.0229402919017287,-0.5509224104194448,-0.014350804210076768,0.8341176746260783
forward,57,102539.459210853,274.584,rf_foot_link,0.21090382172426717,-0.13118142885230455,0.00625564376312715,0.0229402919017287,-0.5509224104194448,-0.014350804210076768,0.8341176746260783
forward,57,102539.459210853,274.584,lf_hip_link,0.19300815267931334,0.0460843574391838,0.21801459147450955,0.032599463803786186,-0.026083660591085942,0.00010685083562405925,0.9991280729680122
forward,57,102539.459210853,274.584,lf_upper_leg_link,0.1928253521147223,0.1413813747758213,0.22423512768083473,0.027671003273274545,0.5032641398450011,0.017235197569098762,0.8635174978474239
forward,57,102539.459210853,274.584,lf_lower_leg_link,0.00749221775717095,0.14786532423211385,0.11945637168204416,0.027545612541730304,-0.5591106613028437,-0.01743489853989144,0.8284518887419482
forward,57,102539.459210853,274.584,lf_foot_link,0.20501842308659649,0.15343407167005277,0.03994921942433802,0.027545612541730304,-0.5591106613028437,-0.01743489853989144,0.8284518887419482
forward,57,102539.459210853,274.584,rh_hip_link,-0.19304720089795616,-0.04608916682657469,0.19102301132886065,0.04150008106481001,-0.026081673272098264,0.00033924365809638547,0.9987979648080397
forward,57,102539.459210853,274.584,rh_upper_leg_link,-0.19277574645875387,-0.1412601938099774,0.18310771377211235,0.03490531584449654,0.5113524381995931,0.02244973809293327,0.8583684011732293
forward,57,102539.459210853,274.584,rh_lower_leg_link,-0.38009322460394146,-0.13338690788480687,0.08201778474816013,0.035127389925368555,-0.5607409088455706,-0.022100640073909106,0.8269505797400459
forward,57,102539.459210853,274.584,rh_foot_link,-0.18222416632799157,-0.1262915019558136,0.003490776708304305,0.035127389925368555,-0.5607409088455706,-0.022100640073909106,0.8269505797400459
forward,57,102539.459210853,274.584,lh_hip_link,-0.19326551404258796,0.046659572113090436,0.19785117099840016,0.05075277332143917,-0.026077410372116264,0.0005808917423123343,0.9983705660891904
forward,57,102539.459210853,274.584,lh_upper_leg_link,-0.19362907225055964,0.141667521458999,0.2075262620323227,0.04382049344545887,0.4712151042947064,0.025611438640384305,0.880556723924981
forward,57,102539.459210853,274.584,lh_lower_leg_link,-0.37086804829677394,0.1529641610955114,0.08993488776102568,0.04339432966871643,-0.5497258720240825,-0.026327050492533956,0.8338017055585389
forward,57,102539.459210853,274.584,lh_foot_link,-0.17511899736594674,0.16221245295310477,0.00647365030676067,0.04339432966871643,-0.5497258720240825,-0.026327050492533956,0.8338017055585389
forward,57,102539.459210853,274.584,d435_link,0.3372926830007562,0.01372767596737236,0.2639427247735968,0.03750736162544564,-0.026293406173025658,8.96980273388694e-05,0.9989503724259691
forward,57,102539.459210853,274.584,velodyne_base_link,0.19550170620430973,-0.0063572568509130635,0.2936145021520174,0.03750736162544564,-0.026293406173025658,8.96980273388694e-05,0.9989503724259691
forward,57,102539.459210853,274.584,gps_frame,-0.0036965044230731253,-0.005249212857938516,0.27314879616960713,0.03750736162544564,-0.026293406173025658,8.96980273388694e-05,0.9989503724259691
forward,58,102539.549978966,274.67400000000004,trunk,-1.815472633561892e-05,-1.7797691773032888e-06,0.187429924784165,0.012122658966651744,-0.004210124115756917,-0.0007735355314928735,0.9999173554035802
forward,58,102539.549978966,274.67400000000004,imu_link,-1.815472633561892e-05,-1.7797691773032888e-06,0.187429924784165,0.012122658966651744,-0.004210124115756917,-0.0007735355314928735,0.9999173554035802
forward,58,102539.549978966,274.67400000000004,rf_hip_link,0.19329678546040077,-0.0468208270839664,0.18988112418493722,0.011310557051794602,-0.010058249295358994,-0.0008323143645589818,0.9998850984853656
forward,58,102539.549978966,274.67400000000004,rf_upper_leg_link,0.19315956068377535,-0.14229626038739396,0.18771945703122472,0.010185288378744717,0.49580661694847605,0.004988120754869487,0.8683588988097513
forward,58,102539.549978966,274.67400000000004,rf_lower_leg_link,0.00972869211057374,-0.1395820684720744,0.07948476011416566,0.00912635421413093,-0.5414563035517093,-0.006732837944103998,0.8406523954025801
forward,58,102539.549978966,274.67400000000004,rf_foot_link,0.20366007365689323,-0.13786675647413457,-0.008587238593060209,0.00912635421413093,-0.5414563035517093,-0.006732837944103998,0.8406523954025801
forward,58,102539.549978966,274.67400000000004,lf_hip_link,0.19338922680500958,0.046086576878112316,0.19402910485327798,0.026099915918318208,-0.010069460642696749,-0.000683438698218204,0.9996083899522691
forward,58,102539.549978966,274.67400000000004,lf_upper_leg_link,0.19346951537031176,0.1414563773925274,0.19901355101979995,0.023576756164999,0.443940695032437,0.011216473070162648,0.8956757150859452
forward,58,102539.549978966,274.67400000000004,lf_lower_leg_link,0.02396780132272943,0.14833102868355183,0.07020785198222454,0.0210777312712908,-0.5768633743949999,-0.015407853317472615,0.8164232815042799
forward,58,102539.549978966,274.67400000000004,lf_foot_link,0.224737107744753,0.15187540162439178,-0.0008422924178811131,0.0210777312712908,-0.5768633743949999,-0.015407853317472615,0.8164232815042799
forward,58,102539.549978966,274.67400000000004,rh_hip_link,-0.19342441477245675,-0.04608901453237494,0.18210823920910904,0.00846486602513056,-0.010055839818023772,-0.0008609364920181859,0.9999132386947818
forward,58,102539.549978966,274.67400000000004,rh_upper_leg_link,-0.19357258120016674,-0.14157518705519778,0.18048993650213233,0.007944702656178072,0.44159586668287876,0.0030457951624518827,0.8971737264098467
forward,58,102539.549978966,274.67400000000004,rh_lower_leg_link,-0.36235906667417483,-0.13911172791584206,0.05058976833287557,0.0062977640721506144,-0.6021117807957471,-0.005721305459266016,0.7983664623833516
forward,58,102539.549978966,274.67400000000004,rh_foot_link,-0.15756302416463636,-0.13843734512065994,-0.007951893586452013,0.0062977640721506144,-0.6021117807957471,-0.005721305459266016,0.7983664623833516
forward,58,102539.549978966,274.67400000000004,lh_hip_link,-0.19333197342784794,0.046818389429703774,0.1862562198774498,0.06348371579316452,-0.010087981533611467,-0.0003061938382055209,0.9979318397080051
forward,58,102539.549978966,274.67400000000004,lh_upper_leg_link,-0.19339593206456465,0.1415486067279192,0.19835712232006464,0.05510900266803751,0.490853221893342,0.03151624581875313,0.8689262561525872
forward,58,102539.549978966,274.67400000000004,lh_lower_leg_link,-0.37583131869628966,0.15535774117725806,0.08928999844539241,0.053730187011612175,-0.5360066032173805,-0.03381335430375141,0.8418234051045337
forward,58,102539.549978966,274.67400000000004,lh_foot_link,-0.18283640575965027,0.16690538614145498,-8.905657512042753e-05,0.053730187011612175,-0.5360066032173805,-0.03381335430375141,0.8418234051045337
forward,58,102539.549978966,274.67400000000004,d435_link,0.3396444807329784,0.01592656203261994,0.2321968992215589,0.012122658966651744,-0.004210124115756917,-0.0007735355314928735,0.9999173554035802
forward,58,102539.549978966,274.67400000000004,velodyne_base_link,0.1992994513160777,-0.002270527636114505,0.26908373488900694,0.012122658966651744,-0.004210124115756917,-0.0007735355314928735,0.9999173554035802
forward,58,102539.549978966,274.67400000000004,gps_frame,-0.0006088362134229706,-0.0016983558271090767,0.25740686902339616,0.012122658966651744,-0.004210124115756917,-0.0007735355314928735,0.9999173554035802
forward,59,102539.652525963,274.774,trunk,-1.8245843873817764e-05,-6.6330509597178305e-06,0.20494656711627487,0.008366699457402146,-0.015153863321248826,-0.00022676831131306107,0.999850142442738
forward,59,102539.652525963,274.774,imu_link,-1.8245843873817764e-05,-6.6330509597178305e-06,0.20494656711627487,0.008366699457402146,-0.015153863321248826,-0.00022676831131306107,0.999850142442738
forward,59,102539.652525963,274.774,rf_hip_link,0.19330004335836276,-0.04664507979758334,0.2074802261133926,0.004450475770489733,-0.012988577185075798,-0.0003138358952997015,0.9999056913705184
forward,59,102539.652525963,274.774,rf_upper_leg_link,0.19325114717694877,-0.1421412778991207,0.20662948683760454,0.0038506749291222337,0.5537459985990032,0.00225333755640921,0.8326736838690412
forward,59,102539.652525963,274.774,rf_lower_leg_link,-0.003176770137436298,-0.14130692323521202,0.12426215622753864,0.003736387038055844,-0.497526721641982,-0.0024381631312820366,0.8674371769901431
forward,59,102539.652525963,274.774,rf_foot_link,0.18067728319562895,-0.14044298257666518,0.01671709274463906,0.003736387038055844,-0.497526721641982,-0.0024381631312820366,0.8674371769901431
forward,59,102539.652525963,274.774,lf_hip_link,0.19333269531335184,0.04634431221684022,0.20888447204544933,0.021498306455245506,-0.01299204005184052,-9.233392237943611e-05,0.9996844608121577
forward,59,102539.652525963,274.774,lf_upper_leg_link,0.19329697791777084,0.14175603474699483,0.21298958204354226,0.019009474148841337,0.45924788587473137,0.010041195077350386,0.8880479680814505
forward,59,102539.652525963,274.774,lf_lower_leg_link,0.019478315250659375,0.14698302376880581,0.08999059385915596,0.018199580500324296,-0.5395280847868748,-0.011443818226845799,0.8416930913463708
forward,59,102539.652525963,274.774,lf_foot_link,0.21302090763839118,0.15087845290147472,0.0011362717149369372,0.018199580500324296,-0.5395280847868748,-0.011443818226845799,0.8416930913463708
forward,59,102539.652525963,274.774,rh_hip_link,-0.19336937170046675,-0.0463576010282982,0.19743429091452233,0.008852518526211287,-0.012989832974929866,-0.0002566506288220623,0.99987640800525
forward,59,102539.652525963,274.774,rh_upper_leg_link,-0.19339642229927978,-0.14184262033412195,0.19574303208407576,0.007954040498048483,0.45402206349453145,0.0038943797397780096,0.8909464253850314
forward,59,102539.652525963,274.774,rh_lower_leg_link,-0.36573059460233553,-0.13957694375446042,0.07058393426750847,0.007344609328808799,-0.5454261688805182,-0.004948703629170321,0.8381120816135025
forward,59,102539.652525963,274.774,rh_foot_link,-0.17097847156802187,-0.13810449462658403,-0.015662471264509842,0.007344609328808799,-0.5454261688805182,-0.004948703629170321,0.8381120816135025
forward,59,102539.652525963,274.774,lh_hip_link,-0.19333671974547767,0.046631790986125354,0.19883853684657907,0.009248269898170606,-0.01298993354001771,-0.0002515092200556987,0.9998728258501822
forward,59,102539.652525963,274.774,lh_upper_leg_link,-0.19331163326623743,0.14211544257930292,0.20060535576804325,0.0077177452518017295,0.5632279192049399,0.005101976207850578,0.8262497910892785
forward,59,102539.652525963,274.774,lh_lower_leg_link,-0.3915747282834069,0.14360781002166684,0.12276887336017864,0.008005241560505454,-0.48894412171435486,-0.004637872416867214,0.872266044328209
forward,59,102539.652525963,274.774,lh_foot_link,-0.20987444685158038,0.14561641703371503,0.011638439970102166,0.008005241560505454,-0.48894412171435486,-0.004637872416867214,0.872266044328209
forward,59,102539.652525963,274.774,d435_link,0.33857132276035123,0.01655647326425686,0.25701640043265495,0.008366699457402146,-0.015153863321248826,-0.00022676831131306107,0.999850142442738
forward,59,102539.652525963,274.774,velodyne_base_link,0.19746531940473727,-0.0014859633868400603,0.29095850255813627,0.008366699457402146,-0.015153863321248826,-0.00022676831131306107,0.999850142442738
forward,59,102539.652525963,274.774,gps_frame,-0.0021397344022400077,-0.0011773143429166617,0.27490461734360316,0.008366699457402146,-0.015153863321248826,-0.00022676831131306107,0.999850142442738
forward,60,102539.754190623,274.874,trunk,-1.6678606266455646e-05,2.1722179918178195e-07,0.19355334296904067,-0.0357803457989075,-0.024457358528185348,0.0005050140213685599,0.9990602331337048
forward,60,102539.754190623,274.874,imu_link,-1.6678606266455646e-05,2.1722179918178195e-07,0.19355334296904067,-0.0357803457989075,-0.024457358528185348,0.0005050140213685599,0.9990602331337048
forward,60,102539.754190623,274.874,rf_hip_link,0.19308971297566552,-0.045877847623418504,0.2088258005120676,-0.030997575069248533,-0.025229131238057017,0.0005195199246775647,0.9992008663806528
forward,60,102539.754190623,274.874,rf_upper_leg_link,0.19303949198371254,-0.14119427378724347,0.2147441094942069,-0.027425535146142734,0.4585315167862771,-0.01445543437858317,0.8881372239426463
forward,60,102539.754190623,274.874,rf_lower_leg_link,0.019386830143519582,-0.14874698387297056,0.09163152034843124,-0.025126107524431437,-0.5923524718545138,0.018160349165050358,0.8050822501625046
forward,60,102539.754190623,274.874,rf_foot_link,0.22273740182503157,-0.15278173870145922,0.028375961302002595,-0.025126107524431437,-0.5923524718545138,0.018160349165050358,0.8050822501625046
forward,60,102539.754190623,274.874,lf_hip_link,0.19318209278276652,0.04688603988407254,0.20220366788965735,-0.02506960553514429,-0.02522560544253085,0.0006691741454949935,0.9993671677188185
forward,60,102539.754190623,274.874,lf_upper_leg_link,0.19317514903646757,0.14226591369716912,0.19741517927818905,-0.02201666939286397,0.4799492153541768,-0.012008296489097159,0.8769377502224347
forward,60,102539.754190623,274.874,lf_lower_leg_link,0.013765262741958311,0.13649622250111018,0.08275130805759322,-0.020637016324214084,-0.5668203860630503,0.014249437636582627,0.8234596025474534
forward,60,102539.754190623,274.874,lf_foot_link,0.21272760667032467,0.13269763267854714,0.006800294806350998,-0.020637016324214084,-0.5668203860630503,0.014249437636582627,0.8234596025474534
forward,60,102539.754190623,274.874,rh_hip_link,-0.19321767481780025,-0.04688441467056151,0.18933659942611883,-0.06874215450511742,-0.025230739785360543,-0.00043443510754327165,0.9973152647132276
forward,60,102539.754190623,274.874,rh_upper_leg_link,-0.19363170249558503,-0.14148181121544667,0.20242900745565148,-0.05943127534352424,0.4738695965230823,-0.034548459457844266,0.8779077018406793
forward,60,102539.754190623,274.874,rh_lower_leg_link,-0.3717282561946027,-0.15673419159472454,0.08659299210075967,-0.05836995299245677,-0.5534978523250177,0.03631282318309174,0.8300087077445181
forward,60,102539.754190623,274.874,rh_foot_link,-0.1751174922344762,-0.16881065242887333,0.005553701699518632,-0.05836995299245677,-0.5534978523250177,0.03631282318309174,0.8300087077445181
forward,60,102539.754190623,274.874,lh_hip_link,-0.19312529501069925,0.04587947283692954,0.1827144668037086,-0.03347026787587007,-0.025230339670421143,0.00045708215280643746,0.9991210948650511
forward,60,102539.754190623,274.874,lh_upper_leg_link,-0.19305122792167434,0.14116546349557618,0.17632506164621276,-0.029383322836649912,0.46853643417624774,-0.016033966909474454,0.8828097995002263
forward,60,102539.754190623,274.874,lh_lower_leg_link,-0.3694576944728026,0.13331539635215708,0.057211103585918605,-0.026724586427056284,-0.6110212106272149,0.02015599752132634,0.7909061969714714
forward,60,102539.754190623,274.874,lh_foot_link,-0.16335926821799943,0.12955769337399142,0.0035611421355935258,-0.026724586427056284,-0.6110212106272149,0.02015599752132634,0.7909061969714714
forward,60,102539.754190623,274.874,d435_link,0.33755981406787405,0.021359502664319737,0.25024895584350315,-0.0357803457989075,-0.024457358528185348,0.0005050140213685599,0.9990602331337048
forward,60,102539.754190623,274.874,velodyne_base_link,0.195831563401307,0.006269569179392018,0.2830193215786484,-0.0357803457989075,-0.024457358528185348,0.0005050140213685599,0.9990602331337048
forward,60,102539.754190623,274.874,gps_frame,-0.003440020750771441,0.005003028924706205,0.2632903675946075,-0.0357803457989075,-0.024457358528185348,0.0005050140213685599,0.9990602331337048
turn,1,102542.293433567,277.379,trunk,-1.2632795807478408e-05,3.1556202563432983e-06,0.20437968567182263,0.04879415898395098,-0.034510538876039214,0.00033961708997175396,0.9982124209885221
turn,1,102542.293433567,277.379,imu_link,-1.2632795807478408e-05,3.1556202563432983e-06,0.20437968567182263,0.04879415898395098,-0.034510538876039214,0.00033961708997175396,0.9982124209885221
turn,1,102542.293433567,277.379,rf_hip_link,0.19313689038123202,-0.046604947662765336,0.2185952371417437,0.02266638532877228,-0.03420654079894034,6.741170209347118e-05,0.9991577167786677
turn,1,102542.293433567,277.379,rf_upper_leg_link,0.1932978448505924,-0.14200681767523723,0.21427004445445122,0.019592835850706265,0.4701970224992143,0.011396944833473643,0.8822703613205328
turn,1,102542.293433567,277.379,rf_lower_leg_link,0.016480497609535526,-0.13692575854981923,0.09561588922674968,0.019219544885296747,-0.5611330611405082,-0.01201576725024356,0.8274152029826819
turn,1,102542.293433567,277.379,rf_foot_link,0.21436642795908983,-0.13302355621674164,0.01690800279442914,0.019219544885296747,-0.5611330611405082,-0.01201576725024356,0.8274152029826819
turn,1,102542.293433567,277.379,lf_hip_link,0.19273779356762516,0.046071189762450324,0.22633954302903336,0.05090236704319036,-0.034190964715179475,0.0010343643519095647,0.9981176569180775
turn,1,102542.293433567,277.379,lf_upper_leg_link,0.1922081852610905,0.14107609467432977,0.23603683944228115,0.04241092876644254,0.5063509791027903,0.02816796054704544,0.8608231903715382
turn,1,102542.293433567,277.379,lf_lower_leg_link,0.00601496174135233,0.15055265066806997,0.13302577983300268,0.04387065407003982,-0.5529671175190046,-0.025835761875336097,0.8316461062630613
turn,1,102542.293433567,277.379,lf_foot_link,0.20240368045122487,0.16000922524189978,0.05110481572231773,0.04387065407003982,-0.5529671175190046,-0.025835761875336097,0.8316461062630613
turn,1,102542.293433567,277.379,rh_hip_link,-0.1927579264647673,-0.046057251463034285,0.19215416378483496,0.03879840773815148,-0.03420099177172272,0.0006197899625710986,0.998661399864447
turn,1,102542.293433567,277.379,rh_upper_leg_link,-0.19238625873669607,-0.14126966265175508,0.18475763630703415,0.03257387346814786,0.5002305945648414,0.021086567997060348,0.865022341722277
turn,1,102542.293433567,277.379,rh_lower_leg_link,-0.37701359863970885,-0.1337597163794458,0.07880790262485637,0.032627463916788266,-0.5823589637806286,-0.021003551627575674,0.81200513343312
turn,1,102542.293433567,277.379,rh_foot_link,-0.1752754365757511,-0.1276840781251561,0.010735877630301344,0.032627463916788266,-0.5823589637806286,-0.021003551627575674,0.81200513343312
turn,1,102542.293433567,277.379,lh_hip_link,-0.19315702327837417,0.046618885962181375,0.19989846967212463,0.061975645930338254,-0.03417738068588033,0.0014137281278812676,0.9974913169214809
turn,1,102542.293433567,277.379,lh_upper_leg_link,-0.1938309375126405,0.1413848769128823,0.21169689324209925,0.05336846473694379,0.4579769946485485,0.031540232835599105,0.8867999171498502
turn,1,102542.293433567,277.379,lh_lower_leg_link,-0.3675610709811247,0.1553928002135385,0.08926071064142531,0.053618964232425834,-0.5493293591648598,-0.031112473227695253,0.8333032316292924
turn,1,102542.293433567,277.379,lh_foot_link,-0.17184553158802046,0.16714608108102894,0.006036387100070484,0.053618964232425834,-0.5493293591648598,-0.031112473227695253,0.8333032316292924
turn,1,102542.293433567,277.379,d435_link,0.3362487429082706,0.012461638840600366,0.27072404040867476,0.04879415898395098,-0.034510538876039214,0.00033961708997175396,0.9982124209885221
turn,1,102542.293433567,277.379,velodyne_base_link,0.1940017657939535,-0.008329790419044253,0.29759435806924867,0.04879415898395098,-0.034510538876039214,0.00033961708997175396,0.9982124209885221
turn,1,102542.293433567,277.379,gps_frame,-0.004833151608117779,-0.006817456211099355,0.27387962705759744,0.04879415898395098,-0.034510538876039214,0.00033961708997175396,0.9982124209885221
turn,2,102542.398467459,277.48400000000004,trunk,-1.4574949293184807e-05,5.972420585289999e-08,0.1926796315805276,0.022599683298016073,-0.013491269349518328,-0.0009596821123602305,0.9996530993181642
turn,2,102542.398467459,277.48400000000004,imu_link,-1.4574949293184807e-05,5.972420585289999e-08,0.1926796315805276,0.022599683298016073,-0.013491269349518328,-0.0009596821123602305,0.9996530993181642
turn,2,102542.398467459,277.48400000000004,rf_hip_link,0.19324589181123603,-0.047003580438912604,0.1916163259313293,0.001434298119127872,-0.013543813277438243,-0.0014812644705711041,0.9999061524795112
turn,2,102542.398467459,277.48400000000004,rf_upper_leg_link,0.1929667071892283,-0.14250276843000712,0.19133856886403625,0.0019747093284986617,0.4760351426167941,-0.0005931935554693719,0.8794238407265761
turn,2,102542.398467459,277.48400000000004,rf_lower_leg_link,0.014627991833356562,-0.14164267978024156,0.07487585872584689,0.00044307335711825434,-0.5364766921123294,-0.0020137133675183255,0.8439126183821917
turn,2,102542.398467459,277.48400000000004,rf_foot_link,0.20749537759533757,-0.14194360408829507,-0.015518172901799965,0.00044307335711825434,-0.5364766921123294,-0.0020137133675183255,0.8439126183821917
turn,2,102542.398467459,277.48400000000004,lf_hip_link,0.19338313428559176,0.04584948132862044,0.19684031721175105,0.050990884429128684,-0.013600583832661477,-0.0008081719721915372,0.9986061789727767
turn,2,102542.398467459,277.48400000000004,lf_upper_leg_link,0.1934048203733959,0.14085274315219137,0.20656810075146992,0.044796712942015,0.47923380307609903,0.024371662774462045,0.8762044502012172
turn,2,102542.398467459,277.48400000000004,lf_lower_leg_link,0.01405943324964497,0.15259814020986856,0.09226028052297706,0.04366718615676149,-0.5139572338621412,-0.026341987205830374,0.8562985684467626
turn,2,102542.398467459,277.48400000000004,lf_foot_link,0.20203241209838094,0.16275972870302582,-0.00739864452655592,0.04366718615676149,-0.5139572338621412,-0.026341987205830374,0.8562985684467626
turn,2,102542.398467459,277.48400000000004,rh_hip_link,-0.19341050557693787,-0.045842753935066156,0.18114145883783073,0.002479993726225855,-0.013545354969385963,-0.0014670996146205512,0.9999041057064382
turn,2,102542.398467459,277.48400000000004,rh_upper_leg_link,-0.1936842785847019,-0.14134116810978536,0.18066402983367005,0.0028745650329640607,0.43632796627072024,-0.0001990628860427753,0.8997830866936186
turn,2,102542.398467459,277.48400000000004,rh_lower_leg_link,-0.3609318581718921,-0.14020232454452505,0.04877032203242451,0.0011860175929341674,-0.5858466659866493,-0.0026260450168628124,0.8104167947434
turn,2,102542.398467459,277.48400000000004,rh_foot_link,-0.15867426106696764,-0.14044825057088284,-0.01801892810359368,0.0011860175929341674,-0.5858466659866493,-0.0026260450168628124,0.8104167947434
turn,2,102542.398467459,277.48400000000004,lh_hip_link,-0.19327326310258214,0.04701030783246689,0.18636545011825248,0.06867627516969083,-0.013612768108914378,-0.000567068724946374,0.9975459589443942
turn,2,102542.398467459,277.48400000000004,lh_upper_leg_link,-0.19334377974743205,0.14160940813588566,0.19945190300612567,0.06087426454034346,0.4571239846406187,0.03179742528561374,0.8867473768374855
turn,2,102542.398467459,277.48400000000004,lh_lower_leg_link,-0.3668489530245252,0.1584128625408659,0.07704847672178652,0.05764674167524792,-0.546782035181503,-0.0373310261357646,0.8344535059933846
turn,2,102542.398467459,277.48400000000004,lh_foot_link,-0.171563652552336,0.17020948041510334,-0.007174389687615856,0.05764674167524792,-0.546782035181503,-0.0373310261357646,0.8344535059933846
turn,2,102542.398467459,277.48400000000004,d435_link,0.33876274774634585,0.0147484146358608,0.2440694326559811,0.022599683298016073,-0.013491269349518328,-0.0009596821123602305,0.9996530993181642
turn,2,102542.398467459,277.48400000000004,velodyne_base_link,0.1977509264784135,-0.004118262700438,0.2779547502579849,0.022599683298016073,-0.013491269349518328,-0.0009596821123602305,0.9996530993181642
turn,2,102542.398467459,277.48400000000004,gps_frame,-0.0019057338316035416,-0.0031609857329585604,0.2625826451757911,0.022599683298016073,-0.013491269349518328,-0.0009596821123602305,0.9996530993181642
turn,3,102542.499423386,277.584,trunk,-1.3258351159411158e-05,-1.4621495886740335e-06,0.2019470847791793,-0.035867677190726144,-0.027912188062032574,-0.0004270275371318492,0.9989665845953077
turn,3,102542.499423386,277.584,imu_link,-1.3258351159411158e-05,-1.4621495886740335e-06,0.2019470847791793,-0.035867677190726144,-0.027912188062032574,-0.0004270275371318492,0.9989665845953077
turn,3,102542.499423386,277.584,rf_hip_link,0.19303497648673257,-0.04653860689255878,0.21412437100263781,-0.02873977925425605,-0.024572035951674478,-0.0009101595718407302,0.999284449867584
turn,3,102542.499423386,277.584,rf_upper_leg_link,0.1927263771762741,-0.14188068746187113,0.21960546935792546,-0.02382108541949347,0.51241259177429,-0.016104632608872987,0.8582578473216107
turn,3,102542.499423386,277.584,rf_lower_leg_link,0.005215764359559598,-0.1470746570861126,0.11870059950199334,-0.024977968648495656,-0.5432100436482982,0.014244450997646355,0.8391043112614691
turn,3,102542.499423386,277.584,rf_foot_link,0.19954234701996293,-0.15270697021925875,0.03166924698866272,-0.024977968648495656,-0.5432100436482982,0.014244450997646355,0.8391043112614691
turn,3,102542.499423386,277.584,lf_hip_link,0.1932684712616334,0.046376098276596174,0.21014906679803916,-0.00740609402684025,-0.02458586405090562,-0.0003855257799201879,0.9996702138355473
turn,3,102542.499423386,277.584,lf_upper_leg_link,0.19337686067884452,0.14186559349455366,0.20873677973305807,-0.006230210021801427,0.4765575949451504,-0.004022852463815574,0.8791119723000209
turn,3,102542.499423386,277.584,lf_lower_leg_link,0.014894554198850227,0.14034906275004647,0.09250095733702411,-0.006549253996381947,-0.53535260968253,0.003479386577007071,0.8445961072887107
turn,3,102542.499423386,277.584,lf_foot_link,0.20752302867564515,0.13878616428186966,0.0016118591507127966,-0.006549253996381947,-0.53535260968253,0.003479386577007071,0.8445961072887107
turn,3,102542.499423386,277.584,rh_hip_link,-0.19329729463247128,-0.04638132363242508,0.19510881016804724,-0.039104466141343074,-0.02456127210154303,-0.001165012450817798,0.9989325439620755
turn,3,102542.499423386,277.584,rh_upper_leg_link,-0.19370302147081575,-0.14158899497591898,0.20256432511216071,-0.03352233832812639,0.4678495128313839,-0.020168523972384188,0.8829418535878945
turn,3,102542.499423386,277.584,rh_lower_leg_link,-0.3699647866440391,-0.15017819502298108,0.08328727040099244,-0.03394762182887671,-0.5430179699744194,0.019444163606943392,0.8388092558851807
turn,3,102542.499423386,277.584,rh_foot_link,-0.1756454905248412,-0.15781085796329172,-0.003607802026499879,-0.03394762182887671,-0.5430179699744194,0.019444163606943392,0.8388092558851807
turn,3,102542.499423386,277.584,lh_hip_link,-0.19306379985757044,0.046533381536729874,0.19113350596344858,-0.008343200713520335,-0.024585491849208087,-0.00040857286879982766,0.9996628319891648
turn,3,102542.499423386,277.584,lh_upper_leg_link,-0.19294661050796114,0.1420200543341122,0.18954241051000312,-0.006909125782113855,0.49972898981263353,-0.004694668344210816,0.8661415362461897
turn,3,102542.499423386,277.584,lh_lower_leg_link,-0.37734857915275394,0.14047017306146317,0.08294732700252837,-0.007218548097963907,-0.5653048872115238,0.004203390689977224,0.8248397472023467
turn,3,102542.499423386,277.584,lh_foot_link,-0.1786978427491047,0.13894596717580948,0.006106180975767622,-0.007218548097963907,-0.5653048872115238,0.004203390689977224,0.8248397472023467
turn,3,102542.499423386,277.584,d435_link,0.33719376067463075,0.020819134515110947,0.26099307595780474,-0.035867677190726144,-0.027912188062032574,-0.0004270275371318492,0.9989665845953077
turn,3,102542.499423386,277.584,velodyne_base_link,0.19521614834030035,0.005963166335292687,0.29277605576277,-0.035867677190726144,-0.027912188062032574,-0.0004270275371318492,0.9989665845953077
turn,3,102542.499423386,277.584,gps_frame,-0.00391478208790742,0.0050164920859028395,0.27165790350785374,-0.035867677190726144,-0.027912188062032574,-0.0004270275371318492,0.9989665845953077
turn,4,102542.593507079,277.67400000000004,trunk,-1.156557469463057e-05,-6.017389295002796e-06,0.18582832323573664,-0.0363795125073553,-0.021747707914918767,0.0009181832548662395,0.9991009584670035
turn,4,102542.593507079,277.67400000000004,imu_link,-1.156557469463057e-05,-6.017389295002796e-06,0.18582832323573664,-0.0363795125073553,-0.021747707914918767,0.0009181832548662395,0.9991009584670035
turn,4,102542.593507079,277.67400000000004,rf_hip_link,0.193114056405719,-0.0457473480187808,0.20372571161656883,-0.01028618616356543,-0.025266824504674858,0.0013563641234236635,0.9996269015137714
turn,4,102542.593507079,277.67400000000004,rf_upper_leg_link,0.1933233845375514,-0.14122678775704026,0.20569618592528263,-0.009583079778018604,0.47863932945575616,-0.003976170443399863,0.8779503100681253
turn,4,102542.593507079,277.67400000000004,rf_lower_leg_link,0.014292772928239772,-0.14400018250411553,0.09033003669435477,-0.007923802942957234,-0.5612233507567314,0.006697663499162828,0.8275993627450181
turn,4,102542.593507079,277.67400000000004,rf_foot_link,0.2121787864107465,-0.145192492227049,0.011534706467711542,-0.007923802942957234,-0.5612233507567314,0.006697663499162828,0.8275993627450181
turn,4,102542.593507079,277.67400000000004,lf_hip_link,0.19316836494897832,0.046988063068427253,0.1967156773036241,-0.03573021051039417,-0.025293164841873054,0.0007127106475882998,0.9990410902023488
turn,4,102542.593507079,277.67400000000004,lf_upper_leg_link,0.19320498019942287,0.14224412629160668,0.18989430804627677,-0.03181563588748183,0.4503724359480178,-0.016276400482276403,0.8921252787802083
turn,4,102542.593507079,277.67400000000004,lf_lower_leg_link,0.02182242014271784,0.13327550956734568,0.06373337105521287,-0.02876879462431903,-0.5971959084987752,0.0212017064277388,0.8012988774313479
turn,4,102542.593507079,277.67400000000004,lf_foot_link,0.22593706491678356,0.12884901577192517,0.0030158452374054734,-0.02876879462431903,-0.5971959084987752,0.0212017064277388,0.8012988774313479
turn,4,102542.593507079,277.67400000000004,rh_hip_link,-0.1931906445355393,-0.04699729788666924,0.1841973820409799,-0.07322096585159592,-0.0253020886564138,-0.0002376001016939974,0.9969947031030677
turn,4,102542.593507079,277.67400000000004,rh_upper_leg_link,-0.19358974465329448,-0.14147327692450595,0.19813940857725706,-0.06377359269497174,0.4649618451815873,-0.035976313997194746,0.8822976347193077
turn,4,102542.593507079,277.67400000000004,rh_lower_leg_link,-0.3693271306177626,-0.15831717917883656,0.07896871532081033,-0.06179630033995697,-0.558822823681535,0.03927573752767398,0.8260482343292957
turn,4,102542.593507079,277.67400000000004,rh_foot_link,-0.1716453655328001,-0.1707131598755918,0.0006280527281352644,-0.06179630033995697,-0.558822823681535,0.03927573752767398,0.8260482343292957
turn,4,102542.593507079,277.67400000000004,lh_hip_link,-0.19313633599227997,0.04573811320053881,0.17718734772803518,-0.056547611172190274,-0.02530252560917311,0.00018531589917814971,0.998079213052017
turn,4,102542.593507079,277.67400000000004,lh_upper_leg_link,-0.19289838104257617,0.14062735886632743,0.16640660404220697,-0.04801903756266314,0.50843059432508,-0.029863668609520333,0.859244240063896
turn,4,102542.593507079,277.67400000000004,lh_lower_leg_link,-0.3796142169419404,0.1295187789574807,0.0645105978554556,-0.04657088198891864,-0.5843208273465025,0.03207521819158706,0.8095501862502628
turn,4,102542.593507079,277.67400000000004,lh_foot_link,-0.1774640936671198,0.12144213924262419,-0.002115940032170277,-0.04657088198891864,-0.5843208273465025,0.03207521819158706,0.8095501862502628
turn,4,102542.593507079,277.67400000000004,d435_link,0.3378556205167895,0.0216245587698183,0.24065881418417953,-0.0363795125073553,-0.021747707914918767,0.0009181832548662395,0.9991009584670035
turn,4,102542.593507079,277.67400000000004,velodyne_base_link,0.1963170626602549,0.006489688112885413,0.2742187952641851,-0.0363795125073553,-0.021747707914918767,0.0009181832548662395,0.9991009584670035
turn,4,102542.593507079,277.67400000000004,gps_frame,-0.0030581838180990632,0.0050797398513840525,0.2555768227935611,-0.0363795125073553,-0.021747707914918767,0.0009181832548662395,0.9991009584670035
turn,5,102542.703441888,277.784,trunk,-4.854258966492719e-05,2.4479461069378904e-06,0.19675070022138463,-0.021871699246316552,-0.003464597645402499,0.0011396027708759175,0.9997541330951119
turn,5,102542.703441888,277.784,imu_link,-4.854258966492719e-05,2.4479461069378904e-06,0.19675070022138463,-0.021871699246316552,-0.003464597645402499,0.0011396027708759175,0.9997541330951119
turn,5,102542.703441888,277.784,rf_hip_link,0.19345025381242625,-0.045989743956205385,0.20013911110453989,-0.02958045796766395,-0.0034975832392514184,0.0010962269001408204,0.9995556821430667
turn,5,102542.703441888,277.784,rf_upper_leg_link,0.19363977923760103,-0.14132238876166967,0.20578720056101962,-0.02641859970310952,0.4805199781917151,-0.013351509155154996,0.8764840816304882
turn,5,102542.703441888,277.784,rf_lower_leg_link,0.01407190141197,-0.1484535500414201,0.09144768948981806,-0.024671916096492143,-0.5240426830084652,0.016355481133888346,0.8511774557507358
turn,5,102542.703441888,277.784,rf_foot_link,0.2042625146922861,-0.15374839288636588,-0.0043045703232255095,-0.024671916096492143,-0.5240426830084652,0.016355481133888346,0.8511774557507358
turn,5,102542.703441888,277.784,lf_hip_link,0.19325551186892095,0.04692153175484497,0.19608239798667867,-0.042548144664408837,-0.0035115133511966845,0.001050750168428358,0.9990876941408519
turn,5,102542.703441888,277.784,lf_upper_leg_link,0.1930835386806174,0.14207554505499773,0.18796241165067631,-0.037047934100422286,0.5100899515804443,-0.020949922892237148,0.8590673970104791
turn,5,102542.703441888,277.784,lf_lower_leg_link,0.006078996601352214,0.1330697656854553,0.08638880691169168,-0.03519024113394302,-0.5443444782014937,0.023939415599275992,0.8377813798129221
turn,5,102542.703441888,277.784,lf_foot_link,0.20071162398891404,0.12606187821124426,0.00014479338400785746,-0.03519024113394302,-0.5443444782014937,0.023939415599275992,0.8377813798129221
turn,5,102542.703441888,277.784,rh_hip_link,-0.19333935302479907,-0.046917445030525,0.19745966835998432,0.0029011403822321977,-0.003460131903114513,0.0012092514813445312,0.999989074231589
turn,5,102542.703441888,277.784,rh_upper_leg_link,-0.19310647119463173,-0.14241555815973447,0.19690635577754012,0.001774299975272589,0.5417945188967099,0.002594371650380875,0.8405050983716994
turn,5,102542.703441888,277.784,rh_lower_leg_link,-0.3871007617565626,-0.14237905343798188,0.10895629098632788,0.003112221931495493,-0.5129375580200752,-0.00043929410611890073,0.8584201667410543
turn,5,102542.703441888,277.784,rh_foot_link,-0.19952558715805868,-0.14133694513444575,0.008043120960684075,0.003112221931495493,-0.5129375580200752,-0.00043929410611890073,0.8584201667410543
turn,5,102542.703441888,277.784,lh_hip_link,-0.19353409496830437,0.04599383068052535,0.19340295524212311,-0.025480259954281263,-0.0034930573440928345,0.0011105639661739013,0.9996686058643285
turn,5,102542.703441888,277.784,lh_upper_leg_link,-0.19372914262552587,0.14136958957359017,0.18853709745717068,-0.022750284441476355,0.4872173889494432,-0.011528293780635196,0.872908207605832
turn,5,102542.703441888,277.784,lh_lower_leg_link,-0.37501699106276765,0.13530244440048797,0.07688179861988204,-0.02128396815333346,-0.516942827765456,0.014052391230982736,0.8556398984515585
turn,5,102542.703441888,277.784,lh_foot_link,-0.18646257536014324,0.13063896723793805,-0.022085288332277797,-0.02128396815333346,-0.516942827765456,0.014052391230982736,0.8556398984515585
turn,5,102542.703441888,277.784,d435_link,0.3396156281712888,0.02012650396375122,0.239782937795933,-0.021871699246316552,-0.003464597645402499,0.0011396027708759175,0.9997541330951119
turn,5,102542.703441888,277.784,velodyne_base_link,0.19938794921947628,0.003986467385977416,0.27804776858159724,-0.021871699246316552,-0.003464597645402499,0.0011396027708759175,0.9997541330951119
turn,5,102542.703441888,277.784,gps_frame,-0.0005369565107043923,0.0030631802297007545,0.2666820477683174,-0.021871699246316552,-0.003464597645402499,0.0011396027708759175,0.9997541330951119
turn,6,102542.802463068,277.884,trunk,-1.3029473238458722e-05,-6.359980579106553e-07,0.19143689705589545,0.029804949302385156,-0.012212175466020023,-8.718879019226101e-05,0.9994811254674019
turn,6,102542.802463068,277.884,imu_link,-1.3029473238458722e-05,-6.359980579106553e-07,0.19143689705589545,0.029804949302385156,-0.012212175466020023,-8.718879019226101e-05,0.9994811254674019
turn,6,102542.802463068,277.884,rf_hip_link,0.19331351050821124,-0.046521494358397815,0.20438777753387688,0.007582703641212768,-0.020509411156051958,-0.00011358485575740682,0.9997608982941881
turn,6,102542.802463068,277.884,rf_upper_leg_link,0.19332152469425365,-0.14201050989185612,0.20293938248286894,0.00661909343659783,0.4831878442712143,0.0037010671579297684,0.875483864415848
turn,6,102542.802463068,277.884,rf_lower_leg_link,0.013103222023872768,-0.14030369878633175,0.08941647651910717,0.0062893280428674555,-0.5633116083353777,-0.004237292626090372,0.8262097322221399
turn,6,102542.802463068,277.884,rf_foot_link,0.21138073989826373,-0.13910689953498304,0.01161163362920356,0.0062893280428674555,-0.5633116083353777,-0.004237292626090372,0.8262097322221399
turn,6,102542.802463068,277.884,lf_hip_link,0.19313270281305428,0.04630814297924365,0.2100114542972893,0.03880865692336307,-0.020502950668861025,0.0005271255616046522,0.9990361551517128
turn,6,102542.802463068,277.884,lf_upper_leg_link,0.1928801417037548,0.14152042254395508,0.21741469905734645,0.03246445972447234,0.5188159929753698,0.021270838449649963,0.8540044354214023
turn,6,102542.802463068,277.884,lf_lower_leg_link,0.0038376551834693367,0.1486299967916803,0.11953011271075242,0.03335472035028639,-0.5399226489314858,-0.019845713489496517,0.8408193286653528
turn,6,102542.802463068,277.884,lf_foot_link,0.19751401718838743,0.1560126378696706,0.03119006849945749,0.03335472035028639,-0.5399226489314858,-0.019845713489496517,0.8408193286653528
turn,6,102542.802463068,277.884,rh_hip_link,-0.1931610755433727,-0.04631333833751603,0.18852615695689967,0.02897922833083484,-0.020507143989400376,0.000325411870474483,0.9993695790236272
turn,6,102542.802463068,277.884,rh_upper_leg_link,-0.192985453348344,-0.14165291713811667,0.18299588834057717,0.024566066620055244,0.5031567342497524,0.015375628063760973,0.8637090940887377
turn,6,102542.802463068,277.884,rh_lower_leg_link,-0.3782778875905784,-0.13590976220836895,0.07810198964270135,0.024347296626297008,-0.5685682240758608,-0.015719755549219356,0.8221254606224561
turn,6,102542.802463068,277.884,rh_foot_link,-0.17898778311132704,-0.13119020237214188,0.003067464178742707,0.024347296626297008,-0.5685682240758608,-0.015719755549219356,0.8221254606224561
turn,6,102542.802463068,277.884,lh_hip_link,-0.19334188323852966,0.04651629900012543,0.19414983372031208,0.06084952827866933,-0.020486321494032896,0.0009795300559817307,0.99793621342287
turn,6,102542.802463068,277.884,lh_upper_leg_link,-0.19376668471771838,0.14130890670708987,0.20574427496673864,0.05280420341936191,0.46417504556874306,0.030254597536800862,0.8836503281843946
turn,6,102542.802463068,277.884,lh_lower_leg_link,-0.36917900126066844,0.15520375828813923,0.08571739337525273,0.05180791070405789,-0.5544672497519365,-0.031930627293360755,0.8299773758251827
turn,6,102542.802463068,277.884,lh_foot_link,-0.17243110062114628,0.16597938853166175,0.004827657395984952,0.05180791070405789,-0.5544672497519365,-0.031930627293360755,0.8299773758251827
turn,6,102542.802463068,277.884,d435_link,0.33886256233558354,0.014689066953438759,0.24219165942769114,0.029804949302385156,-0.012212175466020023,-8.718879019226101e-05,0.9994811254674019
turn,6,102542.802463068,277.884,velodyne_base_link,0.19797396258829764,-0.004947233847723099,0.27615219758737525,0.029804949302385156,-0.012212175466020023,-8.718879019226101e-05,0.9994811254674019
turn,6,102542.802463068,277.884,gps_frame,-0.0017222107283700891,-0.004171014729239829,0.26129165094334117,0.029804949302385156,-0.012212175466020023,-8.718879019226101e-05,0.9994811254674019
turn,7,102542.903370052,277.97900000000004,trunk,-1.614304449553654e-05,-5.563996199556267e-06,0.19217994647224745,0.010069749935319285,-0.004020527492978231,-3.274520452378412e-05,0.9999412154835252
turn,7,102542.903370052,277.97900000000004,imu_link,-1.614304449553654e-05,-5.563996199556267e-06,0.19217994647224745,0.010069749935319285,-0.004020527492978231,-3.274520452378412e-05,0.9999412154835252
turn,7,102542.903370052,277.97900000000004,rf_hip_link,0.19337164002448037,-0.04653294084414908,0.1872370440394192,-0.008595817344554085,-0.0006837291685784707,-0.0001239479623198839,0.9999628138463479
turn,7,102542.903370052,277.97900000000004,rf_upper_leg_link,0.19334684429671473,-0.14201882528731566,0.1888787679133147,-0.007472350419090209,0.4812416556111323,-0.0042505785644571395,0.8765458148127444
turn,7,102542.903370052,277.97900000000004,rf_lower_leg_link,0.01363358077115775,-0.14393765794826308,0.07456139830478586,-0.00738943730863611,-0.5239286639969309,0.004393137282175107,0.8517187632097069
turn,7,102542.903370052,277.97900000000004,rf_foot_link,0.20374559612957877,-0.1456382635199083,-0.02147781013140021,-0.00738943730863611,-0.5239286639969309,0.004393137282175107,0.8517187632097069
turn,7,102542.903370052,277.97900000000004,lf_hip_link,0.19338995627135622,0.04642917243848517,0.1898913157929853,0.03507681904582283,-0.0006884893351655436,-9.39739788003355e-05,0.9993843774629226
turn,7,102542.903370052,277.97900000000004,lf_upper_leg_link,0.1934032815984572,0.1416941675539781,0.19658687611910944,0.030624070260241127,0.4890587888445039,0.017104338226833153,0.871545242077808
turn,7,102542.903370052,277.97900000000004,lf_lower_leg_link,0.011603238321503031,0.14950071800101564,0.08587643381751153,0.030247484031552356,-0.5043392630445916,-0.017761806643556165,0.8627928579248649
turn,7,102542.903370052,277.97900000000004,lf_foot_link,0.19720188062332586,0.15680207544359423,-0.018377267101044592,0.030247484031552356,-0.5043392630445916,-0.017761806643556165,0.8627928579248649
turn,7,102542.903370052,277.97900000000004,rh_hip_link,-0.19342798644378592,-0.04644160487660068,0.18670730660380974,-0.01509478594146897,-0.0006829091409752158,-0.0001283891681597445,0.9998858257764773
turn,7,102542.903370052,277.97900000000004,rh_upper_leg_link,-0.19345447487324072,-0.14189808188873881,0.1895900647959326,-0.013340452548411957,0.4597730444912078,-0.00706409033073891,0.8879081475653259
turn,7,102542.903370052,277.97900000000004,rh_lower_leg_link,-0.3674032552621555,-0.1455604968385388,0.06671855256488456,-0.01267978615164268,-0.5502487017785475,0.008190974883729095,0.8348643585305495
turn,7,102542.903370052,277.97900000000004,rh_foot_link,-0.17166184044058455,-0.14815007766695687,-0.017231388440352685,-0.01267978615164268,-0.5502487017785475,0.008190974883729095,0.8348643585305495
turn,7,102542.903370052,277.97900000000004,lh_hip_link,-0.19340967019691008,0.04652050840603357,0.18936157835737583,0.05085717052269811,-0.0006898877202745491,-8.308794583237607e-05,0.9987056950662452
turn,7,102542.903370052,277.97900000000004,lh_upper_leg_link,-0.19340052231546292,0.14152649479487195,0.19906273636042532,0.044993215894842356,0.4663973470778654,0.023707999085153565,0.8831121423361518
turn,7,102542.903370052,277.97900000000004,lh_lower_leg_link,-0.3693163104535615,0.15374277214797366,0.07959140904134125,0.04291849350812877,-0.5350090927247226,-0.027284823843562653,0.8433141834480715
turn,7,102542.903370052,277.97900000000004,lh_foot_link,-0.1766144522998946,0.16294273011305208,-0.01068790551944196,0.04291849350812877,-0.5350090927247226,-0.027284823843562653,0.8433141834480715
turn,7,102542.903370052,277.97900000000004,d435_link,0.3396388817519454,0.01660536207454277,0.2367561875161192,0.010069749935319285,-0.004020527492978231,-3.274520452378412e-05,0.9999412154835252
turn,7,102542.903370052,277.97900000000004,velodyne_base_link,0.1993340913285988,-0.0016458998045405326,0.2737691207163114,0.010069749935319285,-0.004020527492978231,-3.274520452378412e-05,0.9999412154835252
turn,7,102542.903370052,277.97900000000004,gps_frame,-0.000579029968288397,-0.001415227683371613,0.262163487441536,0.010069749935319285,-0.004020527492978231,-3.274520452378412e-05,0.9999412154835252
turn,8,102542.994484514,278.069,trunk,-1.8836135243141048e-05,-8.936432126321124e-07,0.2054195433002009,-0.0372117904630403,-0.038369757171137615,-9.712152716806663e-05,0.9985704957350642
turn,8,102542.994484514,278.069,imu_link,-1.8836135243141048e-05,-8.936432126321124e-07,0.2054195433002009,-0.0372117904630403,-0.038369757171137615,-9.712152716806663e-05,0.9985704957350642
turn,8,102542.994484514,278.069,rf_hip_link,0.193044302166362,-0.04631665793946721,0.21870097332530417,-0.03163815950047669,-0.027015701786902598,-0.00045149320310382637,0.9991341125566032
turn,8,102542.994484514,278.069,rf_upper_leg_link,0.1927392779303891,-0.14156912747366804,0.2257451313881753,-0.02734404111498685,0.508555349186605,-0.017752567425979585,0.8604118819373534
turn,8,102542.994484514,278.069,rf_lower_leg_link,0.006128916339859959,-0.14774569071684443,0.12323940953053947,-0.02805390612449475,-0.5448319826275422,0.016608087965508812,0.8379112485648045
turn,8,102542.994484514,278.069,rf_foot_link,0.2008052797473459,-0.1539048268388061,0.03702932559212985,-0.02805390612449475,-0.5448319826275422,0.016608087965508812,0.8379112485648045
turn,8,102542.994484514,278.069,lf_hip_link,0.19313400524264487,0.04664438187113513,0.21558959546372686,-0.007714139315519846,-0.028560557167575083,0.00027316337067435697,0.9995622601972682
turn,8,102542.994484514,278.069,lf_upper_leg_link,0.1931239350199034,0.1421330016014863,0.21411534969622434,-0.006838957200631219,0.4697256580340946,-0.0035792775827339276,0.8827786945893238
turn,8,102542.994484514,278.069,lf_lower_leg_link,0.01646672699838797,0.14027734253765634,0.09512884885061643,-0.006543430999214527,-0.524645868712741,0.004094639711237794,0.8512855748096798
turn,8,102542.994484514,278.069,lf_foot_link,0.20673973473850246,0.13881953108535935,-0.0005950108255370901,-0.006543430999214527,-0.524645868712741,0.004094639711237794,0.8512855748096798
turn,8,102542.994484514,278.069,rh_hip_link,-0.19316823936758845,-0.04665379819168295,0.19744392363650026,-0.02815179666461716,-0.02856017123896713,-0.00031090633682427773,0.9991955245599355
turn,8,102542.994484514,278.069,rh_upper_leg_link,-0.19338114255115246,-0.1420024077109074,0.20281489514870135,-0.024490504077273795,0.4582191310175878,-0.013886523259522625,0.8883932730785902
turn,8,102542.994484514,278.069,rh_lower_leg_link,-0.3669415860899396,-0.1485603064330441,0.0795153963542225,-0.02403672192940411,-0.5538332139274381,0.014657977933014193,0.832151519155381
turn,8,102542.994484514,278.069,rh_foot_link,-0.17045953158095117,-0.1536229414000038,-0.0025709726915467135,-0.02403672192940411,-0.5538332139274381,0.014657977933014193,0.832151519155381
turn,8,102542.994484514,278.069,lh_hip_link,-0.19303490731535586,0.04626271554795021,0.19350645020339485,-0.0029668771856616026,-0.02855893774591056,0.00040880163234445987,0.9995876237708308
turn,8,102542.994484514,278.069,lh_upper_leg_link,-0.19309677263391772,0.14176100237745945,0.19293778043002172,-0.0027525858510416296,0.4911386830375811,-0.001180148355950319,0.8710762449665936
turn,8,102542.994484514,278.069,lh_lower_leg_link,-0.3753491526232551,0.14098649363578086,0.08269953786224807,-0.0022523845402616515,-0.5738759009961064,0.001973890293860607,0.8189367990125354
turn,8,102542.994484514,278.069,lh_foot_link,-0.17514085085923145,0.1406832700245227,0.009997791251817517,-0.0022523845402616515,-0.5738759009961064,0.001973890293860607,0.8189367990125354
turn,8,102542.994484514,278.069,d435_link,0.3358535657320676,0.02144007447075449,0.27143859017471755,-0.0372117904630403,-0.038369757171137615,-9.712152716806663e-05,0.9985704957350642
turn,8,102542.994484514,278.069,velodyne_base_link,0.19326245784577992,0.006477407838448071,0.3002898390040411,-0.0372117904630403,-0.038369757171137615,-9.712152716806663e-05,0.9985704957350642
turn,8,102542.994484514,278.069,gps_frame,-0.005382417207560932,0.005201831517886712,0.2750195695141237,-0.0372117904630403,-0.038369757171137615,-9.712152716806663e-05,0.9985704957350642
turn,9,102543.102830041,278.17400000000004,trunk,-1.4171320833333452e-05,-4.8056475318451e-06,0.18193090106751736,-0.04368139140820778,-0.034222310492495606,0.001548767132723354,0.9984579965274287
turn,9,102543.102830041,278.17400000000004,imu_link,-1.4171320833333452e-05,-4.8056475318451e-06,0.18193090106751736,-0.04368139140820778,-0.034222310492495606,0.001548767132723354,0.9984579965274287
turn,9,102543.102830041,278.17400000000004,rf_hip_link,0.1928555084934622,-0.04522388760083002,0.2052946912928934,-0.015240582433931098,-0.03634632511476895,0.0023302065515999944,0.9992203157638224
turn,9,102543.102830041,278.17400000000004,rf_upper_leg_link,0.1931944285508429,-0.14067848590466978,0.20821954955395394,-0.014358462226754387,0.4689793660091115,-0.0056160286663652645,0.883074543310016
turn,9,102543.102830041,278.17400000000004,rf_lower_leg_link,0.016734843950637523,-0.14495799283236566,0.08900251711655954,-0.011593054310365638,-0.5682399162291891,0.010163971037713637,0.8227184769946191
turn,9,102543.102830041,278.17400000000004,rf_foot_link,0.21594066997480135,-0.14656070960063883,0.013613723672233374,-0.011593054310365638,-0.5682399162291891,0.010163971037713637,0.8227184769946191
turn,9,102543.102830041,278.17400000000004,lf_hip_link,0.19288860302097768,0.04744702024120578,0.1974779308075546,-0.03998037636941328,-0.036392883524438806,0.0014294197068162422,0.998536471188428
turn,9,102543.102830041,278.17400000000004,lf_upper_leg_link,0.19289388865385915,0.14264132975775612,0.1898429188410096,-0.03589479942836038,0.44057469999522303,-0.01766457215264367,0.8968240964585982
turn,9,102543.102830041,278.17400000000004,lf_lower_leg_link,0.0243035053342792,0.13224319906778,0.060080977077211745,-0.031708932196437334,-0.6097941789038949,0.0243929775611735,0.7915494840119514
turn,9,102543.102830041,278.17400000000004,lf_foot_link,0.23025565182519672,0.12788756496640205,0.005916950201816207,-0.031708932196437334,-0.6097941789038949,0.0243929775611735,0.7915494840119514
turn,9,102543.102830041,278.17400000000004,rh_hip_link,-0.19291832254659522,-0.047453657230417744,0.1772265703711755,-0.07533840696250796,-0.036420679668820406,0.0001389402129522736,0.9964926689265857
turn,9,102543.102830041,278.17400000000004,rh_upper_leg_link,-0.1934159583554701,-0.14186956131062378,0.19156670340120907,-0.06643518142988841,0.439463246830539,-0.03552832020246733,0.8950956149021899
turn,9,102543.102830041,278.17400000000004,rh_lower_leg_link,-0.3619935114185961,-0.16055070442381436,0.06271941590460166,-0.0622706364696026,-0.5895186311051402,0.04240592767175178,0.8042337276637248
turn,9,102543.102830041,278.17400000000004,rh_foot_link,-0.1588974106192485,-0.17123523669103682,-0.0005799885975886487,-0.0622706364696026,-0.5895186311051402,0.04240592767175178,0.8042337276637248
turn,9,102543.102830041,278.17400000000004,lh_hip_link,-0.19288522801907973,0.045217250611618055,0.1694098098858367,-0.06173305749185773,-0.036415392400274006,0.0006359310148669922,0.9974279645171301
turn,9,102543.102830041,278.17400000000004,lh_upper_leg_link,-0.19257700403531333,0.13998927802566824,0.15764469969483774,-0.05309215010848302,0.48669655923912164,-0.031505529552873564,0.8713868741433116
turn,9,102543.102830041,278.17400000000004,lh_lower_leg_link,-0.3739565958543087,0.12681302565074395,0.0467536268128112,-0.04942047137156122,-0.6188974109929435,0.03699988925606911,0.7830419017336703
turn,9,102543.102830041,278.17400000000004,lh_foot_link,-0.16672840269554084,0.12008258169312834,-0.0020334317610132824,-0.04942047137156122,-0.6188974109929435,0.03699988925606911,0.7830419017336703
turn,9,102543.102830041,278.17400000000004,d435_link,0.33634431487974437,0.02311194863583006,0.24483626198579295,-0.04368139140820778,-0.034222310492495606,0.001548767132723354,0.9984579965274287
turn,9,102543.102830041,278.17400000000004,velodyne_base_link,0.19403845189326396,0.00818146232544879,0.2750789790960099,-0.04368139140820778,-0.034222310492495606,0.001548767132723354,0.9984579965274287
turn,9,102543.102830041,278.17400000000004,gps_frame,-0.004807378183221534,0.006093738855046369,0.2514998087988051,-0.04368139140820778,-0.034222310492495606,0.001548767132723354,0.9984579965274287
turn,10,102543.197494069,278.269,trunk,-1.96077576828106e-05,4.9778098300320825e-06,0.20579103347302208,-0.007005879775161997,0.0036315456471245895,0.001354558069329477,0.9999679468349101
turn,10,102543.197494069,278.269,imu_link,-1.96077576828106e-05,4.9778098300320825e-06,0.20579103347302208,-0.007005879775161997,0.0036315456471245895,0.001354558069329477,0.9999679468349101
turn,10,102543.197494069,278.269,rf_hip_link,0.19346598149255181,-0.045745137353474546,0.20157264354148915,-0.01976487392213563,-0.011712369525881587,0.0016498372668189865,0.999734688902973
turn,10,102543.197494069,278.269,rf_upper_leg_link,0.19373680154612982,-0.14117000326247905,0.2053504236763157,-0.018118158425538548,0.4710069666425777,-0.00806873840398786,0.881906494572975
turn,10,102543.197494069,278.269,rf_lower_leg_link,0.01672089649301883,-0.1463578694256421,0.0869973273801007,-0.016083525878318114,-0.5255678443274456,0.01160570547129184,0.850520469362635
turn,10,102543.197494069,278.269,rf_foot_link,0.20722505924234016,-0.14958685671636418,-0.008222090892941042,-0.016083525878318114,-0.5255678443274456,0.01160570547129184,0.850520469362635
turn,10,102543.197494069,278.269,lf_hip_link,0.19318437081009426,0.04720865283633295,0.19865483875487697,-0.03714610965997908,-0.011739287399897458,0.0014459233245207384,0.9992398435682052
turn,10,102543.197494069,278.269,lf_upper_leg_link,0.19299169854024611,0.14244470532232087,0.19156208299406047,-0.032645523447340556,0.5016609459908837,-0.01778184343595237,0.8642652203521788
turn,10,102543.197494069,278.269,lf_lower_leg_link,0.008044392547949844,0.13422548938882548,0.08622482227578215,-0.03070389493964874,-0.5407398852464934,0.020956979569265136,0.8403680457671374
turn,10,102543.197494069,278.269,lf_foot_link,0.2019016486805346,0.1280611426706633,-0.0018113354906933166,-0.03070389493964874,-0.5407398852464934,0.020956979569265136,0.8403680457671374
turn,10,102543.197494069,278.269,rh_hip_link,-0.19322579065837503,-0.04720019621981093,0.19253958456508438,0.011315562037031154,-0.011655436083875348,0.0020130505737514185,0.9998660192710163
turn,10,102543.197494069,278.269,rh_upper_leg_link,-0.1928161589416709,-0.14267496620529713,0.1903830832144748,0.008421552828751214,0.5317783423479001,0.007821238059216326,0.8468055858890476
turn,10,102543.197494069,278.269,rh_lower_leg_link,-0.3846775012123173,-0.14140878644135174,0.09788107171790644,0.010802140218769853,-0.5108931823201569,-0.0039253131748201095,0.8595673690537331
turn,10,102543.197494069,278.269,rh_foot_link,-0.19758276979139852,-0.13830761229872626,-0.003878174512946725,0.010802140218769853,-0.5108931823201569,-0.0039253131748201095,0.8595673690537331
turn,10,102543.197494069,278.269,lh_hip_link,-0.19350740134083258,0.045753593969996564,0.1896217797784722,-0.02914387222920137,-0.011727333365666382,0.0015398750106136222,0.9995052441826258
turn,10,102543.197494069,278.269,lh_upper_leg_link,-0.19373609199030206,0.1410909122978165,0.18405460503298718,-0.026168457182173567,0.47895443629835666,-0.012920849517933269,0.8773544958832564
turn,10,102543.197494069,278.269,lh_lower_leg_link,-0.3728907952874677,0.13394667275371072,0.06906959675868635,-0.024389278179811805,-0.5142163048783159,0.016028088264920522,0.8571638439025123
turn,10,102543.197494069,278.269,lh_foot_link,-0.18495725810363073,0.12855193522767314,-0.03103476083176329,-0.024389278179811805,-0.5142163048783159,0.016028088264920522,0.8571638439025123
turn,10,102543.197494069,278.269,d435_link,0.3402224991145805,0.018988842665840514,0.244565014262361,-0.007005879775161997,0.0036315456471245895,0.001354558069329477,0.9999679468349101
turn,10,102543.197494069,278.269,velodyne_base_link,0.20055389336155469,0.0016582986981719732,0.2843247025507584,-0.007005879775161997,0.0036315456471245895,0.001354558069329477,0.9999679468349101
turn,10,102543.197494069,278.269,gps_frame,0.00048746375462262187,0.0009864582193902297,0.2757823156064925,-0.007005879775161997,0.0036315456471245895,0.001354558069329477,0.9999679468349101
turn,11,102543.299282969,278.36400000000003,trunk,-1.4344091105414659e-05,-2.980368803637121e-06,0.20428794781321566,0.03575043139883962,-0.01942131074628042,0.000936870158417835,0.999171577667219
turn,11,102543.299282969,278.36400000000003,imu_link,-1.4344091105414659e-05,-2.980368803637121e-06,0.20428794781321566,0.03575043139883962,-0.01942131074628042,0.000936870158417835,0.999171577667219
turn,11,102543.299282969,278.36400000000003,rf_hip_link,0.19342289738600982,-0.046225401700975235,0.21072311624522916,-0.013410182244532552,0.007422380377302223,0.0008062562618379585,0.9998822056785206
turn,11,102543.299282969,278.36400000000003,rf_upper_leg_link,0.19359588546773837,-0.14169092944090994,0.2132830163329956,-0.01197412176507447,0.5124235140537142,-0.006091259717537806,0.8586277768671658
turn,11,102543.299282969,278.36400000000003,rf_lower_leg_link,0.006132881394482415,-0.14474109320743492,0.11220226344290372,-0.010970541117849562,-0.5207851552300271,0.007754370675490126,0.8535820634567277
turn,11,102543.299282969,278.36400000000003,rf_foot_link,0.195540122582561,-0.14700992489860606,0.01479205151274629,-0.010970541117849562,-0.5207851552300271,0.007754370675490126,0.8535820634567277
turn,11,102543.299282969,278.36400000000003,lf_hip_link,0.19330651335758262,0.046769011510878075,0.21173581864031407,0.008108236942275018,0.007438010731591302,0.0006463559250495431,0.999939255512085
turn,11,102543.299282969,278.36400000000003,lf_upper_leg_link,0.1931945859233447,0.14225637470595995,0.21328531607496534,0.006515918342820177,0.5392743207664635,0.0048686846728474365,0.8420908773283174
turn,11,102543.299282969,278.36400000000003,lf_lower_leg_link,-0.0002731904713192353,0.1434753476236538,0.12419135667293721,0.007222804735706517,-0.52264313005532,-0.003740638186696951,0.8525127549331353
turn,11,102543.299282969,278.36400000000003,lf_foot_link,0.1895468513147879,0.1452656187211117,0.027577969061705232,0.007222804735706517,-0.52264313005532,-0.003740638186696951,0.8525127549331353
turn,11,102543.299282969,278.36400000000003,rh_hip_link,-0.1933339807732722,-0.04677204743214061,0.21647275753237807,0.0027839129204972825,0.007434463751494848,0.0006859506927055077,0.9999682535206935
turn,11,102543.299282969,278.36400000000003,rh_upper_leg_link,-0.19320692145812232,-0.1422704772785358,0.21594007300700296,0.001998057364640981,0.535934762004076,0.002056323483632577,0.8442545292600643
turn,11,102543.299282969,278.36400000000003,rh_lower_leg_link,-0.3859589109333924,-0.14202134662401117,0.1253000791453397,0.002713452287331623,-0.533801500690936,-0.0009262160580068019,0.8456049533680623
turn,11,102543.299282969,278.36400000000003,rh_foot_link,-0.19366774803142697,-0.14125450693224187,0.033689377659667535,0.002713452287331623,-0.533801500690936,-0.0009262160580068019,0.8456049533680623
turn,11,102543.299282969,278.36400000000003,lh_hip_link,-0.19345036480169941,0.0462223657797127,0.217485459927463,0.04095805198789087,0.007455231665040703,0.00040162226742107256,0.9991329722302893
turn,11,102543.299282969,278.36400000000003,lh_upper_leg_link,-0.1934686859578754,0.1414019206250028,0.22530223699909868,0.0353320053982741,0.5034451010040434,0.020721310712037207,0.8630557959668309
turn,11,102543.299282969,278.36400000000003,lh_lower_leg_link,-0.37887808787540794,0.1499480981877261,0.12080670345986408,0.03535250815276971,-0.506632673874385,-0.020686311667303343,0.86118848717328
turn,11,102543.299282969,278.36400000000003,lh_foot_link,-0.1927000962749103,0.15845310793838283,0.017683378005598965,0.03535250815276971,-0.506632673874385,-0.020686311667303343,0.86118848717328
turn,11,102543.299282969,278.36400000000003,d435_link,0.33806365374488956,0.014650323979770098,0.26011847755163975,0.03575043139883962,-0.01942131074628042,0.000936870158417835,0.999171577667219
turn,11,102543.299282969,278.36400000000003,velodyne_base_link,0.1967349533843519,-0.00562451248043159,0.29179858899262834,0.03575043139883962,-0.01942131074628042,0.000936870158417835,0.999171577667219
turn,11,102543.299282969,278.36400000000003,gps_frame,-0.00272638603720116,-0.005006441795338931,0.2740562085213327,0.03575043139883962,-0.01942131074628042,0.000936870158417835,0.999171577667219
turn,12,102543.399232022,278.464,trunk,-1.994947542784062e-05,-4.333213358840345e-06,0.18816791054449294,0.020197590319341575,0.0018942487293017952,0.000157639040485761,0.9997942009818703
turn,12,102543.399232022,278.464,imu_link,-1.994947542784062e-05,-4.333213358840345e-06,0.18816791054449294,0.020197590319341575,0.0018942487293017952,0.000157639040485761,0.9997942009818703
turn,12,102543.399232022,278.464,rf_hip_link,0.19336289259849804,-0.04642697929685631,0.1834669809942672,-0.004430990031195541,0.00533489863882865,0.00013002535931118153,0.9999759438492822
turn,12,102543.399232022,278.464,rf_upper_leg_link,0.19339224187128878,-0.14192322603621949,0.18431314723967235,-0.003970574302954424,0.4754230984357928,-0.0019710705099859438,0.879746115020953
turn,12,102543.399232022,278.464,rf_lower_leg_link,0.015213716119304267,-0.14301208411012947,0.06760741752195744,-0.00360274946587245,-0.5541120504629923,0.0025827844541839004,0.8324302883439836
turn,12,102543.399232022,278.464,rf_foot_link,0.21171429268188788,-0.14368000345534696,-0.014587943018163962,-0.00360274946587245,-0.5541120504629923,0.0025827844541839004,0.8324302883439836
turn,12,102543.399232022,278.464,lf_hip_link,0.19338166576864496,0.04650284259729094,0.1870791618161754,0.04559140444111048,0.005334724635491259,-0.00013697862651676447,0.9989459173503871
turn,12,102543.399232022,278.464,lf_upper_leg_link,0.19345425566782384,0.1416058309671781,0.19577780158476307,0.03964098291162505,0.5006857038863842,0.022520821385049017,0.8644276898629167
turn,12,102543.399232022,278.464,lf_lower_leg_link,0.00869833944620043,0.15139995861649344,0.09023953134738695,0.039091294262396874,-0.5069118214029366,-0.02346200406929739,0.8607913861092595
turn,12,102543.399232022,278.464,lf_foot_link,0.19497215996709244,0.16066813481512104,-0.012644698243458291,0.039091294262396874,-0.5069118214029366,-0.02346200406929739,0.8607913861092595
turn,12,102543.399232022,278.464,rh_hip_link,-0.19341507678195974,-0.046509277455422576,0.18759440500239705,-0.010099512302600276,0.005334075842361941,0.00016026536921782318,0.9999347587723756
turn,12,102543.399232022,278.464,rh_upper_leg_link,-0.1933741786246806,-0.1419897905211785,0.18952312272170058,-0.009020800914710584,0.4687076123305423,-0.004544335440534907,0.8832956177348912
turn,12,102543.399232022,278.464,rh_lower_leg_link,-0.36975878574243326,-0.14447680804402674,0.07014437622234611,-0.008228467707341577,-0.5625423944860917,0.005858169759249191,0.8267067367404933
turn,12,102543.399232022,278.464,rh_foot_link,-0.17162371878304963,-0.1459708159631604,-0.008017399482522503,-0.008228467707341577,-0.5625423944860917,0.005858169759249191,0.8267067367404933
turn,12,102543.399232022,278.464,lh_hip_link,-0.19339630361181281,0.046420544438724676,0.19120658582430525,0.06426411361110028,0.005331230210550864,-0.00023671612270727036,0.9979186568311562
turn,12,102543.399232022,278.464,lh_upper_leg_link,-0.19328574703995324,0.14113172736317078,0.2034552431505813,0.0571393103029506,0.46470535051658096,0.029411418715292827,0.883130230978715
turn,12,102543.399232022,278.464,lh_lower_leg_link,-0.3688300769123223,0.1568058898534082,0.08384124363593187,0.0538489658725304,-0.5370855958433166,-0.03507450936509605,0.8410761739610072
turn,12,102543.399232022,278.464,lh_foot_link,-0.17558854304603688,0.16807489700312286,-0.005039120150817922,0.0538489658725304,-0.5370855958433166,-0.03507450936509605,0.8410761739610072
turn,12,102543.399232022,278.464,d435_link,0.3401308710628152,0.015938546497028683,0.22905487513835956,0.020197590319341575,0.0018942487293017952,0.000157639040485761,0.9997942009818703
turn,12,102543.399232022,278.464,velodyne_base_link,0.20028213216501098,-0.00315688848083479,0.26734579562481386,0.020197590319341575,0.0018942487293017952,0.000157639040485761,0.9997942009818703
turn,12,102543.399232022,278.464,gps_frame,0.00024563651986653825,-0.0028313721228134807,0.25811029622787907,0.020197590319341575,0.0018942487293017952,0.000157639040485761,0.9997942009818703
turn,13,102543.503699131,278.569,trunk,-1.976552578377076e-05,-2.7835402079419773e-06,0.20402630136530958,-0.03051125950994186,-0.03740633254769632,-4.310589869894938e-05,0.9988342342302499
turn,13,102543.503699131,278.569,imu_link,-1.976552578377076e-05,-2.7835402079419773e-06,0.20402630136530958,-0.03051125950994186,-0.03740633254769632,-4.310589869894938e-05,0.9988342342302499
turn,13,102543.503699131,278.569,rf_hip_link,0.192957695026245,-0.0462888115260517,0.21777844528457677,-0.028809660587621327,-0.031163371398299264,-0.00040357296373666555,0.9990989364766538
turn,13,102543.503699131,278.569,rf_upper_leg_link,0.1927092010711673,-0.14163025107791832,0.22327373007538218,-0.024151238767700946,0.5066979269313717,-0.01571232256213256,0.8616420668869059
turn,13,102543.503699131,278.569,rf_lower_leg_link,0.006559247881608575,-0.1471036362585113,0.1198946365303625,-0.024816982529788777,-0.5462139451363665,0.014638196351571446,0.8371500264135787
turn,13,102543.503699131,278.569,rf_foot_link,0.20150804932220703,-0.152547895214727,0.034253963592255715,-0.024816982529788777,-0.5462139451363665,0.014638196351571446,0.8371500264135787
turn,13,102543.503699131,278.569,lf_hip_link,0.19305714592129353,0.04666047091381155,0.21470907997005378,-0.002035732781353533,-0.03116299905208005,0.00043136773807762283,0.9995121496029938
turn,13,102543.503699131,278.569,lf_upper_leg_link,0.1929869118298173,0.14215964382916976,0.21431787713915612,-0.0019837336714505307,0.4657563364729333,-0.0006285593076910037,0.8849105631357495
turn,13,102543.503699131,278.569,lf_lower_leg_link,0.017409329604138504,0.1415365458128087,0.09373129260900633,-0.0015410505227977135,-0.5305545471938854,0.0013983738301028416,0.8476482420000697
turn,13,102543.503699131,278.569,lf_foot_link,0.20899251366429103,0.14129613050943243,0.0006462466249408105,-0.0015410505227977135,-0.5305545471938854,0.0013983738301028416,0.8476482420000697
turn,13,102543.503699131,278.569,rh_hip_link,-0.19309089291404297,-0.04667143163674975,0.19368318950339553,-0.02231083083666492,-0.03116533710943134,-0.0002008753367079989,0.999265184142494
turn,13,102543.503699131,278.569,rh_upper_leg_link,-0.19326203890230031,-0.14207634925375678,0.19794023114552176,-0.019476618131556885,0.45227010496387515,-0.010884616193540551,0.8916018946998947
turn,13,102543.503699131,278.569,rh_lower_leg_link,-0.3651346689366995,-0.14737689818291871,0.07223938299361748,-0.019029406158993557,-0.5557954733502244,0.011648829329989943,0.8310196016219334
turn,13,102543.503699131,278.569,rh_foot_link,-0.16828066399421393,-0.15135550086424482,-0.009011287519357508,-0.019029406158993557,-0.5557954733502244,0.011648829329989943,0.8310196016219334
turn,13,102543.503699131,278.569,lh_hip_link,-0.19299144201899443,0.0462778508031135,0.19061382418887254,0.003862728399511046,-0.031159910782994224,0.0006152625790963032,0.9995067587271566
turn,13,102543.503699131,278.569,lh_upper_leg_link,-0.19313188840228918,0.14177492865233612,0.19134757964740742,0.0029938186207397327,0.4881795669454205,0.0025171946281003902,0.8727344448331646
turn,13,102543.503699131,278.569,lh_lower_leg_link,-0.37463287729014144,0.14236449801857115,0.07987541522644508,0.0035564599356843678,-0.5797586353912397,-0.0016281312771080018,0.8147788813356406
turn,13,102543.503699131,278.569,lh_foot_link,-0.17339862122909536,0.14319681906804627,0.010067955530307426,0.0035564599356843678,-0.5797586353912397,-0.0016281312771080018,0.8147788813356406
turn,13,102543.503699131,278.569,d435_link,0.3359692101778043,0.02074106564428428,0.269673852170079,-0.03051125950994186,-0.03740633254769632,-4.310589869894938e-05,0.9988342342302499
turn,13,102543.503699131,278.569,velodyne_base_link,0.1934427145954407,0.005312888402591281,0.29859909035422205,-0.03051125950994186,-0.03740633254769632,-4.310589869894938e-05,0.9988342342302499
turn,13,102543.503699131,278.569,gps_frame,-0.00525036296923679,0.0042640388744153174,0.2737000774712923,-0.03051125950994186,-0.03740633254769632,-4.310589869894938e-05,0.9988342342302499
turn,14,102543.59603019,278.66400000000004,trunk,-1.5069146177874236e-05,-3.5532993335939314e-06,0.18936736226156023,-0.05041187980910267,-0.045368223945683295,0.001425452031541727,0.9976965143352124
turn,14,102543.59603019,278.66400000000004,imu_link,-1.5069146177874236e-05,-3.5532993335939314e-06,0.18936736226156023,-0.05041187980910267,-0.045368223945683295,0.001425452031541727,0.9976965143352124
turn,14,102543.59603019,278.66400000000004,rf_hip_link,0.19250006412356815,-0.044913238987778784,0.21357640076373827,-0.024286441275086588,-0.04499590088753544,0.002404244756913107,0.9986890193051388
turn,14,102543.59603019,278.66400000000004,rf_upper_leg_link,0.19274994990754807,-0.14029947716785082,0.2182296923889782,-0.02208519156099316,0.47331289696254925,-0.010385371267971613,0.8805562389457359
turn,14,102543.59603019,278.66400000000004,rf_lower_leg_link,0.015104547314451685,-0.1464899911899066,0.10087216824297639,-0.019121100355007636,-0.5783295791405711,0.015165590785495314,0.8154380946880214
turn,14,102543.59603019,278.66400000000004,rf_foot_link,0.21612625924962378,-0.14939589221362073,0.030510054361335054,-0.019121100355007636,-0.5783295791405711,0.015165590785495314,0.8154380946880214
turn,14,102543.59603019,278.66400000000004,lf_hip_link,0.1926974296236096,0.04761097260987653,0.204183248199679,-0.049813093880172916,-0.0450426629336965,0.0012529985528560383,0.9977415718454118
turn,14,102543.59603019,278.66400000000004,lf_upper_leg_link,0.192887196843081,0.1426367359733645,0.19467965490088876,-0.044281293661672536,0.44017141892866135,-0.022849099740188866,0.8965300929868671
turn,14,102543.59603019,278.66400000000004,lf_lower_leg_link,0.024345106026189264,0.13000924752186072,0.06505284379115822,-0.04033431179275414,-0.6024727635722765,0.029258462356953646,0.7965824846343882
turn,14,102543.59603019,278.66400000000004,lf_foot_link,0.22929343801861227,0.123831318999557,0.00737256628925223,-0.04033431179275414,-0.6024727635722765,0.029258462356953646,0.7965824846343882
turn,14,102543.59603019,278.66400000000004,rh_hip_link,-0.19272920954812975,-0.047616106987184874,0.1788583764686579,-0.08269173328863692,-0.04505948409901272,-0.0002332000490467691,0.9955559581239966
turn,14,102543.59603019,278.66400000000004,rh_upper_leg_link,-0.19348522776117472,-0.14181005335410535,0.1945803007874953,-0.07265335812806545,0.43331516157013994,-0.03949008342934983,0.8974408022911047
turn,14,102543.59603019,278.66400000000004,rh_lower_leg_link,-0.3603680837573729,-0.1622965791437758,0.0638155706970717,-0.068955417684218,-0.5893329846254007,0.045641291705395194,0.8036470967383478
turn,14,102543.59603019,278.66400000000004,rh_foot_link,-0.15726706431412832,-0.1744452056357854,0.0007966308815495482,-0.068955417684218,-0.5893329846254007,0.045641291705395194,0.8036470967383478
turn,14,102543.59603019,278.66400000000004,lh_hip_link,-0.1925318440480883,0.04490810461047044,0.16946522390459864,-0.06973077588017292,-0.045058703854670645,0.00035312387223972565,0.9965476443229481
turn,14,102543.59603019,278.66400000000004,lh_upper_leg_link,-0.19199893998725914,0.13947936600241828,0.15618958712146008,-0.059518094061006006,0.4852055091416144,-0.036333211813233526,0.8716152293858264
turn,14,102543.59603019,278.66400000000004,lh_lower_leg_link,-0.37308088771581566,0.12488980206457193,0.04498943950044407,-0.05573053375216041,-0.6310786928841929,0.041911972144237725,0.7725782663175675
turn,14,102543.59603019,278.66400000000004,lh_foot_link,-0.1643862741662112,0.11781545583418138,0.002971444536455814,-0.05573053375216041,-0.6310786928841929,0.041911972144237725,0.7725782663175675
turn,14,102543.59603019,278.66400000000004,d435_link,0.3348513411347477,0.024098909113205853,0.25945344198656,-0.05041187980910267,-0.045368223945683295,0.001425452031541727,0.9976965143352124
turn,14,102543.59603019,278.66400000000004,velodyne_base_link,0.19190711521344214,0.00951712693737765,0.28670816459266046,-0.05041187980910267,-0.045368223945683295,0.001425452031541727,0.9976965143352124
turn,14,102543.59603019,278.66400000000004,gps_frame,-0.006362050151392413,0.007028798816215531,0.258723413589778,-0.05041187980910267,-0.045368223945683295,0.001425452031541727,0.9976965143352124
turn,15,102543.702129231,278.769,trunk,-1.9199881056309253e-05,1.1464092938701528e-06,0.20432432373480278,-0.009705613544675036,-0.0008087807585055205,0.002425713692007797,0.9999496301576847
turn,15,102543.702129231,278.769,imu_link,-1.9199881056309253e-05,1.1464092938701528e-06,0.20432432373480278,-0.009705613544675036,-0.0008087807585055205,0.002425713692007797,0.9999496301576847
turn,15,102543.702129231,278.769,rf_hip_link,0.19353740990105886,-0.045296471454349785,0.20668470108479564,-0.025569702118033794,-0.014430191694151018,0.0026766383109343337,0.9995653032736869
turn,15,102543.702129231,278.769,rf_upper_leg_link,0.19397795122570133,-0.14067022540907081,0.21157376847292086,-0.02368852797968351,0.4695934202671718,-0.009991381346355207,0.8825083827266044
turn,15,102543.702129231,278.769,rf_lower_leg_link,0.017334149750089206,-0.14757714981682843,0.09275347645396449,-0.020406406699237545,-0.5344028210550567,0.01563817843221698,0.844838831250875
turn,15,102543.702129231,278.769,rf_foot_link,0.20980238698311596,-0.15136132405402064,0.001590667799590939,-0.020406406699237545,-0.5344028210550567,0.01563817843221698,0.844838831250875
turn,15,102543.702129231,278.769,lf_hip_link,0.19305628999594043,0.04765508206397333,0.20372206338044854,-0.03804149414305117,-0.014462470364603144,0.0024963525252820534,0.9991683791525764
turn,15,102543.702129231,278.769,lf_upper_leg_link,0.1926849664137017,0.1428774851369332,0.19645528474008514,-0.03395763958799077,0.4990304122791063,-0.017328178386039336,0.8657454941078117
turn,15,102543.702129231,278.769,lf_lower_leg_link,0.008388098830668406,0.13403739493105457,0.09003387052173406,-0.0308803744822049,-0.5439155854740011,0.02235597290222609,0.8382734928565428
turn,15,102543.702129231,278.769,lf_foot_link,0.20291690005869123,0.12818993264638326,0.0034697169845004927,-0.0308803744822049,-0.5439155854740011,0.02235597290222609,0.8382734928565428
turn,15,102543.702129231,278.769,rh_hip_link,-0.19309596066233858,-0.047651658351981555,0.1955793032322263,0.012430109595696695,-0.014318063967599716,0.0032230217494191643,0.999815031668589
turn,15,102543.702129231,278.769,rh_upper_leg_link,-0.1924464841292537,-0.14312016331267374,0.193214405601616,0.008726391333672352,0.5274132993326612,0.00942048767579833,0.8495118105084111
turn,15,102543.702129231,278.769,rh_lower_leg_link,-0.38334817447025266,-0.1420787287744297,0.09874504528277013,0.012341703184392835,-0.5208064854465319,-0.003546527353145309,0.8535781799126974
turn,15,102543.702129231,278.769,rh_foot_link,-0.19395163224623488,-0.13837783073003418,0.0013579149869714091,0.012341703184392835,-0.5208064854465319,-0.003546527353145309,0.8535781799126974
turn,15,102543.702129231,278.769,lh_hip_link,-0.193577080567457,0.04529989516634156,0.1926166655278792,-0.026804179512259704,-0.014433486427578465,0.002658814495675595,0.9995329615053709
turn,15,102543.702129231,278.769,lh_upper_leg_link,-0.19401078330591787,0.1406613182995766,0.18749212848159366,-0.024701105473044875,0.4745400604297565,-0.010741914273413759,0.8798216851802843
turn,15,102543.702129231,278.769,lh_lower_leg_link,-0.37198334772311087,0.13357476587224582,0.0706822526599716,-0.02164227327979248,-0.525264378742269,0.016035751966485337,0.8505126683892783
turn,15,102543.702129231,278.769,lh_foot_link,-0.18152255680201326,0.12932157407522524,-0.024583677667967263,-0.02164227327979248,-0.525264378742269,0.016035751966485337,0.8505126683892783
turn,15,102543.702129231,278.769,d435_link,0.33982265367711595,0.01995774604769478,0.2460106368485616,-0.009705613544675036,-0.0008087807585055205,0.002425713692007797,0.9999496301576847
turn,15,102543.702129231,278.769,velodyne_base_link,0.19984501954404957,0.0025270289469869265,0.2846232260373804,-0.009705613544675036,-0.0008087807585055205,0.002425713692007797,0.9999496301576847
turn,15,102543.702129231,278.769,gps_frame,-0.00013571950945783542,0.0013595892018386769,0.2743110443063196,-0.009705613544675036,-0.0008087807585055205,0.002425713692007797,0.9999496301576847
turn,16,102543.79798519,278.86400000000003,trunk,-1.309188516278056e-05,-4.867476602056072e-06,0.1991369702149893,0.0224429820784872,-0.01463155897832463,0.0009160003105052399,0.999640630917291
turn,16,102543.79798519,278.86400000000003,imu_link,-1.309188516278056e-05,-4.867476602056072e-06,0.1991369702149893,0.0224429820784872,-0.01463155897832463,0.0009160003105052399,0.999640630917291
turn,16,102543.79798519,278.86400000000003,rf_hip_link,0.19345913492928496,-0.04617315006941462,0.20496908391296442,-0.01614667443330255,0.0030865247648523605,0.0009084474836633649,0.9998644573104848
turn,16,102543.79798519,278.86400000000003,rf_upper_leg_link,0.19364214376828942,-0.1416231958583463,0.20805214516044215,-0.014427949703801323,0.5037544381104762,-0.007305794921171794,0.8636955052053431
turn,16,102543.79798519,278.86400000000003,rf_lower_leg_link,0.008248711001629138,-0.14536391408157992,0.10324621921076997,-0.013112109685354647,-0.5362089545377263,0.009466411763961527,0.8439303387729776
turn,16,102543.79798519,278.86400000000003,rf_foot_link,0.20107638807725361,-0.14791554008977875,0.012802998578524849,-0.013112109685354647,-0.5362089545377263,0.009466411763961527,0.8439303387729776
turn,16,102543.79798519,278.86400000000003,lf_hip_link,0.19330511519098684,0.04682225311220117,0.20588082127039461,0.002475345760165983,0.0031029064391814997,0.0008508134838536622,0.9999917603417605
turn,16,102543.79798519,278.86400000000003,lf_upper_leg_link,0.19314407818092252,0.14232094452913976,0.2063541126539255,0.0016464080899348124,0.5333540432505435,0.002034836754650385,0.8458880619373232
turn,16,102543.79798519,278.86400000000003,lf_lower_leg_link,0.0009494205518630927,0.14245189204628744,0.11453801149733982,0.002548732226100055,-0.5292054420137019,-0.0005959733687992795,0.8484896869867457
turn,16,102543.79798519,278.86400000000003,lf_foot_link,0.19223487093021374,0.14323879100688205,0.020845657147705893,0.002548732226100055,-0.5292054420137019,-0.0005959733687992795,0.8484896869867457
turn,16,102543.79798519,278.86400000000003,rh_hip_link,-0.1933328568316269,-0.046837275798077296,0.20736784330964955,0.0067409578780085605,0.0031065074982771492,0.0008375697688963368,0.999972103398356
turn,16,102543.79798519,278.86400000000003,rh_upper_leg_link,-0.19317688516826254,-0.1423284626691572,0.20607985930636233,0.005272599711641319,0.5325809308866238,0.004282724426303263,0.8463518240186562
turn,16,102543.79798519,278.86400000000003,rh_lower_leg_link,-0.38520636353028237,-0.14139911085796564,0.11392338506162143,0.00613384642761287,-0.5350833550932288,-0.0029185551619449633,0.8447719580253258
turn,16,102543.79798519,278.86400000000003,rh_foot_link,-0.19263676310256525,-0.13985697758005555,0.02290926079476646,0.00613384642761287,-0.5350833550932288,-0.0029185551619449633,0.8447719580253258
turn,16,102543.79798519,278.86400000000003,lh_hip_link,-0.19348687656992503,0.0461581273835385,0.20827958066707974,0.03961265240150155,0.0031323643707199217,0.0007349866690393822,0.9992099308242304
turn,16,102543.79798519,278.86400000000003,lh_upper_leg_link,-0.19360344859100864,0.14135831421832248,0.21584005932825717,0.034053703608473054,0.49740051282702025,0.020249634718486193,0.866615847653233
turn,16,102543.79798519,278.86400000000003,lh_lower_leg_link,-0.3775267087280045,0.14963945624191027,0.10872956933141273,0.034155264043583114,-0.5195894699949767,-0.020077857799052447,0.8534969714267611
turn,16,102543.79798519,278.86400000000003,lh_foot_link,-0.18831718841122946,0.15761382305682733,0.011235123872212094,0.034155264043583114,-0.5195894699949767,-0.020077857799052447,0.8534969714267611
turn,16,102543.79798519,278.86400000000003,d435_link,0.3385849431261923,0.016013624408273107,0.2513220121732306,0.0224429820784872,-0.01463155897832463,0.0009160003105052399,0.999640630917291
turn,16,102543.79798519,278.86400000000003,velodyne_base_link,0.19756402059378028,-0.003361680435996322,0.2848808704717349,0.0224429820784872,-0.01463155897832463,0.0009160003105052399,0.999640630917291
turn,16,102543.79798519,278.86400000000003,gps_frame,-0.002057895914940861,-0.0031476321754060977,0.2690364824202097,0.0224429820784872,-0.01463155897832463,0.0009160003105052399,0.999640630917291
turn,17,102543.900250768,278.964,trunk,-1.5520155033578928e-05,-3.869809735623125e-06,0.18984152414122116,0.011421468890143683,0.003260851288921601,0.0005202377016397693,0.9999293206272115
turn,17,102543.900250768,278.964,imu_link,-1.5520155033578928e-05,-3.869809735623125e-06,0.18984152414122116,0.011421468890143683,0.003260851288921601,0.0005202377016397693,0.9999293206272115
turn,17,102543.900250768,278.964,rf_hip_link,0.1933487732185034,-0.04629113465293323,0.1820619298254152,-0.01477632555218041,0.012686953650280147,0.0007228759134679753,0.999810071393895
turn,17,102543.900250768,278.964,rf_upper_leg_link,0.19352262240713,-0.1417493319447688,0.18488192029571787,-0.01335720660065326,0.4845807184482124,-0.006359825330758453,0.8746214409456265
turn,17,102543.900250768,278.964,rf_lower_leg_link,0.01293711758848053,-0.14541320908166216,0.07199059443886008,-0.012004021714617579,-0.533381363199801,0.008646722447568297,0.8457455048918154
turn,17,102543.900250768,278.964,rf_foot_link,0.20515201772365535,-0.14777339681823526,-0.01975286134885751,-0.012004021714617579,-0.533381363199801,0.008646722447568297,0.8457455048918154
turn,17,102543.900250768,278.964,lf_hip_link,0.19329206549040837,0.04669353081926904,0.18374976016529077,0.031738691164115866,0.012706844814549348,0.00013205063267252912,0.9994154162012302
turn,17,102543.900250768,278.964,lf_upper_leg_link,0.19334388860078677,0.14200112468602047,0.18980862686588632,0.027421964683767654,0.5106327483524381,0.015981170390898018,0.8592129156128037
turn,17,102543.900250768,278.964,lf_lower_leg_link,0.006253000879207208,0.1485618643226905,0.08820667596448337,0.027286160628466276,-0.5031648505786792,-0.016211952144583108,0.863607417284008
turn,17,102543.900250768,278.964,lf_foot_link,0.19155416521604643,0.15512535121646967,-0.016623659030721355,0.027286160628466276,-0.5031648505786792,-0.016211952144583108,0.863607417284008
turn,17,102543.900250768,278.964,rh_hip_link,-0.1933263048149302,-0.046705221119517304,0.1918829562603705,-0.020424065772712767,0.012682667655806645,0.000794533600916194,0.9997106462345999
turn,17,102543.900250768,278.964,rh_upper_leg_link,-0.1931251177653717,-0.14212542633396805,0.1957808993850445,-0.018370907737577304,0.48401623117012227,-0.008960105759895058,0.8748202753809148
turn,17,102543.900250768,278.964,rh_lower_leg_link,-0.37357523219814687,-0.14712428326662097,0.08272441955940524,-0.01668342940482443,-0.5347686999588579,0.011808341527298462,0.8447512437386416
turn,17,102543.900250768,278.964,rh_foot_link,-0.18104728925523683,-0.15043797380715254,-0.008330567350555373,-0.01668342940482443,-0.5347686999588579,0.011808341527298462,0.8447512437386416
turn,17,102543.900250768,278.964,lh_hip_link,-0.19338301254302526,0.04627944435268497,0.19357078660024607,0.053610380815906224,0.012706690349263115,-0.00014616045488623992,0.9984810692878773
turn,17,102543.900250768,278.964,lh_upper_leg_link,-0.19322502709246436,0.14123049234251087,0.20379446139119983,0.047582122947771435,0.47368593756258737,0.02469890422444324,0.8790605998799784
turn,17,102543.900250768,278.964,lh_lower_leg_link,-0.37111149602172355,0.15406503991197398,0.08734413481129344,0.04505841873818932,-0.5280370179375751,-0.029048807116972046,0.8475274705833953
turn,17,102543.900250768,278.964,lh_foot_link,-0.17990788336189156,0.16379888523936548,-0.006012336635367821,0.04505841873818932,-0.5280370179375751,-0.029048807116972046,0.8475274705833953
turn,17,102543.900250768,278.964,d435_link,0.3402312864628536,0.016922843214184587,0.22951641509930668,0.011421468890143683,0.003260851288921601,0.0005202377016397693,0.9999293206272115
turn,17,102543.900250768,278.964,velodyne_base_link,0.20050276835644415,-0.0016079263861057782,0.26851707927067403,0.011421468890143683,0.003260851288921601,0.0005202377016397693,0.9999293206272115
turn,17,102543.900250768,278.964,gps_frame,0.00044179862194757143,-0.0016025249391505006,0.259821772506838,0.011421468890143683,0.003260851288921601,0.0005202377016397693,0.9999293206272115
turn,18,102544.002242699,279.069,trunk,-1.7544132164891417e-05,2.9854363490827213e-07,0.20694788154119598,-0.0315256349425201,-0.035092689397392025,0.000207415762522132,0.9988866774920119
turn,18,102544.002242699,279.069,imu_link,-1.7544132164891417e-05,2.9854363490827213e-07,0.20694788154119598,-0.0315256349425201,-0.035092689397392025,0.000207415762522132,0.9988866774920119
turn,18,102544.002242699,279.069,rf_hip_link,0.19310944405117747,-0.04620207473085624,0.2194291229198114,-0.029155585281944237,-0.02614352141024767,-4.1383884730269806e-05,0.9992329390199831
turn,18,102544.002242699,279.069,rf_upper_leg_link,0.19295595992569403,-0.14153971520649636,0.22499336151649424,-0.024649428090258416,0.5103327184755525,-0.015570984573295877,0.8594826738146579
turn,18,102544.002242699,279.069,rf_lower_leg_link,0.005939427238541818,-0.147179688307437,0.12319941668137148,-0.02495595787139433,-0.5402221301394571,0.01507481450896926,0.8410172413463525
turn,18,102544.002242699,279.069,rf_foot_link,0.1996468806875569,-0.15265150598630753,0.034788548064516006,-0.02495595787139433,-0.5402221301394571,0.01507481450896926,0.8410172413463525
turn,18,102544.002242699,279.069,lf_hip_link,0.19313161584074856,0.04674988829632363,0.21644046472497924,-0.0036071994157285034,-0.02613603878960242,0.0006268179499596139,0.9996516906843209
turn,18,102544.002242699,279.069,lf_upper_leg_link,0.19302994239230933,0.14224732798174552,0.2157486005482101,-0.003448094489141705,0.46958472798770384,-0.0012310291471668087,0.8828798210698594
turn,18,102544.002242699,279.069,lf_lower_leg_link,0.016414123002691655,0.14119673506387218,0.09669084735315413,-0.0028165952332716154,-0.5202465281699948,0.0023391407950645567,0.8540082816569752
turn,18,102544.002242699,279.069,lf_foot_link,0.20568653302330805,0.14069044864254793,-0.0010061253688667948,-0.0028165952332716154,-0.5202465281699948,0.0023391407950645567,0.8540082816569752
turn,18,102544.002242699,279.069,rh_hip_link,-0.19316181162454232,-0.046759745585959835,0.19921907487632295,-0.024437976371902304,-0.02614342544839436,8.203766354425208e-05,0.9993594447877562
turn,18,102544.002242699,279.069,rh_upper_leg_link,-0.19326818091874629,-0.14214567629486743,0.20388414811998454,-0.021443748076094785,0.45936474895590557,-0.011721223817540415,0.8879114854518698
turn,18,102544.002242699,279.069,rh_lower_leg_link,-0.3671301055239754,-0.1479630612259267,0.08097284186572043,-0.02073928235476881,-0.5480068193185534,0.012926855253350297,0.83611680078864
turn,18,102544.002242699,279.069,rh_foot_link,-0.17182367375267596,-0.15233231215583384,-0.003911240005230188,-0.02073928235476881,-0.5480068193185534,0.012926855253350297,0.83611680078864
turn,18,102544.002242699,279.069,lh_hip_link,-0.19313963983497123,0.04619221744122003,0.1962304166814908,0.004124785530682268,-0.026130408834098236,0.0008289502499395245,0.999649689001088
turn,18,102544.002242699,279.069,lh_upper_leg_link,-0.19331850029360867,0.14168883654750958,0.19701383751641646,0.003110963180824169,0.49176130005780383,0.0028324763509263292,0.8707198876511709
turn,18,102544.002242699,279.069,lh_lower_leg_link,-0.3757296366078201,0.14224939940766446,0.08703718945948574,0.0039068283430019664,-0.5684722639840282,-0.0015613156277053855,0.8226916701089676
turn,18,102544.002242699,279.069,lh_foot_link,-0.17649646728634835,0.1432405099226488,0.0117101561841145,0.0039068283430019664,-0.5684722639840282,-0.0015613156277053855,0.8226916701089676
turn,18,102544.002242699,279.069,d435_link,0.33626648527960545,0.020971804977816675,0.2709927679917526,-0.0315256349425201,-0.035092689397392025,0.000207415762522132,0.9988866774920119
turn,18,102544.002242699,279.069,velodyne_base_link,0.193880214506854,0.005563021481087107,0.30061065594109243,-0.0315256349425201,-0.035092689397392025,0.000207415762522132,0.9988866774920119
turn,18,102544.002242699,279.069,gps_frame,-0.004925966368369185,0.004407954658963061,0.27663633079012206,-0.0315256349425201,-0.035092689397392025,0.000207415762522132,0.9988866774920119
turn,19,102544.098203285,279.144,trunk,-1.3649172801033784e-05,6.532770562890821e-07,0.18587436978420044,-0.04474986177028289,-0.03922488251367426,0.0018082055755698513,0.9982262212824934
turn,19,102544.098203285,279.144,imu_link,-1.3649172801033784e-05,6.532770562890821e-07,0.18587436978420044,-0.04474986177028289,-0.03922488251367426,0.0018082055755698513,0.9982262212824934
turn,19,102544.098203285,279.144,rf_hip_link,0.19258597437640787,-0.04514106611873811,0.21707168266070956,-0.020981439151902197,-0.04286755048290858,0.002107226669425062,0.9988582041123124
turn,19,102544.098203285,279.144,rf_upper_leg_link,0.19281620534563249,-0.1405561358308519,0.2210918151875385,-0.018989185012672882,0.4854901603461698,-0.009169080961349949,0.873987781959181
turn,19,102544.098203285,279.144,rf_lower_leg_link,0.011984921507894656,-0.1457298279172776,0.1086539225721469,-0.016456965643273515,-0.5794669573280677,0.0131844406380182,0.8147228879636499
turn,19,102544.098203285,279.144,rf_foot_link,0.21319408023392128,-0.14818696135820714,0.038812409558624,-0.016456965643273515,-0.5794669573280677,0.0131844406380182,0.8147228879636499
turn,19,102544.098203285,279.144,lf_hip_link,0.19275420970731597,0.04747282271425624,0.20860768289090853,-0.03728248461523631,-0.04289623480596507,0.0014072413128400209,0.9983826666425423
turn,19,102544.098203285,279.144,lf_upper_leg_link,0.19279132346733524,0.14270695759270138,0.2014867155041749,-0.03329009043190761,0.44651556220080657,-0.016844401628829334,0.8939977006264053
turn,19,102544.098203285,279.144,lf_lower_leg_link,0.022500107868938263,0.13323272746033638,0.07389306028018185,-0.030042099879223187,-0.5967446925170751,0.02212320551015774,0.8015633524341689
turn,19,102544.098203285,279.144,lf_foot_link,0.2265512553008882,0.12859838386943973,0.012977938256286431,-0.030042099879223187,-0.5967446925170751,0.02212320551015774,0.8015633524341689
turn,19,102544.098203285,279.144,rh_hip_link,-0.1927890023690992,-0.04746514892803388,0.18398141313180943,-0.07985013047681543,-0.04291721253245636,-0.00042444915481568553,0.9958824676507738
turn,19,102544.098203285,279.144,rh_upper_leg_link,-0.19352428484909187,-0.1417472902406322,0.19916651073392747,-0.07009827077037045,0.43450651772076376,-0.03824207014863737,0.8971219886748547
turn,19,102544.098203285,279.144,rh_lower_leg_link,-0.36072334396297256,-0.16145842583380055,0.06868683505583309,-0.06625754642579405,-0.5956870430254946,0.04456636664440146,0.7992375887539906
turn,19,102544.098203285,279.144,rh_foot_link,-0.15664875366761494,-0.1727081974011362,0.008720142338419945,-0.06625754642579405,-0.5956870430254946,0.04456636664440146,0.7992375887539906
turn,19,102544.098203285,279.144,lh_hip_link,-0.19262076703819112,0.045148739904960475,0.1755174133620084,-0.06126923498710457,-0.04291766641131248,0.0003757638199096361,0.9971980814038172
turn,19,102544.098203285,279.144,lh_upper_leg_link,-0.19219009610720916,0.1399317143772789,0.1638446984794703,-0.05218433435762397,0.4913365953807934,-0.03210694009096944,0.868811999045396
turn,19,102544.098203285,279.144,lh_lower_leg_link,-0.3747543595130306,0.12733785029768313,0.054846146587096606,-0.04922766893804279,-0.6234179941792286,0.03647871934813297,0.7794844091957156
turn,19,102544.098203285,279.144,lh_foot_link,-0.16697696223633218,0.12067916767068577,0.008443397459550861,-0.04922766893804279,-0.6234179941792286,0.03647871934813297,0.7794844091957156
turn,19,102544.098203285,279.144,d435_link,0.33567953965566205,0.02355322124075194,0.2520850903398121,-0.04474986177028289,-0.03922488251367426,0.0018082055755698513,0.9982262212824934
turn,19,102544.098203285,279.144,velodyne_base_link,0.19309181070872355,0.00856070519549068,0.2809375428592594,-0.04474986177028289,-0.03922488251367426,0.0018082055755698513,0.9982262212824934
turn,19,102544.098203285,279.144,gps_frame,-0.005506720421001767,0.006244591504380442,0.2553786099690665,-0.04474986177028289,-0.03922488251367426,0.0018082055755698513,0.9982262212824934
turn,20,102544.197476179,279.23900000000003,trunk,-1.8067196714741445e-05,5.115935324704801e-06,0.1893707747879792,-0.030443474943016295,-0.025262093822255336,0.002400084308867821,0.9992143218771535
turn,20,102544.197476179,279.23900000000003,imu_link,-1.8067196714741445e-05,5.115935324704801e-06,0.1893707747879792,-0.030443474943016295,-0.025262093822255336,0.002400084308867821,0.9992143218771535
turn,20,102544.197476179,279.23900000000003,rf_hip_link,0.1932085417648385,-0.04513201968228809,0.2005410804406959,-0.030540682462506553,-0.02850102322211224,0.0024277453963557467,0.9991241486633717
turn,20,102544.197476179,279.23900000000003,rf_upper_leg_link,0.193505580830113,-0.14045274188078788,0.2063824576199339,-0.02804026537213834,0.448656583037705,-0.01234385478062833,0.8931789536615524
turn,20,102544.197476179,279.23900000000003,rf_lower_leg_link,0.022646888586990096,-0.1487626485546536,0.079468105649633,-0.024796181812767437,-0.5452046967286966,0.01799379338809254,0.8377429268170425
turn,20,102544.197476179,279.23900000000003,rf_foot_link,0.21740878732552005,-0.15343268431480078,-0.006642251252202636,-0.024796181812767437,-0.5452046967286966,0.01799379338809254,0.8377429268170425
turn,20,102544.197476179,279.23900000000003,lf_hip_link,0.1929245550231361,0.04768772341991287,0.1947605405029436,-0.05859251214927372,-0.02855796956124135,0.00162623705409762,0.9978720936310527
turn,20,102544.197476179,279.23900000000003,lf_upper_leg_link,0.19293420178460755,0.14253149953867128,0.18358431401656594,-0.052063977625432425,0.4578334653261758,-0.02692711200142675,0.8871035964871896
turn,20,102544.197476179,279.23900000000003,lf_lower_leg_link,0.01931890448645145,0.12810798778982435,0.06103354554527607,-0.04840183398754328,-0.5637669899149691,0.03306039312472264,0.8238513542838273
turn,20,102544.197476179,279.23900000000003,lf_foot_link,0.21786062713391163,0.11906078801233178,-0.015571497006537122,-0.04840183398754328,-0.5637669899149691,0.03306039312472264,0.8238513542838273
turn,20,102544.197476179,279.23900000000003,rh_hip_link,-0.19295849695721962,-0.047681851506735776,0.1785693585622592,-0.016082526736678315,-0.028462916534047814,0.0028398335853945687,0.9994614300018521
turn,20,102544.197476179,279.23900000000003,rh_upper_leg_link,-0.19250381218988752,-0.1431309094534192,0.18165490532952888,-0.015281871529509479,0.48527586204009626,-0.005759923921743725,0.874208570880092
turn,20,102544.197476179,279.23900000000003,rh_lower_leg_link,-0.3732642771381208,-0.14763134002954786,0.06907426562479133,-0.012213411170797718,-0.5476746056720315,0.010841812975777685,0.8365320161123279
turn,20,102544.197476179,279.23900000000003,rh_foot_link,-0.17803710041071988,-0.14945424677858773,-0.016084565262160178,-0.012213411170797718,-0.5476746056720315,0.010841812975777685,0.8365320161123279
turn,20,102544.197476179,279.23900000000003,lh_hip_link,-0.19324248369892202,0.045137891595465184,0.1727888186245069,-0.034958214761407536,-0.02851147937299239,0.0023016985859005434,0.9989793396003135
turn,20,102544.197476179,279.23900000000003,lh_upper_leg_link,-0.19349128773153718,0.14040346304768933,0.166106080231114,-0.03178251339535601,0.4538968702707936,-0.014739282138525074,0.890365237732636
turn,20,102544.197476179,279.23900000000003,lh_lower_leg_link,-0.3658519298283969,0.13119848441515716,0.041301923952836106,-0.028010460762989495,-0.5701212860527735,0.021042544606821072,0.8208132215028255
turn,20,102544.197476179,279.23900000000003,lh_foot_link,-0.1662485644780658,0.12651480443604227,-0.03289753482332636,-0.028010460762989495,-0.5701212860527735,0.021042544606821072,0.8208132215028255
turn,20,102544.197476179,279.23900000000003,d435_link,0.33738586721555464,0.02214600680072408,0.24678911675992657,-0.030443474943016295,-0.025262093822255336,0.002400084308867821,0.9992143218771535
turn,20,102544.197476179,279.23900000000003,velodyne_base_link,0.19567390923100444,0.006129449752016941,0.2791880498363502,-0.030443474943016295,-0.025262093822255336,0.002400084308867821,0.9992143218771535
turn,20,102544.197476179,279.23900000000003,gps_frame,-0.003562210996319546,0.004255365437533653,0.2591516777908546,-0.030443474943016295,-0.025262093822255336,0.002400084308867821,0.9992143218771535
turn,21,102544.299325872,279.344,trunk,-9.35813186468922e-06,1.0123266055457568e-06,0.2132475491280968,0.006170213905381377,0.008358468703406773,0.0008754767773375157,0.9999456475237584
turn,21,102544.299325872,279.344,imu_link,-9.35813186468922e-06,1.0123266055457568e-06,0.2132475491280968,0.006170213905381377,0.008358468703406773,0.0008754767773375157,0.9999456475237584
turn,21,102544.299325872,279.344,rf_hip_link,0.19347796185674127,-0.04606172220596637,0.21169898987094005,-0.0009303424548578032,0.0044060680628975005,0.0011297447438545335,0.9999892222938983
turn,21,102544.299325872,279.344,rf_upper_leg_link,0.19369452371525658,-0.1415613131106549,0.2118757326178121,-0.001372893040146139,0.5077346975741899,0.0005069763011187832,0.8615122373007689
turn,21,102544.299325872,279.344,rf_lower_leg_link,0.007354047079811383,-0.14217482707001305,0.10869700240709096,-0.00021248640848911483,-0.5131014552357668,0.0014480020013056562,0.8583267179662234
turn,21,102544.299325872,279.344,rf_foot_link,0.19496827926375365,-0.14193601608255216,0.007851363674708955,-0.00021248640848911483,-0.5131014552357668,0.0014480020013056562,0.8583267179662234
turn,21,102544.299325872,279.344,lf_hip_link,0.1932762594374265,0.046933994072957154,0.21256851267340296,-0.000272910256025067,0.004406809849037426,0.0011268477783529691,0.9999896178266208
turn,21,102544.299325872,279.344,lf_upper_leg_link,0.1930608040375463,0.1424337373181658,0.2125173358242245,-0.0008281930926498446,0.5332481816384559,0.0008113951717318611,0.8459580560012163
turn,21,102544.299325872,279.344,lf_lower_leg_link,0.0008901067913338077,0.14195095508865588,0.12065227151126923,0.00037013338082595294,-0.5296032145944783,0.0010987571177567131,0.8482447116400263
turn,21,102544.299325872,279.344,lf_foot_link,0.19226324523896543,0.14233259527605696,0.02713662452387469,0.00037013338082595294,-0.5296032145944783,0.0010987571177567131,0.8482447116400263
turn,21,102544.299325872,279.344,rh_hip_link,-0.19330603254572643,-0.04693251221628985,0.21510830048010907,0.01034399999288883,0.004418525221082088,0.0010799971443544475,0.9999361539144317
turn,21,102544.299325872,279.344,rh_upper_leg_link,-0.19310849595923785,-0.14241185275292004,0.21313181117146124,0.008162632231218023,0.5385314052668896,0.006444855680508177,0.8425412516972592
turn,21,102544.299325872,279.344,rh_lower_leg_link,-0.3864219842753811,-0.14096064234961012,0.12370704265954592,0.009350690663605443,-0.5249871043223333,-0.0045529456177577894,0.8510466353646942
turn,21,102544.299325872,279.344,rh_foot_link,-0.19607194337343314,-0.1385888293745912,0.028154771980936466,0.009350690663605443,-0.5249871043223333,-0.0045529456177577894,0.8510466353646942
turn,21,102544.299325872,279.344,lh_hip_link,-0.1935077349650412,0.04606320406263367,0.21597782328257198,0.02455286963417139,0.004433426690219322,0.001017097214430966,0.9996881848025244
turn,21,102544.299325872,279.344,lh_upper_leg_link,-0.19368114896865757,0.14144786338487664,0.220666820356895,0.02080614407702932,0.5003034261560307,0.013076018608969498,0.8655013598386319
turn,21,102544.299325872,279.344,lh_lower_leg_link,-0.37826071113462356,0.14633228101343368,0.11448053265904704,0.02177665061196592,-0.495646983745306,-0.011386631729382602,0.8681763585874497
turn,21,102544.299325872,279.344,lh_foot_link,-0.19484344779611984,0.15198198824949982,0.006336238692325219,0.02177665061196592,-0.495646983745306,-0.011386631729382602,0.8681763585874497
turn,21,102544.299325872,279.344,d435_link,0.3406079417595399,0.017618522300776023,0.24927501583058623,0.006170213905381377,0.008358468703406773,0.0008754767773375157,0.9999456475237584
turn,21,102544.299325872,279.344,velodyne_base_link,0.20130053628930117,-0.000614196323260401,0.2898892344335242,0.006170213905381377,0.008358468703406773,0.0008754767773375157,0.9999456475237584
turn,21,102544.299325872,279.344,gps_frame,0.001161520147184184,-0.0008617461985170386,0.28323243815267823,0.006170213905381377,0.008358468703406773,0.0008754767773375157,0.9999456475237584
turn,22,102544.395402447,279.439,trunk,-1.0528587396582497e-05,-7.38669638246083e-07,0.19004492045512233,0.007785197345388626,0.006805451865885711,8.716353060227823e-05,0.9999465330354985
turn,22,102544.395402447,279.439,imu_link,-1.0528587396582497e-05,-7.38669638246083e-07,0.19004492045512233,0.007785197345388626,0.006805451865885711,8.716353060227823e-05,0.9999465330354985
turn,22,102544.395402447,279.439,rf_hip_link,0.19341366938266435,-0.04639409252742302,0.19097186118982235,-0.00760546354600609,-0.0022076785175305386,0.00018917902731303447,0.9999686231533014
turn,22,102544.395402447,279.439,rf_upper_leg_link,0.19344659447320459,-0.14188303766431234,0.19242453891821257,-0.006730916707347786,0.4860042665566567,-0.0035459307287014318,0.8739233227373395
turn,22,102544.395402447,279.439,rf_lower_leg_link,0.012501249527653142,-0.14365475787507165,0.08006510161973644,-0.006195056690627809,-0.5618252198057199,0.004415895951436157,0.8272209762365801
turn,22,102544.395402447,279.439,rf_foot_link,0.2104979399904864,-0.1447809822244121,0.0015473190193602826,-0.006195056690627809,-0.5618252198057199,0.004415895951436157,0.8272209762365801
turn,22,102544.395402447,279.439,lf_hip_link,0.19336137044372562,0.04655166165671798,0.1941473995634244,0.041912433553839216,-0.002195604791823539,0.0002982494581092431,0.999118830910745
turn,22,102544.395402447,279.439,lf_upper_leg_link,0.19328687857386356,0.14171612411824147,0.20214549529744877,0.03593707494097802,0.5061800893035234,0.02157006453005601,0.8614087160886711
turn,22,102544.395402447,279.439,lf_lower_leg_link,0.007208755476610869,0.1502523855584193,0.09884465142273191,0.03600144339262919,-0.5195860086137265,-0.021462458218749467,0.8533894999434387
turn,22,102544.395402447,279.439,lf_foot_link,0.1964302549059733,0.158589913047785,0.0014038499632412216,0.03600144339262919,-0.5195860086137265,-0.021462458218749467,0.8533894999434387
turn,22,102544.395402447,279.439,rh_hip_link,-0.19338253252513762,-0.04655342589872659,0.18926516772711524,-0.00840239269733002,-0.0022078285839074157,0.0001874195433307842,0.9999622443691655
turn,22,102544.395402447,279.439,rh_upper_leg_link,-0.19335027999307394,-0.14203993455086364,0.19087004317384962,-0.007451300912289019,0.48026626062287986,-0.003887601296415044,0.8770824839079793
turn,22,102544.395402447,279.439,rh_lower_leg_link,-0.3728079313944099,-0.14402863962704535,0.07615301564246461,-0.00683006793916805,-0.566258445363762,0.004897499471333903,0.8241848929245731
turn,22,102544.395402447,279.439,rh_foot_link,-0.1739787760620933,-0.14524529067535055,-0.0002307964518803718,-0.00683006793916805,-0.566258445363762,0.004897499471333903,0.8241848929245731
turn,22,102544.395402447,279.439,lh_hip_link,-0.19343483146407636,0.04639232828541441,0.19244070610071728,0.07024100792121324,-0.002186259542840061,0.00036041968936465407,0.9975275891789014
turn,22,102544.395402447,279.439,lh_upper_leg_link,-0.1935328323526953,0.1409499478280516,0.20582341816724958,0.06191367039958079,0.4646882586375622,0.03317569160985941,0.882683914653626
turn,22,102544.395402447,279.439,lh_lower_leg_link,-0.3691414832596999,0.15766356647777469,0.0864447907741796,0.05924895909025375,-0.5419520401212593,-0.037729165679376744,0.8374688394873355
turn,22,102544.395402447,279.439,lh_foot_link,-0.17484145194571143,0.17009073568318062,6.155572869562254e-05,0.05924895909025375,-0.5419520401212593,-0.037729165679376744,0.8374688394873355
turn,22,102544.395402447,279.439,d435_link,0.3405216550357924,0.016946347788826418,0.22718153550539322,0.007785197345388626,0.006805451865885711,8.716353060227823e-05,0.9999465330354985
turn,22,102544.395402447,279.439,velodyne_base_link,0.20105986535706252,-0.0011901524723939556,0.26730604893397536,0.007785197345388626,0.006805451865885711,8.716353060227823e-05,0.9999465330354985
turn,22,102544.395402447,279.439,gps_frame,0.000942278734408139,-0.0010905249766611626,0.2600299511689296,0.007785197345388626,0.006805451865885711,8.716353060227823e-05,0.9999465330354985
turn,23,102544.496699475,279.53900000000004,trunk,-1.2577966064429792e-05,-5.379248138395518e-06,0.2046292012337899,-0.011839183819573657,-0.02565617149105535,0.0002288909512936771,0.9996006913762316
turn,23,102544.496699475,279.53900000000004,imu_link,-1.2577966064429792e-05,-5.379248138395518e-06,0.2046292012337899,-0.011839183819573657,-0.02565617149105535,0.0002288909512936771,0.9996006913762316
turn,23,102544.496699475,279.53900000000004,rf_hip_link,0.19339856884097353,-0.04638233527455439,0.20335684381942495,-0.014543153809363205,-0.008848264573978354,0.00017464700521719004,0.9998550766934824
turn,23,102544.496699475,279.53900000000004,rf_upper_leg_link,0.19340734338520427,-0.1418419323141133,0.20613447879407895,-0.012404505287385237,0.5247379584524132,-0.0075935546929259985,0.8511395544415112
turn,23,102544.496699475,279.53900000000004,rf_lower_leg_link,0.0031048677196027917,-0.14464217460730383,0.11049909622756943,-0.012480823948875681,-0.5106642067169578,0.007467453237643879,0.8596572189854751
turn,23,102544.496699475,279.53900000000004,rf_foot_link,0.19015694008549872,-0.14758833493879125,0.008656853700586276,-0.012480823948875681,-0.5106642067169578,0.007467453237643879,0.8596572189854751
turn,23,102544.496699475,279.53900000000004,lf_hip_link,0.19331598136033015,0.046605862000316946,0.20483615003439834,0.0283586912768173,-0.008832629202941974,0.0005540297021715439,0.9995586337686843
turn,23,102544.496699475,279.53900000000004,lf_upper_leg_link,0.1931623663677425,0.14195219823722663,0.21024933473771493,0.024461554292582833,0.4813452277604199,0.01435808766639012,0.876072057191887
turn,23,102544.496699475,279.53900000000004,lf_lower_leg_link,0.013371483898760939,0.14813724419006327,0.0962055546022503,0.02491640858803328,-0.502360739591304,-0.013553409272906318,0.8641927823104248
turn,23,102544.496699475,279.53900000000004,lf_foot_link,0.19845750483682303,0.15440961696635566,-0.009021923715299751,0.02491640858803328,-0.502360739591304,-0.013553409272906318,0.8641927823104248
turn,23,102544.496699475,279.53900000000004,rh_hip_link,-0.19334084103737983,-0.04661697075960677,0.1965147832283262,-0.011648256537524106,-0.008847721840808159,0.00020026426350675599,0.9998929921907086
turn,23,102544.496699475,279.53900000000004,rh_upper_leg_link,-0.1933222792181004,-0.14209104786025423,0.19873970058375734,-0.010400941641072527,0.457881514812244,-0.0052480852811491625,0.8889368911273204
turn,23,102544.496699475,279.53900000000004,rh_lower_leg_link,-0.36673936258041645,-0.14500607192248954,0.07509902025230594,-0.009744731694406622,-0.5409952689998465,0.006384527417376949,0.8409449428670372
turn,23,102544.496699475,279.53900000000004,rh_foot_link,-0.17290533641731548,-0.14702564578312277,-0.01318060153451292,-0.009744731694406622,-0.5409952689998465,0.006384527417376949,0.8409449428670372
turn,23,102544.496699475,279.53900000000004,lh_hip_link,-0.19342342851802322,0.04637122651526457,0.19799408944329958,0.035147435964773585,-0.00882866225702481,0.0006140116439752614,0.9993429518726564
turn,23,102544.496699475,279.53900000000004,lh_upper_leg_link,-0.19359989591059382,0.14163520413561204,0.2047018034510154,0.03007633354431826,0.4946703024311949,0.018197071899833592,0.8683694908432892
turn,23,102544.496699475,279.53900000000004,lh_lower_leg_link,-0.3768241572515767,0.1489265431941586,0.09632880667236875,0.02996005991931186,-0.5449805389917959,-0.018387878475453312,0.8377114615755324
turn,23,102544.496699475,279.53900000000004,lh_foot_link,-0.1821049479450568,0.1553492811499274,0.010234800120255738,0.02996005991931186,-0.5449805389917959,-0.018387878475453312,0.8377114615755324
turn,23,102544.496699475,279.53900000000004,d435_link,0.3374135701546857,0.018833617984284432,0.2630859095543104,-0.011839183819573657,-0.02565617149105535,0.0002288909512936771,0.9996006913762316
turn,23,102544.496699475,279.53900000000004,velodyne_base_link,0.19562032356046546,0.0021002132438227334,0.2947587431197268,-0.011839183819573657,-0.02565617149105535,0.0002288909512936771,0.9996006913762316
turn,23,102544.496699475,279.53900000000004,gps_frame,-0.003603387096024662,0.0016506224930843813,0.274517424476517,-0.011839183819573657,-0.02565617149105535,0.0002288909512936771,0.9996006913762316
turn,24,102544.60099139,279.634,trunk,-1.3004317181730624e-05,-8.841213416685981e-07,0.18985845756141084,-0.03885587505491188,-0.0391994802839976,0.0011736861925271296,0.998474959215254
turn,24,102544.60099139,279.634,imu_link,-1.3004317181730624e-05,-8.841213416685981e-07,0.18985845756141084,-0.03885587505491188,-0.0391994802839976,0.0011736861925271296,0.998474959215254
turn,24,102544.60099139,279.634,rf_hip_link,0.1928162727705753,-0.045471048484287624,0.21354445916170933,-0.015352687719538927,-0.03664694703761772,0.0017410238426674122,0.9992088195610503
turn,24,102544.60099139,279.634,rf_upper_leg_link,0.1930410830643543,-0.1409254498730988,0.21648668890044906,-0.013995383657805333,0.4914531549783061,-0.006547168892372735,0.8707669379791786
turn,24,102544.60099139,279.634,rf_lower_leg_link,0.010699114924288482,-0.14474628245388196,0.10646029255304153,-0.011916515576637372,-0.5758665322674443,0.009835285493882571,0.8173977005289617
turn,24,102544.60099139,279.634,rf_foot_link,0.2112723462943166,-0.1464829654633228,0.0347918700092891,-0.011916515576637372,-0.5758665322674443,0.009835285493882571,0.8173977005289617
turn,24,102544.60099139,279.634,lf_hip_link,0.19291289813640872,0.047253572121694204,0.20639355732939482,-0.030098076040300424,-0.036668650908790325,0.0011999715529815757,0.9988734033537351
turn,24,102544.60099139,279.634,lf_upper_leg_link,0.19289476004569883,0.14258027130610051,0.20064289705292535,-0.026850180137042573,0.4558562257283401,-0.013652909567708886,0.8895435724862819
turn,24,102544.60099139,279.634,lf_lower_leg_link,0.019993902058333072,0.13505683809728025,0.07647490093482259,-0.024347241794554494,-0.5859689313255834,0.017735442764508894,0.8097734728972653
turn,24,102544.60099139,279.634,lf_foot_link,0.2223157458621393,0.1310850986226203,0.009998613392770112,-0.024347241794554494,-0.5859689313255834,0.017735442764508894,0.8097734728972653
turn,24,102544.60099139,279.634,rh_hip_link,-0.19294243850559323,-0.0472520888206821,0.18523748882100247,-0.0719799067203427,-0.03668670881379421,-0.0003395402929989465,0.9967310886780506
turn,24,102544.60099139,279.634,rh_upper_leg_link,-0.19351145352823246,-0.14176247536919787,0.19893833026794078,-0.06287723344887325,0.44893770696944263,-0.03503820447591029,0.8906591452412865
turn,24,102544.60099139,279.634,rh_lower_leg_link,-0.3647862784882913,-0.1589184376066345,0.0734807386498612,-0.06006648524468895,-0.5836724088887855,0.039664084628658294,0.8087924930678342
turn,24,102544.60099139,279.634,rh_foot_link,-0.16266957957189895,-0.16975182657211477,0.007144642121176353,-0.06006648524468895,-0.5836724088887855,0.039664084628658294,0.8087924930678342
turn,24,102544.60099139,279.634,lh_hip_link,-0.19284581313975982,0.045472531785299725,0.17808658698868796,-0.04827900716752772,-0.03668442024990482,0.0005321673863255647,0.998159860731596
turn,24,102544.60099139,279.634,lh_upper_leg_link,-0.19260899238034318,0.1405272829498747,0.16887853632806324,-0.041202110931408284,0.49861926836185844,-0.025170057409652186,0.865475406630989
turn,24,102544.60099139,279.634,lh_lower_leg_link,-0.37688797590713413,0.13068279011834227,0.0625143403257308,-0.0389103479124647,-0.6118634085194316,0.02858549563222953,0.7894884569009061
turn,24,102544.60099139,279.634,lh_foot_link,-0.17063097236959282,0.1250472992774703,0.009643840661957115,-0.0389103479124647,-0.6118634085194316,0.02858549563222953,0.7894884569009061
turn,24,102544.60099139,279.634,d435_link,0.3357010844084513,0.022495143999052895,0.25633010076303653,-0.03885587505491188,-0.0391994802839976,0.0011736861925271296,0.998474959215254
turn,24,102544.60099139,279.634,velodyne_base_link,0.1931021563121928,0.007277224090711354,0.28500867498598914,-0.03885587505491188,-0.0391994802839976,0.0011736861925271296,0.998474959215254
turn,24,102544.60099139,279.634,gps_frame,-0.005498946888644114,0.005424201330733093,0.2594319646020963,-0.03885587505491188,-0.0391994802839976,0.0011736861925271296,0.998474959215254
turn,25,102544.700860779,279.73900000000003,trunk,-1.6050183992416237e-05,3.597607608935605e-06,0.19610305502819475,-0.019969994480672895,-0.014561911643093712,0.0019212455954994313,0.9996926822104393
turn,25,102544.700860779,279.73900000000003,imu_link,-1.6050183992416237e-05,3.597607608935605e-06,0.19610305502819475,-0.019969994480672895,-0.014561911643093712,0.0019212455954994313,0.9996926822104393
turn,25,102544.700860779,279.73900000000003,rf_hip_link,0.1932715514979325,-0.04542646288518373,0.20081448172922983,-0.026993543916812822,-0.024651478368517065,0.001942340847865497,0.9993297156159665
turn,25,102544.700860779,279.73900000000003,rf_upper_leg_link,0.19351519265709832,-0.14078656988186253,0.20597593816782678,-0.02465043059758678,0.45507621505271195,-0.011170513529455446,0.8900411307305632
turn,25,102544.700860779,279.73900000000003,rf_lower_leg_link,0.020852320282511497,-0.14796742273854643,0.08145699239808527,-0.021990040490570312,-0.5437455161774551,0.015775367519689297,0.8388136798692274
turn,25,102544.700860779,279.73900000000003,rf_foot_link,0.2152992016415983,-0.1521710891075075,-0.005386196850028696,-0.021990040490570312,-0.5437455161774551,0.015775367519689297,0.8388136798692274
turn,25,102544.700860779,279.73900000000003,lf_hip_link,0.19302730490880068,0.04744481629319843,0.19592921332568208,-0.05604308107112673,-0.02469753676479738,0.0012246434069696822,0.9981220892207187
turn,25,102544.700860779,279.73900000000003,lf_upper_leg_link,0.1930582053508778,0.1423446318959014,0.1852393095031186,-0.04963881161498686,0.4613234750750766,-0.026044482503420258,0.8854593862268534
turn,25,102544.700860779,279.73900000000003,lf_lower_leg_link,0.018493621575264383,0.12873894996689436,0.06395002097979696,-0.0465546002148625,-0.558544998735045,0.03122492411925833,0.8275778861839225
turn,25,102544.700860779,279.73900000000003,lf_foot_link,0.2160269048601316,0.11975587414947338,-0.015226404448223652,-0.0465546002148625,-0.558544998735045,0.03122492411925833,0.8275778861839225
turn,25,102544.700860779,279.73900000000003,rh_hip_link,-0.1930554168002356,-0.04744282783820448,0.18179744100459377,-0.009588613763476203,-0.024613919949392323,0.002371290460415725,0.9996482333362933
turn,25,102544.700860779,279.73900000000003,rh_upper_leg_link,-0.19264773819719025,-0.14292419301252512,0.18363937004900693,-0.009461636476269821,0.4872981454802099,-0.002835836304109299,0.8731797941313091
turn,25,102544.700860779,279.73900000000003,rh_lower_leg_link,-0.37392169747455084,-0.14585499293245577,0.07183524624429606,-0.00695252164848694,-0.5414022623343018,0.007016193774412472,0.8407056713303099
turn,25,102544.700860779,279.73900000000003,rh_foot_link,-0.1800027773636852,-0.14672677688258526,-0.016276571440847543,-0.00695252164848694,-0.5414022623343018,0.007016193774412472,0.8407056713303099
turn,25,102544.700860779,279.73900000000003,lh_hip_link,-0.1932996633893674,0.045428451340177686,0.17691217260104602,-0.03262452760250283,-0.024662032415801383,0.00180339425659328,0.9991617347181541
turn,25,102544.700860779,279.73900000000003,lh_upper_leg_link,-0.19349014680628188,0.14072453744204064,0.17067761650343932,-0.02946386213031604,0.4593627936878761,-0.014124194153894628,0.8876475718116614
turn,25,102544.700860779,279.73900000000003,lh_lower_leg_link,-0.36736989445342844,0.13234707857945524,0.04793947434229057,-0.026448600028846934,-0.5618797263801619,0.019185504649220485,0.8265733851575571
turn,25,102544.700860779,279.73900000000003,lh_foot_link,-0.16930449287588875,0.12762624764550448,-0.030270566274123,-0.026448600028846934,-0.5618797263801619,0.019185504649220485,0.8265733851575571
turn,25,102544.700860779,279.73900000000003,d435_link,0.33856874970789713,0.020647978851604503,0.24672560736627527,-0.019969994480672895,-0.014561911643093712,0.0019212455954994313,0.9996926822104393
turn,25,102544.700860779,279.73900000000003,velodyne_base_link,0.19756232503026636,0.0040779210446859485,0.2818129467340163,-0.019969994480672895,-0.014561911643093712,0.0019212455954994313,0.9996926822104393
turn,25,102544.700860779,279.73900000000003,gps_frame,-0.002059462712147165,0.002794620854859665,0.26601753603515843,-0.019969994480672895,-0.014561911643093712,0.0019212455954994313,0.9996926822104393
turn,26,102544.794281635,279.834,trunk,-1.5338034420728062e-05,-7.786351110884615e-06,0.2032149191855054,0.03707274400947444,-0.021097194136677436,0.0009469178603357951,0.9990893971000459
turn,26,102544.794281635,279.834,imu_link,-1.5338034420728062e-05,-7.786351110884615e-06,0.2032149191855054,0.03707274400947444,-0.021097194136677436,0.0009469178603357951,0.9990893971000459
turn,26,102544.794281635,279.834,rf_hip_link,0.19342855206578016,-0.046091571063070984,0.21110738131757634,0.022210158120968514,-0.019002967093377943,0.00127576906866968,0.9995718926276254
turn,26,102544.794281635,279.834,rf_upper_leg_link,0.1937527328908097,-0.1414970415893703,0.20687168769691355,0.018585120391604117,0.4841563835160229,0.012227510396829712,0.874698621006236
turn,26,102544.794281635,279.834,rf_lower_leg_link,0.013248792144644412,-0.1370937556524348,0.09387638492700887,0.019564850989542217,-0.5415875740378887,-0.010589396405461773,0.8403499157715668
turn,26,102544.794281635,279.834,rf_foot_link,0.20721947957690665,-0.13253289938422455,0.005992535403013005,0.019564850989542217,-0.5415875740378887,-0.010589396405461773,0.8403499157715668
turn,26,102544.794281635,279.834,lf_hip_link,0.19306436773635033,0.04675073089498302,0.21650870864553204,0.017998067925158227,-0.019008174095706674,0.0011956849986033565,0.9996566056431042
turn,26,102544.794281635,279.834,lf_upper_leg_link,0.19277072723656496,0.142188587113657,0.21994081814853392,0.01468884833083493,0.5087744311631903,0.010468899004586031,0.8607108794960812
turn,26,102544.794281635,279.834,lf_lower_leg_link,0.0061565434953494095,0.14530543461468973,0.11730343856265815,0.01582368061011734,-0.5529710973583304,-0.008658593627344517,0.8330051652749036
turn,26,102544.794281635,279.834,lf_foot_link,0.20244234453262464,0.148880961526785,0.03467112092327379,0.01582368061011734,-0.5529710973583304,-0.008658593627344517,0.8330051652749036
turn,26,102544.794281635,279.834,rh_hip_link,-0.19309083200327481,-0.046751578732399116,0.19639105946886629,0.0430281492690871,-0.01897226689767735,0.001671356883455967,0.9988923055191729
turn,26,102544.794281635,279.834,rh_upper_leg_link,-0.1926160352142978,-0.1418974236552984,0.18818784290968754,0.03537851996248107,0.5211562192970315,0.024547411036992192,0.8523743191958976
turn,26,102544.794281635,279.834,rh_lower_leg_link,-0.3822237910359883,-0.13450091092587688,0.09142426230362652,0.03741998785078698,-0.5436807699311815,-0.02130632705563469,0.838186736559153
turn,26,102544.794281635,279.834,rh_foot_link,-0.18775338831249583,-0.12607416351836956,0.004941591249289223,0.03741998785078698,-0.5436807699311815,-0.02130632705563469,0.838186736559153
turn,26,102544.794281635,279.834,lh_hip_link,-0.19345501633270465,0.04609072322565489,0.201792386796822,0.04197854827558203,-0.018974012587881516,0.001651421019453647,0.9989369655486806
turn,26,102544.794281635,279.834,lh_upper_leg_link,-0.1939222342307395,0.1412536224156735,0.20979578140074548,0.035654922467935335,0.4780857345013041,0.022218285498984483,0.877307873417103
turn,26,102544.794281635,279.834,lh_lower_leg_link,-0.37293619717565524,0.15005397253218666,0.0947064469314599,0.03684133565389102,-0.5304127782882401,-0.020190138532120143,0.8466979147971497
turn,26,102544.794281635,279.834,lh_foot_link,-0.18130298331331146,0.15878031611333948,0.0021345166691343342,0.03684133565389102,-0.5304127782882401,-0.020190138532120143,0.8466979147971497
turn,26,102544.794281635,279.834,d435_link,0.337874344541886,0.014479653571129973,0.2602164673485351,0.03707274400947444,-0.021097194136677436,0.0009469178603357951,0.9990893971000459
turn,26,102544.794281635,279.834,velodyne_base_link,0.1964394061636963,-0.0058716505078474975,0.2913690375192721,0.03707274400947444,-0.021097194136677436,0.0009469178603357951,0.9990893971000459
turn,26,102544.794281635,279.834,gps_frame,-0.0029613409722121322,-0.005196041139079046,0.27296019199266885,0.03707274400947444,-0.021097194136677436,0.0009469178603357951,0.9990893971000459
turn,27,102544.894985792,279.92900000000003,trunk,-1.79920890664628e-05,-9.697530944949124e-06,0.1879587754928238,0.005353277859950731,0.011397879365663142,3.778045339336959e-05,0.9999207115240474
turn,27,102544.894985792,279.92900000000003,imu_link,-1.79920890664628e-05,-9.697530944949124e-06,0.1879587754928238,0.005353277859950731,0.011397879365663142,3.778045339336959e-05,0.9999207115240474
turn,27,102544.894985792,279.92900000000003,rf_hip_link,0.19336906361209585,-0.04646627888998722,0.1868185000546327,-0.019429471254410018,0.005339848233159075,0.000169877322576122,0.9997969557911828
turn,27,102544.894985792,279.92900000000003,rf_upper_leg_link,0.1934213199243201,-0.14189417004658486,0.1905286023015238,-0.016999012015008547,0.49652792622229786,-0.009410993679960981,0.8678032526269153
turn,27,102544.894985792,279.92900000000003,rf_lower_leg_link,0.00979464742639018,-0.1461878141388755,0.08267773411889535,-0.01610253110221157,-0.5478082920083481,0.01087390011141264,0.8363782290300039
turn,27,102544.894985792,279.92900000000003,rf_foot_link,0.20505175868669467,-0.14938749749710717,-0.0023717957368781517,-0.01610253110221157,-0.5478082920083481,0.01087390011141264,0.8363782290300039
turn,27,102544.894985792,279.92900000000003,lf_hip_link,0.19338086002841245,0.04650639428078241,0.18907280800294293,0.028414836978095482,0.005341861806113127,-8.57315711248908e-05,0.9995819397138237
turn,27,102544.894985792,279.92900000000003,lf_upper_leg_link,0.1934262194461576,0.1418521789114971,0.1944976854832721,0.024408405033825346,0.5189332317300963,0.014547854621859521,0.8543423732297047
turn,27,102544.894985792,279.92900000000003,lf_lower_leg_link,0.0044092787718709656,0.14751958470558468,0.0964697473753106,0.02418871608303363,-0.5173883364838755,-0.014910275807255213,0.8552788428109594
turn,27,102544.894985792,279.92900000000003,lf_foot_link,0.19307273293952706,0.15304637847915184,-0.0022447683359726744,0.02418871608303363,-0.5173883364838755,-0.014910275807255213,0.8552788428109594
turn,27,102544.894985792,279.92900000000003,rh_hip_link,-0.19340885564884666,-0.046517407972345014,0.1909511212558472,-0.0077940319506810555,0.005341463467494738,0.00010772874879458447,0.9999553541176195
turn,27,102544.894985792,279.92900000000003,rh_upper_leg_link,-0.19338032875291566,-0.14200580309129446,0.19243960498891083,-0.006811529684808997,0.5028207304978036,-0.0037896705509212546,0.8643555717655341
turn,27,102544.894985792,279.92900000000003,rh_lower_leg_link,-0.37853769868621356,-0.14370216010624912,0.08716439075373746,-0.006456205468738125,-0.5443338500150726,0.004367602371666851,0.8388324631225456
turn,27,102544.894985792,279.92900000000003,rh_foot_link,-0.1840119971032447,-0.14499645073879208,0.00040566649264528465,-0.006456205468738125,-0.5443338500150726,0.004367602371666851,0.8388324631225456
turn,27,102544.894985792,279.92900000000003,lh_hip_link,-0.19339705923253006,0.04645526519842462,0.19320542920415743,0.0627825742710949,0.005335751318909484,-0.0002694351882242245,0.9980129285387221
turn,27,102544.894985792,279.92900000000003,lh_upper_leg_link,-0.19328171585962803,0.14120239587098618,0.20517279838969127,0.05542817056004941,0.47719670255609603,0.029486304207076812,0.8765509584970874
turn,27,102544.894985792,279.92900000000003,lh_lower_leg_link,-0.37216831699783154,0.15590572149981677,0.09048890174908253,0.05256522505878273,-0.5376621750889066,-0.03433105506601451,0.8408196365756688
turn,27,102544.894985792,279.92900000000003,lh_foot_link,-0.17881478338825163,0.16687069043199254,0.0018143253643855273,0.05256522505878273,-0.5376621750889066,-0.03433105506601451,0.8408196365756688
turn,27,102544.894985792,279.92900000000003,d435_link,0.34084044613033215,0.017112227873827386,0.22188317327768947,0.005353277859950731,0.011397879365663142,3.778045339336959e-05,0.9999207115240474
turn,27,102544.894985792,279.92900000000003,velodyne_base_link,0.20175359114148578,-0.000826567788051225,0.2633746950563972,0.005353277859950731,0.011397879365663142,3.778045339336959e-05,0.9999207115240474
turn,27,102544.894985792,279.92900000000003,gps_frame,0.001577612816155674,-0.0007590367214970281,0.25793657579952056,0.005353277859950731,0.011397879365663142,3.778045339336959e-05,0.9999207115240474
turn,28,102544.995217966,280.029,trunk,-1.6853849430995946e-05,-1.1506051969471798e-05,0.20655648188182812,0.001488314563721114,-0.0016206364947481103,0.0002744726317036902,0.999997541557921
turn,28,102544.995217966,280.029,imu_link,-1.6853849430995946e-05,-1.1506051969471798e-05,0.20655648188182812,0.001488314563721114,-0.0016206364947481103,0.0002744726317036902,0.999997541557921
turn,28,102544.995217966,280.029,rf_hip_link,0.19338925744085103,-0.04640331047443171,0.20531294656865837,-0.013591956037196984,-0.009990337503877822,0.00011417944397990084,0.9998577093020267
turn,28,102544.995217966,280.029,rf_upper_leg_link,0.19338512705996014,-0.14186802240201196,0.20790885864807657,-0.011563449850398255,0.5242053692999552,-0.0071442937663458075,0.8514833976603625
turn,28,102544.995217966,280.029,rf_lower_leg_link,0.0032039100957979576,-0.14446705198685214,0.11202690122517357,-0.011711263654804615,-0.5089084656802804,0.006899319493267111,0.8607133200160669
turn,28,102544.995217966,280.029,rf_foot_link,0.18983668049319946,-0.14726541127822684,0.009414142763727013,-0.011711263654804615,-0.5089084656802804,0.006899319493267111,0.8607133200160669
turn,28,102544.995217966,280.029,lf_hip_link,0.1933017429506077,0.04657397504165494,0.2073664117556295,0.030423316989303253,-0.009975633639546875,0.0005537272580938372,0.9994871694539063
turn,28,102544.995217966,280.029,lf_upper_leg_link,0.19313806833615038,0.14189713103902787,0.21317323027535948,0.026256326859285983,0.4806559899212325,0.01537823560641211,0.8763811582424237
turn,28,102544.995217966,280.029,lf_lower_leg_link,0.013518734320836452,0.14855078630944696,0.09888576937330999,0.02675002768873254,-0.500957640541745,-0.01450244286870412,0.8649367361560844
turn,28,102544.995217966,280.029,lf_foot_link,0.19826837703528913,0.1553122464153479,-0.0069010548257290305,0.02675002768873254,-0.500957640541745,-0.01450244286870412,0.8649367361560844
turn,28,102544.995217966,280.029,rh_hip_link,-0.19333352189968167,-0.04659667289716494,0.19758672173973427,-0.007533382449541914,-0.009989462276361463,0.00017471066357445776,0.9999217110696628
turn,28,102544.995217966,280.029,rh_upper_leg_link,-0.19331452837342047,-0.14208582746355003,0.19902581848525644,-0.006748953853940242,0.4565635162977268,-0.003351715504695749,0.8896589083524699
turn,28,102544.995217966,280.029,rh_lower_leg_link,-0.3663593153259129,-0.14399174971770162,0.0748450262147623,-0.006306142119091579,-0.5362975841743699,0.004124917759283434,0.8439953310497562
turn,28,102544.995217966,280.029,rh_foot_link,-0.17352672215552703,-0.1453166825961746,-0.015614000775649117,-0.006306142119091579,-0.5362975841743699,0.004124917759283434,0.8439953310497562
turn,28,102544.995217966,280.029,lh_hip_link,-0.193421036389925,0.046380612618921714,0.1996401869267054,0.03778990541859511,-0.00997128099357458,0.0006272445567668882,0.9992357595523025
turn,28,102544.995217966,280.029,lh_upper_leg_link,-0.19361271997066531,0.14160777477495115,0.2068513480755182,0.03233333950293541,0.4945506805833261,0.019571038395248062,0.8683266401229947
turn,28,102544.995217966,280.029,lh_lower_leg_link,-0.3768201236434208,0.14944490942563785,0.09848794761228531,0.032339412127921914,-0.5397215866460381,-0.019561002287735014,0.8409947315655448
turn,28,102544.995217966,280.029,lh_foot_link,-0.18318795710786823,0.15653345571858235,0.010027015025064812,0.032339412127921914,-0.5397215866460381,-0.019561002287735014,0.8409947315655448
turn,28,102544.995217966,280.029,d435_link,0.33983713939619303,0.017549847817522866,0.2492104632349663,0.001488314563721114,-0.0016206364947481103,0.0002744726317036902,0.999997541557921
turn,28,102544.995217966,280.029,velodyne_base_link,0.19972282958999685,-0.00014088299198102927,0.28720412363981485,0.001488314563721114,-0.0016206364947481103,0.0002744726317036902,0.999997541557921
turn,28,102544.995217966,280.029,gps_frame,-0.0002436852106758829,-0.00021993185349043155,0.2765558040658237,0.001488314563721114,-0.0016206364947481103,0.0002744726317036902,0.999997541557921
turn,29,102545.09515319,280.129,trunk,-1.8059907230447896e-05,-3.279952990615767e-06,0.19159649047830798,-0.032501683989362,-0.034472650212553996,0.0010009653172087054,0.9988765063778466
turn,29,102545.09515319,280.129,imu_link,-1.8059907230447896e-05,-3.279952990615767e-06,0.19159649047830798,-0.032501683989362,-0.034472650212553996,0.0010009653172087054,0.9988765063778466
turn,29,102545.09515319,280.129,rf_hip_link,0.19286268096563058,-0.04566767821965628,0.2151564548822673,-0.017642029560504535,-0.034427850639545954,0.001240023423358613,0.9992506913859189
turn,29,102545.09515319,280.129,rf_upper_leg_link,0.19298333893257827,-0.1411079374564214,0.21853171168347313,-0.01566326945561624,0.49561320007354,-0.008212238127633255,0.8683632748151899
turn,29,102545.09515319,280.129,rf_lower_leg_link,0.00958994191927039,-0.14516827736551247,0.1102756468568693,-0.014134231614555307,-0.5720455749212842,0.010630256900484537,0.8200311465718075
turn,29,102545.09515319,280.129,rf_foot_link,0.20948849902153036,-0.14751533234730266,0.036763347196561186,-0.014134231614555307,-0.5720455749212842,0.010630256900484537,0.8200311465718075
turn,29,102545.09515319,280.129,lf_hip_link,0.19297945291899776,0.047092312266262364,0.2084803385439173,-0.020726067373597543,-0.03443151390907578,0.0011337582098864363,0.9991914809351988
turn,29,102545.09515319,280.129,lf_upper_leg_link,0.1928993834904662,0.14251001890845977,0.20451740427368617,-0.018597149336956123,0.4620761019895027,-0.009219615664025366,0.8865973272538855
turn,29,102545.09515319,280.129,lf_lower_leg_link,0.018304605972909185,0.13730088288738565,0.08262184009882102,-0.016728725240257786,-0.5754863356400077,0.01228841032393334,0.8175479326713407
turn,29,102545.09515319,280.129,lf_foot_link,0.2188199234111251,0.13448727109887607,0.010825662893101773,-0.016728725240257786,-0.5754863356400077,0.01228841032393334,0.8175479326713407
turn,29,102545.09515319,280.129,rh_hip_link,-0.1930191992924944,-0.04709610851157107,0.18855994993603148,-0.06803271978812318,-0.03444656850264273,-0.0004984738128572399,0.9970881277402119
turn,29,102545.09515319,280.129,rh_upper_leg_link,-0.1935617378606023,-0.14171202691892998,0.20151308221490957,-0.05937464492036815,0.4502385664721659,-0.03321672738984975,0.8903126045514449
turn,29,102545.09515319,280.129,rh_lower_leg_link,-0.36516531658908286,-0.15786021425416916,0.07637137128939853,-0.05673251444078766,-0.5850027630129274,0.037551581100364,0.8081726720381786
turn,29,102545.09515319,280.129,rh_foot_link,-0.16285210520318863,-0.1680338990055885,0.010531712744527827,-0.05673251444078766,-0.5850027630129274,0.037551581100364,0.8081726720381786
turn,29,102545.09515319,280.129,lh_hip_link,-0.1929024273391272,0.04566388197434758,0.18188383359768145,-0.04276095779056544,-0.03444814482255917,0.00037400004458936826,0.9984912047339647
turn,29,102545.09515319,280.129,lh_upper_leg_link,-0.1926924037560062,0.14081461185139235,0.17372635273897377,-0.036408020604721744,0.501972593225569,-0.02242978873832809,0.8638257210011737
turn,29,102545.09515319,280.129,lh_lower_leg_link,-0.3777610583449741,0.13221322649794864,0.06863301680071932,-0.03483352537719258,-0.6002757112884151,0.024804533799214074,0.7986491288732415
turn,29,102545.09515319,280.129,lh_foot_link,-0.17316446075543787,0.1267049589427744,0.009650890327304124,-0.03483352537719258,-0.6002757112884151,0.024804533799214074,0.7986491288732415
turn,29,102545.09515319,280.129,d435_link,0.336316676130368,0.021593234143635964,0.2551656332552342,-0.032501683989362,-0.034472650212553996,0.0010009653172087054,0.9988765063778466
turn,29,102545.09515319,280.129,velodyne_base_link,0.19399156132014012,0.006033730036416319,0.28499788972692747,-0.032501683989362,-0.034472650212553996,0.0010009653172087054,0.9988765063778466
turn,29,102545.09515319,280.129,gps_frame,-0.0048433633927960455,0.004537012814850379,0.26128222924783295,-0.032501683989362,-0.034472650212553996,0.0010009653172087054,0.9988765063778466
turn,30,102545.196545457,280.22900000000004,trunk,-2.068046240681733e-05,3.8108432506927916e-06,0.1899792679214984,-0.01755195675919073,-0.015639660815336555,0.0012682310355244639,0.999722822293032
turn,30,102545.196545457,280.22900000000004,imu_link,-2.068046240681733e-05,3.8108432506927916e-06,0.1899792679214984,-0.01755195675919073,-0.015639660815336555,0.0012682310355244639,0.999722822293032
turn,30,102545.196545457,280.22900000000004,rf_hip_link,0.19339645345966588,-0.045785857968229676,0.19180873759547531,-0.006889431226761249,-0.017428953254330803,0.0017003965866215802,0.999822922310385
turn,30,102545.196545457,280.22900000000004,rf_upper_leg_link,0.19369823726238466,-0.14127624004649428,0.1931300464478857,-0.006862109097265952,0.46362865564341527,-0.001807503780711714,0.8860011930325487
turn,30,102545.196545457,280.22900000000004,rf_lower_leg_link,0.01870257255935359,-0.14350925804985779,0.0717194580886286,-0.004939478917717497,-0.5449380935670229,0.005094816895776697,0.8384462526413715
turn,30,102545.196545457,280.22900000000004,rf_foot_link,0.21335324801828318,-0.14409080248511918,-0.014766242171312033,-0.004939478917717497,-0.5449380935670229,0.005094816895776697,0.8384462526413715
turn,30,102545.196545457,280.22900000000004,lf_hip_link,0.19313228658977533,0.04718919246733468,0.1896709320923672,-0.031192136376614315,-0.017465137868489577,0.0012762128850994634,0.9993599906280866
turn,30,102545.196545457,280.22900000000004,lf_upper_leg_link,0.19299273795305488,0.1425030480519412,0.18371278978332792,-0.028232082932913728,0.4476402124439172,-0.013323947775883901,0.8936686534236832
turn,30,102545.196545457,280.22900000000004,lf_lower_leg_link,0.02241458957893216,0.134295820351085,0.056414962972647115,-0.02512763813854105,-0.5741173845891345,0.018525115185713075,0.8181776400155815
turn,30,102545.196545457,280.22900000000004,lf_foot_link,0.22271787224065304,0.13006850264861106,-0.015901872826363822,-0.02512763813854105,-0.5741173845891345,0.018525115185713075,0.8181776400155815
turn,30,102545.196545457,280.22900000000004,rh_hip_link,-0.19316631454992583,-0.04719394229956702,0.17833714944565346,-0.009268834355495201,-0.017432950577157078,0.0016589135805825579,0.9998036952070125
turn,30,102545.196545457,280.22900000000004,rh_upper_leg_link,-0.1928803866337622,-0.14267700761221275,0.18011267295374692,-0.008882141159222002,0.477696924596768,-0.0031258363688945407,0.8784742369279889
turn,30,102545.196545457,280.22900000000004,rh_lower_leg_link,-0.37434724448300777,-0.1437119243362775,0.06938998353383748,-0.0007040370458287384,-0.5423825016711019,0.0024689637158462753,0.8401277464951418
turn,30,102545.196545457,280.22900000000004,rh_foot_link,-0.18023083313446264,-0.1433934289891283,-0.01828964583283041,-0.0007040370458287384,-0.5423825016711019,0.0024689637158462753,0.8401277464951418
turn,30,102545.196545457,280.22900000000004,lh_hip_link,-0.19349810414772398,0.045819217695974454,0.17906278329407224,-0.010732099744901708,-0.012601500995915872,0.0016054294719109231,0.9998617138404321
turn,30,102545.196545457,280.22900000000004,lh_upper_leg_link,-0.19377886782516765,0.14129672642054822,0.17700937161923183,-0.01021382400418376,0.4621209125271031,-0.0036651286383098587,0.8867505324703187
turn,30,102545.196545457,280.22900000000004,lh_lower_leg_link,-0.3683636363222713,0.13815992599381854,0.05502855717738761,-0.007995548990100654,-0.5700130932864474,0.007336658985580558,0.8215639464541346
turn,30,102545.196545457,280.22900000000004,lh_foot_link,-0.16884190695160767,0.13714312231338213,-0.0195304504555949,-0.007995548990100654,-0.5700130932864474,0.007336658985580558,0.8215639464541346
turn,30,102545.196545457,280.22900000000004,d435_link,0.33847755083497943,0.019996556981259583,0.2414354386923821,-0.01755195675919073,-0.015639660815336555,0.0012682310355244639,0.999722822293032
turn,30,102545.196545457,280.22900000000004,velodyne_base_link,0.1973756228516323,0.003425126434629197,0.27613606705874627,-0.01755195675919073,-0.015639660815336555,0.0012682310355244639,0.999722822293032
turn,30,102545.196545457,280.22900000000004,gps_frame,-0.002212742472490244,0.002457626829527219,0.2599018940967891,-0.01755195675919073,-0.015639660815336555,0.0012682310355244639,0.999722822293032
turn,31,102545.301516374,280.334,trunk,-1.7607619102235944e-05,-1.034696871712747e-06,0.2105943008683733,0.0038354915002487317,0.004434421747131087,0.00048301844374631025,0.9999826956512313
turn,31,102545.301516374,280.334,imu_link,-1.7607619102235944e-05,-1.034696871712747e-06,0.2105943008683733,0.0038354915002487317,0.004434421747131087,0.00048301844374631025,0.9999826956512313
turn,31,102545.301516374,280.334,rf_hip_link,0.1934355371238408,-0.04625424637832379,0.21096421059461254,-0.002739627786031463,-0.003649042271544806,0.0006184806268892448,0.9999893981497047
turn,31,102545.301516374,280.334,rf_upper_leg_link,0.1935517562408206,-0.14175273975529362,0.2114879050147587,-0.0026797189107554075,0.49901783342391315,-0.0008409430724923188,0.8665871645981216
turn,31,102545.301516374,280.334,rf_lower_leg_link,0.009330312830222004,-0.14256323219937383,0.1045729720553554,-0.0020176895836865223,-0.523459561333223,0.0019537163140322823,0.8520458905306322
turn,31,102545.301516374,280.334,rf_foot_link,0.1993329201268564,-0.1428599295412166,0.008302928993309006,-0.0020176895836865223,-0.523459561333223,0.0019537163140322823,0.8520458905306322
turn,31,102545.301516374,280.334,lf_hip_link,0.19331060905752923,0.04673914259789618,0.21206602713818762,-0.006018255551651252,-0.0036510504567539744,0.0006065132707491135,0.9999750409746884
turn,31,102545.301516374,280.334,lf_upper_leg_link,0.1931989647485144,0.1422321544315737,0.2109161460654768,-0.005441062844440746,0.521720456609005,-0.002642365106381452,0.8530950579492643
turn,31,102545.301516374,280.334,lf_lower_leg_link,0.0035899770415951226,0.14084204490926022,0.11388264990938995,-0.004748108152122882,-0.540760195685606,0.0037473627003961232,0.8411550531880746
turn,31,102545.301516374,280.334,lf_foot_link,0.19736926772574753,0.14000390244300223,0.025463850894966472,-0.004748108152122882,-0.540760195685606,0.0037473627003961232,0.8411550531880746
turn,31,102545.301516374,280.334,rh_hip_link,-0.1933538660818644,-0.04674043161157492,0.20814265221433043,0.018376897846977706,-0.0036351687200475223,0.0006953964064806816,0.9998242803601723
turn,31,102545.301516374,280.334,rh_upper_leg_link,-0.19320830931070762,-0.14217583656700256,0.2046337643249986,0.015130503255856936,0.5337172476675452,0.0104528379813763,0.8454630125508388
turn,31,102545.301516374,280.334,rh_lower_leg_link,-0.3855031538835134,-0.13910291924384807,0.11307913620688814,0.015980351640287483,-0.5303704338469952,-0.009100676463492231,0.8475665218437486
turn,31,102545.301516374,280.334,rh_foot_link,-0.19394388046393268,-0.13538918699583882,0.02001865608910461,0.015980351640287483,-0.5303704338469952,-0.009100676463492231,0.8475665218437486
turn,31,102545.301516374,280.334,lh_hip_link,-0.19347879414817595,0.04625295736464505,0.2092444687579055,0.025384656486601834,-0.0036302050762643916,0.000720859826611551,0.9996709064423511
turn,31,102545.301516374,280.334,lh_upper_leg_link,-0.1936340340022545,0.14162978138369306,0.21409084272482676,0.021724969970819175,0.4900135568005701,0.013150137018274912,0.871344830550926
turn,31,102545.301516374,280.334,lh_lower_leg_link,-0.3756452884969048,0.14694890039627145,0.10358016355664122,0.02217659497405751,-0.5147791723360956,-0.012373320459319164,0.8569466163683312
turn,31,102545.301516374,280.334,lh_foot_link,-0.1876034919175657,0.15233125292984107,0.003678646949440506,0.02217659497405751,-0.5147791723360956,-0.012373320459319164,0.8569466163683312
turn,31,102545.301516374,280.334,d435_link,0.34032075648329246,0.017520292170326298,0.2492116677506278,0.0038354915002487317,0.004434421747131087,0.00048301844374631025,0.9999826956512313
turn,31,102545.301516374,280.334,velodyne_base_link,0.20068422503975616,-0.0004143527034651615,0.28881580389408246,0.0038354915002487317,0.004434421747131087,0.00048301844374631025,0.9999826956512313
turn,31,102545.301516374,280.334,gps_frame,0.0006034600484658096,-0.0005376943479621985,0.2805894883555941,0.0038354915002487317,0.004434421747131087,0.00048301844374631025,0.9999826956512313
turn,32,102545.403551034,280.434,trunk,-1.8884595318701058e-05,-5.122292853790071e-06,0.18984630391979354,0.0031746076291266838,0.011299926350617783,-5.4854083667619525e-05,0.9999311128882336
turn,32,102545.403551034,280.434,imu_link,-1.8884595318701058e-05,-5.122292853790071e-06,0.18984630391979354,0.0031746076291266838,0.011299926350617783,-5.4854083667619525e-05,0.9999311128882336
turn,32,102545.403551034,280.434,rf_hip_link,0.19335022296825288,-0.04651767281250557,0.18785343308825492,-0.023540050131971902,0.007890188130909182,0.00014209681393699233,0.9996917478800845
turn,32,102545.403551034,280.434,rf_upper_leg_link,0.1934128305596139,-0.14191182936952704,0.19234798257223992,-0.020529722731766748,0.5012828279931247,-0.01151888172858205,0.8649632201472471
turn,32,102545.403551034,280.434,rf_lower_leg_link,0.008602235235814475,-0.14701668853369693,0.086574714356793,-0.019648037755781906,-0.5389541021377965,0.012965676382960142,0.8420061292158872
turn,32,102545.403551034,280.434,rf_foot_link,0.2020306908159777,-0.15108748648857528,-0.0025199609941136403,-0.019648037755781906,-0.5389541021377965,0.012965676382960142,0.8420061292158872
turn,32,102545.403551034,280.434,lf_hip_link,0.19336881146089396,0.046479962994131714,0.1885162972100799,0.02198933462861094,0.007888477840221972,-0.00021720407454307376,0.9997270597029698
turn,32,102545.403551034,280.434,lf_upper_leg_link,0.19344341743031385,0.1418875995932631,0.19271478652379928,0.018993345898070016,0.5191286045750664,0.011082906956899572,0.8544131985736908
turn,32,102545.403551034,280.434,lf_lower_leg_link,0.004401302575948505,0.14634982664847712,0.09467312527157096,0.01867391383312705,-0.5128014483221273,-0.011613051156865395,0.8582255511132896
turn,32,102545.403551034,280.434,lf_foot_link,0.1919759895963655,0.1506401751177494,-0.006155093492844765,0.01867391383312705,-0.5128014483221273,-0.011613051156865395,0.8582255511132896
turn,32,102545.403551034,280.434,rh_hip_link,-0.19340160089042124,-0.04648388009869112,0.19395798876755976,-0.01629401054801172,0.007891010767021896,8.490771705623254e-05,0.9998361015486567
turn,32,102545.403551034,280.434,rh_upper_leg_link,-0.19336082811784552,-0.14193316921878088,0.19706950673320636,-0.01422011606811713,0.4995680409240777,-0.007955519346240683,0.8661213947814821
turn,32,102545.403551034,280.434,rh_lower_leg_link,-0.37773349895545516,-0.1454868712504577,0.09047171383824751,-0.013546170826855237,-0.544739829971303,0.009055564310896857,0.8384467876101481
turn,32,102545.403551034,280.434,rh_foot_link,-0.1831119787105852,-0.14822384322906165,0.003961755787373289,-0.013546170826855237,-0.544739829971303,0.009055564310896857,0.8384467876101481
turn,32,102545.403551034,280.434,lh_hip_link,-0.19338301239778016,0.046513755707946164,0.19462085288938474,0.05176946337577015,0.007878502631711087,-0.00045216869395465874,0.9986278823473432
turn,32,102545.403551034,280.434,lh_upper_leg_link,-0.19321886430109775,0.14150182188515026,0.2044945725186558,0.04597893468265806,0.4736864394996732,0.023795364258419393,0.879170560949
turn,32,102545.403551034,280.434,lh_lower_leg_link,-0.371093144306162,0.15392048205003908,0.08798055021923888,0.04313427995883472,-0.5383720688219651,-0.028630677378921224,0.8411154699074403
turn,32,102545.403551034,280.434,lh_foot_link,-0.17766015956193315,0.16280980408956633,-0.000753098227201765,0.04313427995883472,-0.5383720688219651,-0.028630677378921224,0.8411154699074403
turn,32,102545.403551034,280.434,d435_link,0.3408352754248922,0.01721809445654336,0.2237624122124582,0.0031746076291266838,0.011299926350617783,-5.4854083667619525e-05,0.9999311128882336
turn,32,102545.403551034,280.434,velodyne_base_link,0.2017378746734631,-0.0005207146877336399,0.26530453245612473,0.0031746076291266838,0.011299926350617783,-5.4854083667619525e-05,0.9999311128882336
turn,32,102545.403551034,280.434,gps_frame,0.001562971735440313,-0.00044962352298921364,0.25982701661411556,0.0031746076291266838,0.011299926350617783,-5.4854083667619525e-05,0.9999311128882336
turn,33,102545.495946683,280.529,trunk,-1.7593023030491538e-05,-6.083246711005982e-06,0.2047795668363396,-0.007070927296039331,-0.019945428918633927,0.00013177818929551919,0.9997760571682713
turn,33,102545.495946683,280.529,imu_link,-1.7593023030491538e-05,-6.083246711005982e-06,0.2047795668363396,-0.007070927296039331,-0.019945428918633927,0.00013177818929551919,0.9997760571682713
turn,33,102545.495946683,280.529,rf_hip_link,0.193388779604907,-0.04644615620937228,0.20239244421177935,-0.01596408542400037,-0.006828926499006469,2.7871670988579665e-05,0.9998492451177909
turn,33,102545.495946683,280.529,rf_upper_leg_link,0.19337327993642087,-0.14189747932452357,0.20544116120869044,-0.013508300600595895,0.5285419450971014,-0.00850756223243564,0.8487570674066389
turn,33,102545.495946683,280.529,rf_lower_leg_link,0.002219141839627841,-0.14486612938467994,0.11152480158326351,-0.013832190667969079,-0.5035886794748046,0.007970150662300796,0.8637960344343841
turn,33,102545.495946683,280.529,rf_foot_link,0.18757521329658683,-0.14824623226317687,0.006640571698244696,-0.013832190667969079,-0.5035886794748046,0.007970150662300796,0.8637960344343841
turn,33,102545.495946683,280.529,lf_hip_link,0.19334166337232556,0.046540309423134925,0.20397831597052382,0.030293064676521465,-0.006820330791949711,0.0003436594931891947,0.9995177313177317
turn,33,102545.495946683,280.529,lf_upper_leg_link,0.1932365937988797,0.14186501194009035,0.20976105324958833,0.026254147356910996,0.4829279440988385,0.01511646836747179,0.8751358825571752
turn,33,102545.495946683,280.529,lf_lower_leg_link,0.013028181268960942,0.14854289482809385,0.09640615069314522,0.02650771017472029,-0.49973446583729303,-0.014667282319373351,0.8656487022949738
turn,33,102545.495946683,280.529,lf_foot_link,0.1974790619198553,0.15519557427433273,-0.009907604217944094,0.02650771017472029,-0.49973446583729303,-0.014667282319373351,0.8656487022949738
turn,33,102545.495946683,280.529,rh_hip_link,-0.19337514354829438,-0.04655205047258943,0.19711072729873588,-0.013924825814644898,-0.006828855450637109,4.179943995190113e-05,0.9998797248729834
turn,33,102545.495946683,280.529,rh_upper_leg_link,-0.193385323124432,-0.14201501509104758,0.19977010366007175,-0.012338740458378687,0.46006851842245794,-0.006454301283806796,0.8877742144461074
turn,33,102545.495946683,280.529,rh_lower_leg_link,-0.3674133970598761,-0.14541645247099055,0.07700341556403358,-0.011753214316203913,-0.5394489910598749,0.007467561476061689,0.8419031319120519
turn,33,102545.495946683,280.529,rh_foot_link,-0.1739022312514607,-0.1479156664319647,-0.011969516482995407,-0.011753214316203913,-0.5394489910598749,0.007467561476061689,0.8419031319120519
turn,33,102545.495946683,280.529,lh_hip_link,-0.19342225978087582,0.04643441515991777,0.19869659905748036,0.03472489688278296,-0.006818739859954442,0.0003738992927847465,0.9993735770584097
turn,33,102545.495946683,280.529,lh_upper_leg_link,-0.1935388547973055,0.1417040771314554,0.20532441268122584,0.02982824621851374,0.49659355468690575,0.017782969148282708,0.8672882353515595
turn,33,102545.495946683,280.529,lh_lower_leg_link,-0.3772386525481058,0.14896259705542728,0.09775723276640076,0.02957539429525443,-0.5386742220592865,-0.018200393305675737,0.8417981493354695
turn,33,102545.495946683,280.529,lh_foot_link,-0.1838375293122288,0.15539197201327007,0.008742241507890963,0.02957539429525443,-0.5386742220592865,-0.018200393305675737,0.8417981493354695
turn,33,102545.495946683,280.529,d435_link,0.33805702520840647,0.018264194918846958,0.25955409963600184,-0.007070927296039331,-0.019945428918633927,0.00013177818929551919,0.9997760571682713
turn,33,102545.495946683,280.529,velodyne_base_link,0.19663256892458608,0.0012337037662116593,0.29268392812825017,-0.007070927296039331,-0.019945428918633927,0.00013177818929551919,0.9997760571682713
turn,33,102545.495946683,280.529,gps_frame,-0.00280945819378215,0.0009832569148960062,0.2747168722956792,-0.007070927296039331,-0.019945428918633927,0.00013177818929551919,0.9997760571682713
turn,34,102545.59813394,280.629,trunk,-1.621476021908628e-05,-3.2533561091379884e-06,0.1923465909144497,-0.034991857657191414,-0.03541790678957343,0.0005105986660240088,0.9987596713250622
turn,34,102545.59813394,280.629,imu_link,-1.621476021908628e-05,-3.2533561091379884e-06,0.1923465909144497,-0.034991857657191414,-0.03541790678957343,0.0005105986660240088,0.9987596713250622
turn,34,102545.59813394,280.629,rf_hip_link,0.19314378983260128,-0.0460383306699651,0.21256862875751642,-0.00538138210470919,-0.0246601343859488,0.0009453223325078447,0.9996809615394292
turn,34,102545.59813394,280.629,rf_upper_leg_link,0.19329894202289769,-0.14153262876460032,0.21360059736692388,-0.005071332236907671,0.5060024030242166,-0.002033346259770682,0.8625147623235495
turn,34,102545.59813394,280.629,rf_lower_leg_link,0.007373434153288079,-0.14295769283620188,0.10968392538489975,-0.004012772027491669,-0.561940356350828,0.0037081758756297906,0.827159708276845
turn,34,102545.59813394,280.629,rf_foot_link,0.20539071650392032,-0.14348398587420697,0.03121177168622674,-0.004012772027491669,-0.561940356350828,0.0037081758756297906,0.827159708276845
turn,34,102545.59813394,280.629,lf_hip_link,0.19314787764291586,0.04686923811748296,0.2084233126905056,-0.010508507975214295,-0.024664658442615842,0.0008188321894571747,0.9996402129755932
turn,34,102545.59813394,280.629,lf_upper_leg_link,0.19304104201747266,0.1423480181653132,0.2064130523274709,-0.009551593708957279,0.4703358601347004,-0.004457160939279778,0.8824245460351451
turn,34,102545.59813394,280.629,lf_lower_leg_link,0.016217609173753873,0.13965050176687321,0.08768985744692948,-0.008365841616803883,-0.5653044602039737,0.006411857769959183,0.8248149901932398
turn,34,102545.59813394,280.629,lf_foot_link,0.21487215859615075,0.13825508774248,0.010856122580758881,-0.008365841616803883,-0.5653044602039737,0.006411857769959183,0.8248149901932398
turn,34,102545.59813394,280.629,rh_hip_link,-0.1931850754963657,-0.046872059769846264,0.193501570530802,-0.05306761378217724,-0.024677154044886372,-0.00023222939163726196,0.9982859372470496
turn,34,102545.59813394,280.629,rh_upper_leg_link,-0.19347948079841876,-0.14183416068730856,0.203619016594895,-0.046424868785536776,0.45815762667911175,-0.025709086356196353,0.8872853901382232
turn,34,102545.59813394,280.629,rh_lower_leg_link,-0.367163987442633,-0.1543642238560973,0.08095814398776702,-0.0441658502760741,-0.577560782849049,0.02942113581111498,0.8146209649596363
turn,34,102545.59813394,280.629,rh_foot_link,-0.16618036892713503,-0.16245223145841864,0.010892680159704071,-0.0441658502760741,-0.577560782849049,0.02942113581111498,0.8146209649596363
turn,34,102545.59813394,280.629,lh_hip_link,-0.19318098768605113,0.0460355090176018,0.18935625446379117,-0.028116557570856886,-0.02467525568950819,0.0003842120544510811,0.9992999766477129
turn,34,102545.59813394,280.629,lh_upper_leg_link,-0.19312180821737648,0.14138448752775104,0.18398794049555225,-0.024020148950558363,0.5102514289285097,-0.014619195358537545,0.859565466295544
turn,34,102545.59813394,280.629,lh_lower_leg_link,-0.38011266052116593,0.13576664438756839,0.08214560650248844,-0.02278188870456199,-0.5948269055278024,0.01648253547216102,0.8033618512424403
turn,34,102545.59813394,280.629,lh_foot_link,-0.17638380617889604,0.13214656253926027,0.020093620911390553,-0.02278188870456199,-0.5948269055278024,0.01648253547216102,0.8033618512424403
turn,34,102545.59813394,280.629,d435_link,0.3362186018582561,0.021542629856471388,0.25645917166214893,-0.034991857657191414,-0.03541790678957343,0.0005105986660240088,0.9987596713250622
turn,34,102545.59813394,280.629,velodyne_base_link,0.19381921470843702,0.006285327634078652,0.28609241765799853,-0.034991857657191414,-0.03541790678957343,0.0005105986660240088,0.9987596713250622
turn,34,102545.59813394,280.629,gps_frame,-0.0049710728838215385,0.004886998712241425,0.26199955076313786,-0.034991857657191414,-0.03541790678957343,0.0005105986660240088,0.9987596713250622
turn,35,102545.69973039,280.72900000000004,trunk,-1.500863099317267e-05,-4.04614383490396e-06,0.19154391051183814,-0.02389652923138427,-0.01991087829360033,0.0015205503803134744,0.9995149827505398
turn,35,102545.69973039,280.72900000000004,imu_link,-1.500863099317267e-05,-4.04614383490396e-06,0.19154391051183814,-0.02389652923138427,-0.01991087829360033,0.0015205503803134744,0.9995149827505398
turn,35,102545.69973039,280.72900000000004,rf_hip_link,0.19313751846917576,-0.045549407234060396,0.19764503237041245,-0.02685016893338316,-0.028067893224555013,0.0015132808786883078,0.9992442002729693
turn,35,102545.69973039,280.72900000000004,rf_upper_leg_link,0.19328239377732115,-0.1409112719102235,0.20277765125654093,-0.024314551922950744,0.4524351431303031,-0.011490176480592034,0.8913917318832911
turn,35,102545.69973039,280.72900000000004,rf_lower_leg_link,0.021358879628747423,-0.14792972027702134,0.0772306613868999,-0.02199064348838215,-0.552121640392435,0.015480090107486248,0.8333297502307221
turn,35,102545.69973039,280.72900000000004,rf_foot_link,0.2175062369114439,-0.1520953888400812,-0.005702211687876185,-0.02199064348838215,-0.552121640392435,0.015480090107486248,0.8333297502307221
turn,35,102545.69973039,280.72900000000004,lf_hip_link,0.1930262429321663,0.047286136701101676,0.19211788120390247,-0.05333715601546056,-0.028098150762760822,0.0007684873427639003,0.9981808709543073
turn,35,102545.69973039,280.72900000000004,lf_upper_leg_link,0.1931659758745659,0.14224265712924047,0.18194489231738217,-0.04766221725187232,0.4361077702245882,-0.02395320085602119,0.8983120671376535
turn,35,102545.69973039,280.72900000000004,lf_lower_leg_link,0.02578949586730159,0.12845330640859795,0.05093356552812722,-0.04367134075576864,-0.5845866797032526,0.03063097747717347,0.8095757970251539
turn,35,102545.69973039,280.72900000000004,lf_foot_link,0.2279711930679159,0.1210201180004913,-0.01567205756158402,-0.04367134075576864,-0.5845866797032526,0.03063097747717347,0.8095757970251539
turn,35,102545.69973039,280.72900000000004,rh_hip_link,-0.19305126276309376,-0.04730220289579284,0.17597955389190936,-0.028775741808192614,-0.028070757319691306,0.001459189015111448,0.9991906024549597
turn,35,102545.69973039,280.72900000000004,rh_upper_leg_link,-0.19292706480564614,-0.1426436399388969,0.1814790954567307,-0.02576924845592253,0.4672111772809464,-0.012888692067487693,0.8836761529398417
turn,35,102545.69973039,280.72900000000004,rh_lower_leg_link,-0.36894835106807333,-0.1497791098399598,0.06175193959052107,-0.023537002881798486,-0.557962129980646,0.016618725719374394,0.8293660765658716
turn,35,102545.69973039,280.72900000000004,rh_foot_link,-0.17164814756641197,-0.15414483116915048,-0.018388999856672972,-0.023537002881798486,-0.557962129980646,0.016618725719374394,0.8293660765658716
turn,35,102545.69973039,280.72900000000004,lh_hip_link,-0.19316253830010321,0.045533341039369235,0.17045240272539938,-0.032749321119382564,-0.028076338557422517,0.0013475393470377616,0.9990682585875384
turn,35,102545.69973039,280.72900000000004,lh_upper_leg_link,-0.19324405762755922,0.14082814326521947,0.16419588425780524,-0.0294871181019279,0.4481010568760565,-0.014312363959710077,0.8933818382586972
turn,35,102545.69973039,280.72900000000004,lh_lower_leg_link,-0.36396243992454064,0.13233801849266424,0.037104768410755856,-0.02634144716480182,-0.58425968706001,0.019505436609730274,0.810904608557916
turn,35,102545.69973039,280.72900000000004,lh_foot_link,-0.16191376069001517,0.12809328607175938,-0.03018054548654825,-0.02634144716480182,-0.58425968706001,0.019505436609730274,0.810904608557916
turn,35,102545.69973039,280.72900000000004,d435_link,0.33802248021316256,0.020812840826185404,0.24563469857057058,-0.02389652923138427,-0.01991087829360033,0.0015205503803134744,0.9995149827505398
turn,35,102545.69973039,280.72900000000004,velodyne_base_link,0.19663548018172822,0.004610945526522356,0.27933506668146757,-0.02389652923138427,-0.01991087829360033,0.0015205503803134744,0.9995149827505398
turn,35,102545.69973039,280.72900000000004,gps_frame,-0.0028062666181033515,0.003335606747417132,0.2614084623061161,-0.02389652923138427,-0.01991087829360033,0.0015205503803134744,0.9995149827505398
turn,36,102545.793925668,280.824,trunk,-9.793482152330647e-06,-1.0009323992415621e-05,0.2131412499311586,0.0051037557585439045,0.0062842404286133574,0.0005879413335046079,0.9999670566195573
turn,36,102545.793925668,280.824,imu_link,-9.793482152330647e-06,-1.0009323992415621e-05,0.2131412499311586,0.0051037557585439045,0.0062842404286133574,0.0005879413335046079,0.9999670566195573
turn,36,102545.793925668,280.824,rf_hip_link,0.1934478614280133,-0.046125714646718954,0.21269824112511154,0.013966901671144807,-0.012100379134966607,0.0011009197044550445,0.9998286325457493
turn,36,102545.793925668,280.824,rf_upper_leg_link,0.1936903809750213,-0.14158822395071988,0.21003356447439991,0.011565529469027742,0.4871994556757875,0.00790726846566726,0.8731783346045237
turn,36,102545.793925668,280.824,rf_lower_leg_link,0.012425906557636462,-0.13892727762885398,0.09820731675562278,0.012513895041293183,-0.5287197848373497,-0.0062999045534502165,0.8486808014530902
turn,36,102545.793925668,280.824,rf_foot_link,0.20361179573551377,-0.13582198543605797,0.0043600315542824675,0.012513895041293183,-0.5287197848373497,-0.0062999045534502165,0.8486808014530902
turn,36,102545.793925668,280.824,lf_hip_link,0.19320869438815844,0.0468342271766016,0.2154170672195669,0.0002741614946252889,-0.012114320302240824,0.0009351165811321518,0.999926144090687
turn,36,102545.793925668,280.824,lf_upper_leg_link,0.19302946594785367,0.14233404580156034,0.21546726449194636,-0.00025656104888017637,0.5137056566850446,0.0009400978532264398,0.8579659367843467
turn,36,102545.793925668,280.824,lf_lower_leg_link,0.005273495878974898,0.14203454470141863,0.1148859242613387,0.0007336696178663443,-0.5474853715328091,0.0006413551568852518,0.8368146857877415
turn,36,102545.793925668,280.824,lf_foot_link,0.20044255386675794,0.14244566796226266,0.029575492414900983,0.0007336696178663443,-0.5474853715328091,0.0006413551568852518,0.8368146857877415
turn,36,102545.793925668,280.824,rh_hip_link,-0.19323793107612627,-0.046846498063728925,0.20332709676003655,0.029356012303861964,-0.012081998514889331,0.0012870552792341938,0.9994951692440589
turn,36,102545.793925668,280.824,rh_upper_leg_link,-0.1929244838733665,-0.1421815825575207,0.1977258990834092,0.024016686240643778,0.5293697575595848,0.016930172819400603,0.8478822016127182
turn,36,102545.793925668,280.824,rh_lower_leg_link,-0.3843048995915731,-0.13732475684536422,0.10435059333543291,0.025714765757981203,-0.5318129914664332,-0.014219099538594458,0.8463518831655349
turn,36,102545.793925668,280.824,rh_foot_link,-0.19240614177972934,-0.1312747736175905,0.012115760147450694,0.025714765757981203,-0.5318129914664332,-0.014219099538594458,0.8463518831655349
turn,36,102545.793925668,280.824,lh_hip_link,-0.19347709811598113,0.04611344375959163,0.20604592285449191,0.02476032209743037,-0.012087788309741582,0.0012314922591991182,0.9996195752636229
turn,36,102545.793925668,280.824,lh_upper_leg_link,-0.19376938948448658,0.14149605704599294,0.2107705020328636,0.020980986978646473,0.4792571318844735,0.013205616568522394,0.8773243478978088
turn,36,102545.793925668,280.824,lh_lower_leg_link,-0.3730050629715169,0.14664138932989715,0.09580485975075051,0.022125211742543314,-0.5051948973431596,-0.011183252161182329,0.8626491323677787
turn,36,102545.793925668,280.824,lh_foot_link,-0.18724632663083496,0.15236536933657432,-0.00826207988906058,0.022125211742543314,-0.5051948973431596,-0.011183252161182329,0.8626491323677787
turn,36,102545.793925668,280.824,d435_link,0.34046548624360085,0.017487372510039286,0.2505434627617417,0.0051037557585439045,0.0062842404286133574,0.0005879413335046079,0.9999670566195573
turn,36,102545.793925668,280.824,velodyne_base_link,0.20098019703489026,-0.000577994104210916,0.290618350452852,0.0051037557585439045,0.0062842404286133574,0.0005879413335046079,0.9999670566195573
turn,36,102545.793925668,280.824,gps_frame,0.0008703912937316052,-0.00072399432423542,0.28313207433107357,0.0051037557585439045,0.0062842404286133574,0.0005879413335046079,0.9999670566195573
turn,37,102545.902814025,280.92900000000003,trunk,-5.026377549087855e-06,-7.625988583666406e-06,0.19046133922901415,0.0025862610168362905,0.007982646445653363,7.968013761221453e-05,0.999964790510522
turn,37,102545.902814025,280.92900000000003,imu_link,-5.026377549087855e-06,-7.625988583666406e-06,0.19046133922901415,0.0025862610168362905,0.007982646445653363,7.968013761221453e-05,0.999964790510522
turn,37,102545.902814025,280.92900000000003,rf_hip_link,0.19340176077448945,-0.04640781521063512,0.1971924248636814,-0.006817250448990181,-0.01263490133886324,2.2524689525059608e-05,0.9998969366175252
turn,37,102545.902814025,280.92900000000003,rf_upper_leg_link,0.19338961070700425,-0.14189893840712542,0.19849443985921136,-0.005919126438689368,0.4879878251886173,-0.003382211295691552,0.8728238121503318
turn,37,102545.902814025,280.92900000000003,rf_lower_leg_link,0.011936012513242292,-0.14339670182522274,0.08695364728859978,-0.005684783229700806,-0.5596936151937612,0.0037627982509307427,0.8286715765007825
turn,37,102545.902814025,280.92900000000003,rf_foot_link,0.2095248580841775,-0.1445063483823506,0.007414871899086906,-0.005684783229700806,-0.5596936151937612,0.0037627982509307427,0.8286715765007825
turn,37,102545.902814025,280.92900000000003,lf_hip_link,0.1932637267185682,0.04647513639264362,0.20185485428002486,0.04377825220770537,-0.01261758158464851,0.0006617206050782712,0.9989613723234918
turn,37,102545.902814025,280.92900000000003,lf_upper_leg_link,0.1930319656009801,0.14160899450370418,0.21020622109564086,0.0371299491982856,0.505717743146202,0.023202157508589075,0.8615872509656763
turn,37,102545.902814025,280.92900000000003,lf_lower_leg_link,0.007048265766086702,0.15023845440575492,0.10674320443015217,0.037723326244126325,-0.530796699107535,-0.022224398700524055,0.8463674680515694
turn,37,102545.902814025,280.92900000000003,lf_foot_link,0.19878551372213044,0.1588143279905853,0.014372851293988242,0.037723326244126325,-0.530796699107535,-0.022224398700524055,0.8463674680515694
turn,37,102545.902814025,280.92900000000003,rh_hip_link,-0.1932747407628619,-0.04649187277245003,0.18741919135777607,0.005125363428597641,-0.012633731141024826,0.000173426240073216,0.9999070403845151
turn,37,102545.902814025,280.92900000000003,rh_upper_leg_link,-0.19322925170970107,-0.14198684958190527,0.18644075643012387,0.004356087049134617,0.4876902768238122,0.002706276511429274,0.8730016577673707
turn,37,102545.902814025,280.92900000000003,rh_lower_leg_link,-0.37460565670973983,-0.14092907178387357,0.0747694493929449,0.004368638441910008,-0.5627439949839108,-0.0026859681866727753,0.8266153257002995
turn,37,102545.902814025,280.92900000000003,rh_foot_link,-0.17643704065757704,-0.14003461192903052,-0.003316397938940452,0.004368638441910008,-0.5627439949839108,-0.0026859681866727753,0.8266153257002995
turn,37,102545.902814025,280.92900000000003,lh_hip_link,-0.19341277481878316,0.04639107883082871,0.19208162077411953,0.07123670652640351,-0.01259460872948982,0.0010084989615786568,0.997379411459885
turn,37,102545.902814025,280.92900000000003,lh_upper_leg_link,-0.19377625823719044,0.14092162291429378,0.2056497494250651,0.062198179014909837,0.46292841144487434,0.03474294106885128,0.8835279285060776
turn,37,102545.902814025,280.92900000000003,lh_lower_leg_link,-0.3689351587986758,0.15748038508922382,0.08559073498081016,0.0604415563903235,-0.5505214827073343,-0.0377160932229173,0.8317754574708452
turn,37,102545.902814025,280.92900000000003,lh_foot_link,-0.1728942709829189,0.17005176592574384,0.0032564730464670066,0.0604415563903235,-0.5505214827073343,-0.0377160932229173,0.8317754574708452
turn,37,102545.902814025,280.92900000000003,d435_link,0.34061212521342016,0.0173457596964082,0.22661816496527962,0.0025862610168362905,0.007982646445653363,7.968013761221453e-05,0.999964790510522
turn,37,102545.902814025,280.92900000000003,velodyne_base_link,0.20124669345787163,-0.0003811823964183643,0.2672572096837169,0.0025862610168362905,0.007982646445653363,7.968013761221453e-05,0.999964790510522
turn,37,102545.902814025,280.92900000000003,gps_frame,0.0011125336260642594,-0.00036960073423911687,0.2604514816343689,0.0025862610168362905,0.007982646445653363,7.968013761221453e-05,0.999964790510522
turn,38,102545.99551546,281.019,trunk,-6.470832308109915e-06,-1.113046737219031e-05,0.20050289971089114,0.006679532763715081,-0.002766714470888076,0.0002541660327360802,0.9999738319239773
turn,38,102545.99551546,281.019,imu_link,-6.470832308109915e-06,-1.113046737219031e-05,0.20050289971089114,0.006679532763715081,-0.002766714470888076,0.0002541660327360802,0.9999738319239773
turn,38,102545.99551546,281.019,rf_hip_link,0.19341494112924304,-0.046418373530684405,0.19676970722287818,-0.016210114130226744,-0.0003512138655212222,0.00022033983462005935,0.9998685215062343
turn,38,102545.99551546,281.019,rf_upper_leg_link,0.19345593309997786,-0.14186817560788062,0.19986544672780943,-0.013840221767660971,0.5319157572862194,-0.00844183695528768,0.8466420795122753
turn,38,102545.99551546,281.019,rf_lower_leg_link,0.0015603565980690233,-0.14494703439348502,0.10747709060227638,-0.014132471946352322,-0.4783029990487609,0.007942895343844207,0.8780452293311566
turn,38,102545.99551546,281.019,rf_foot_link,0.18051610619225084,-0.14861482576789256,-0.007980204505561084,-0.014132471946352322,-0.4783029990487609,0.007942895343844207,0.8780452293311566
turn,38,102545.99551546,281.019,lf_hip_link,0.19337200814592148,0.04657259953489321,0.1980647304180198,0.03401475966492515,-0.00033970736544032407,0.00023769671415555698,0.9994212446331703
turn,38,102545.99551546,281.019,lf_upper_leg_link,0.19332442733175445,0.1418516010033082,0.2045577740223624,0.02955144593190525,0.4885678729015913,0.016845545943192805,0.8718625884814785
turn,38,102545.99551546,281.019,lf_lower_leg_link,0.011651674734470367,0.14932134383845,0.09361538399175774,0.029722582426988876,-0.4924029444051087,-0.01654171903586174,0.8697024088539648
turn,38,102545.99551546,281.019,lf_foot_link,0.19429307845441376,0.1568635078583416,-0.015720033001573652,0.029722582426988876,-0.4924029444051087,-0.01654171903586174,0.8697024088539648
turn,38,102545.99551546,281.019,rh_hip_link,-0.19338492588828088,-0.04659321028814418,0.19650080699241157,-0.024397235955883993,-0.00035300639596473285,0.00021745644727794256,0.999702257163047
turn,38,102545.99551546,281.019,rh_upper_leg_link,-0.193345049038,-0.14197951325791175,0.20115930627828785,-0.02169998935210285,0.46456978124499193,-0.011152706923082163,0.8852003422640475
turn,38,102545.99551546,281.019,rh_lower_leg_link,-0.36863524914964346,-0.14795528252437412,0.08030139000262967,-0.020533347977590606,-0.5327307048257456,0.01317778549016174,0.8459330491984993
turn,38,102545.99551546,281.019,rh_foot_link,-0.17654115928032382,-0.15236422350399315,-0.01161934692172259,-0.020533347977590606,-0.5327307048257456,0.01317778549016174,0.8459330491984993
turn,38,102545.99551546,281.019,lh_hip_link,-0.19342785887160244,0.04639776277743344,0.1977958301875532,0.037104281599735736,-0.0003389709089723182,0.00023874577467514422,0.999311313048214
turn,38,102545.99551546,281.019,lh_upper_leg_link,-0.19347583016909894,0.14163479689733116,0.20487785184807183,0.032158188384992965,0.4926438449475144,0.018510419562309137,0.8694396225861529
turn,38,102545.99551546,281.019,lh_lower_leg_link,-0.3761954690857482,0.14966087499202627,0.09570772944918876,0.031609096702597615,-0.5291285536637585,-0.01943321173206441,0.8477300212833809
turn,38,102545.99551546,281.019,lh_foot_link,-0.1848480154700614,0.15669554633156527,0.002403574161563976,0.031609096702597615,-0.5291285536637585,-0.01943321173206441,0.8477300212833809
turn,38,102545.99551546,281.019,d435_link,0.33974924726442685,0.017093122363095785,0.24411478519734323,0.006679532763715081,-0.002766714470888076,0.0002541660327360802,0.9999738319239773
turn,38,102545.99551546,281.019,velodyne_base_link,0.19954805034620554,-0.000985668647160194,0.28160187228484096,0.006679532763715081,-0.002766714470888076,0.0002541660327360802,0.9999738319239773
turn,38,102545.99551546,281.019,gps_frame,-0.00039356304284116365,-0.0009463390322970486,0.27049558178952443,0.006679532763715081,-0.002766714470888076,0.0002541660327360802,0.9999738319239773
turn,39,102546.095171224,281.11400000000003,trunk,-9.377986864224578e-06,-4.909383510670578e-06,0.1945127450182079,-0.03722276171996537,-0.03779355855127227,0.0006729716803045889,0.9985918385662321
turn,39,102546.095171224,281.11400000000003,imu_link,-9.377986864224578e-06,-4.909383510670578e-06,0.1945127450182079,-0.03722276171996537,-0.03779355855127227,0.0006729716803045889,0.9985918385662321
turn,39,102546.095171224,281.11400000000003,rf_hip_link,0.19280183547865262,-0.045803532410240204,0.21744884642342088,-0.023679742768168387,-0.035828991317755,0.0006727990751969241,0.999077124402811
turn,39,102546.095171224,281.11400000000003,rf_upper_leg_link,0.19276817304030716,-0.1411963464808932,0.22197210747293686,-0.0204655503301008,0.4970543142881086,-0.011930805750171278,0.86739600285649
turn,39,102546.095171224,281.11400000000003,rf_lower_leg_link,0.008997270177689521,-0.14623229614362573,0.11439936709670231,-0.019574233730250645,-0.5692184866646506,0.013342872630574229,0.8218449559150697
turn,39,102546.095171224,281.11400000000003,rf_foot_link,0.20839531109551981,-0.14984987770261046,0.0395907153123308,-0.019574233730250645,-0.5692184866646506,0.013342872630574229,0.8218449559150697
turn,39,102546.095171224,281.11400000000003,lf_hip_link,0.19298363455910836,0.04697048664883898,0.21097209286010254,-0.020015402976831374,-0.03582628281393965,0.0008041997133559292,0.99915725207108
turn,39,102546.095171224,281.11400000000003,lf_upper_leg_link,0.1929671236618946,0.14239384539797978,0.20714686967405757,-0.01781507295838881,0.4609678244004175,-0.00915894475314683,0.887190735847733
turn,39,102546.095171224,281.11400000000003,lf_lower_leg_link,0.018677935105896694,0.13745932174767853,0.08480338096772543,-0.016502732379765992,-0.5631526889441695,0.011354422816935038,0.8261100325268103
turn,39,102546.095171224,281.11400000000003,lf_foot_link,0.21694407127355786,0.13437559335567417,0.0070214430364112235,-0.016502732379765992,-0.5631526889441695,0.011354422816935038,0.8261100325268103
turn,39,102546.095171224,281.11400000000003,rh_hip_link,-0.19300473116831715,-0.04697986815512333,0.18976944313699617,-0.06113306859665761,-0.03582901707187887,-0.0006714261734260984,0.9974861295509392
turn,39,102546.095171224,281.11400000000003,rh_upper_leg_link,-0.1935510056945196,-0.14176596690329565,0.20141191144246054,-0.053127487004447985,0.4527009008131275,-0.030251826618275735,0.889564045762773
turn,39,102546.095171224,281.11400000000003,rh_lower_leg_link,-0.3657886199015457,-0.15606477325222393,0.07691794215371359,-0.051471354483623256,-0.5774097450398161,0.03299094658798383,0.8141623200835965
turn,39,102546.095171224,281.11400000000003,rh_foot_link,-0.16480039434917182,-0.16580174590920302,0.007075801917425711,-0.051471354483623256,-0.5774097450398161,0.03299094658798383,0.8141623200835965
turn,39,102546.095171224,281.11400000000003,lh_hip_link,-0.19282293208786142,0.04579415090395585,0.18329268957367784,-0.034339098636609916,-0.03583413064043194,0.0002904456710052627,0.9987675690706932
turn,39,102546.095171224,281.11400000000003,lh_upper_leg_link,-0.1926433110981616,0.14106891261566806,0.1767400170596183,-0.02928457872288955,0.4984205255888856,-0.017935202895019483,0.8662549980333946
turn,39,102546.095171224,281.11400000000003,lh_lower_leg_link,-0.3767965065112663,0.13407031221826377,0.06993355559019082,-0.02803029443722493,-0.5994945459382247,0.019838363027858616,0.7996418143997093
turn,39,102546.095171224,281.11400000000003,lh_foot_link,-0.1723433523523947,0.12958827885997865,0.010369983404970834,-0.02803029443722493,-0.5994945459382247,0.019838363027858616,0.7996418143997093
turn,39,102546.095171224,281.11400000000003,d435_link,0.33591022315632435,0.02194319594067637,0.26012373678391365,-0.03722276171996537,-0.03779355855127227,0.0006729716803045889,0.9985918385662321
turn,39,102546.095171224,281.11400000000003,velodyne_base_link,0.19337663739212732,0.00676979840816211,0.28914863879099323,-0.03722276171996537,-0.03779355855127227,0.0006729716803045889,0.9985918385662321
turn,39,102546.095171224,281.11400000000003,gps_frame,-0.005296532444648835,0.005195378305988335,0.26411880083008377,-0.03722276171996537,-0.03779355855127227,0.0006729716803045889,0.9985918385662321
turn,40,102546.199523531,281.219,trunk,-7.941014011938776e-06,-4.8318226921788195e-06,0.19011641221295694,-0.027011675009408175,-0.02352424138462267,0.001412537612106265,0.9993572855680588
turn,40,102546.199523531,281.219,imu_link,-7.941014011938776e-06,-4.8318226921788195e-06,0.19011641221295694,-0.027011675009408175,-0.02352424138462267,0.001412537612106265,0.9993572855680588
turn,40,102546.199523531,281.219,rf_hip_link,0.19308319358902004,-0.04560581597995025,0.19882663946892337,-0.019399497971996218,-0.03058993145232033,0.0015755755141648729,0.9993425004141353
turn,40,102546.199523531,281.219,rf_upper_leg_link,0.19327058564882219,-0.14103346079463483,0.20253871292432754,-0.017792791496535176,0.45082505542639967,-0.00788920341524712,0.892400104459887
turn,40,102546.199523531,281.219,rf_lower_leg_link,0.021824032510799816,-0.14628247876291461,0.07625519370087563,-0.015621216857690487,-0.5551949105612894,0.01161036363131353,0.8314925064768025
turn,40,102546.199523531,281.219,rf_foot_link,0.2185601089904608,-0.14906975840644876,-0.005330021158053866,-0.015621216857690487,-0.5551949105612894,0.01161036363131353,0.8314925064768025
turn,40,102546.199523531,281.219,lf_hip_link,0.19297769008837914,0.047266585491889945,0.19395776753954586,-0.04589437318932767,-0.03062095605292914,0.0007638028954355253,0.998476579677811
turn,40,102546.199523531,281.219,lf_upper_leg_link,0.19310044393222672,0.1423641720067968,0.18520082911715052,-0.041247390536168015,0.4256366053474422,-0.02013776698795549,0.9037292754486829
turn,40,102546.199523531,281.219,lf_lower_leg_link,0.028881324240744497,0.1301357978802817,0.05010254047522675,-0.03709577688443784,-0.5995810534598514,0.02703294698408517,0.7989966729884865
turn,40,102546.199523531,281.219,lf_foot_link,0.23338947222107706,0.12441420914105741,-0.009165333047901375,-0.03709577688443784,-0.5995810534598514,0.02703294698408517,0.7989966729884865
turn,40,102546.199523531,281.219,rh_hip_link,-0.1929909945109067,-0.04728295671100277,0.17520147318484192,-0.03627520093742634,-0.030612178934511135,0.001058699834686999,0.9988723058792304
turn,40,102546.199523531,281.219,rh_upper_leg_link,-0.19300110929730965,-0.1425314076007601,0.18212841340347888,-0.03231291174321525,0.45359438015751,-0.01651928518628467,0.8904690490079561
turn,40,102546.199523531,281.219,rh_lower_leg_link,-0.3652949104187091,-0.15159694016165096,0.05722179942916991,-0.029778982204758185,-0.5723676919880966,0.02074182410588128,0.8191936365230316
turn,40,102546.199523531,281.219,rh_foot_link,-0.16528891516570934,-0.1569316541259789,-0.015840794897721056,-0.029778982204758185,-0.5723676919880966,0.02074182410588128,0.8191936365230316
turn,40,102546.199523531,281.219,lh_hip_link,-0.1930964980115476,0.04558944476083742,0.1703326012554644,-0.03244973535581112,-0.030607900156493145,0.0011759219653701281,0.9990038980558982
turn,40,102546.199523531,281.219,lh_upper_leg_link,-0.19313117069370936,0.14088806045046542,0.1641340009742963,-0.029044878038162008,0.4518544160246633,-0.014517684969688248,0.8915005432426162
turn,40,102546.199523531,281.219,lh_lower_leg_link,-0.36491572255576005,0.13265192789967292,0.03847082473654506,-0.025962273824301316,-0.5958010952666984,0.01950201156298539,0.8024753496288043
turn,40,102546.199523531,281.219,lh_foot_link,-0.16102274680794365,0.12872643804580433,-0.023021003745843427,-0.025962273824301316,-0.5958010952666984,0.01950201156298539,0.8024753496288043
turn,40,102546.199523531,281.219,d435_link,0.33763280603972545,0.021099331419332953,0.24652421506724437,-0.027011675009408175,-0.02352424138462267,0.001412537612106265,0.9993572855680588
turn,40,102546.199523531,281.219,velodyne_base_link,0.19600234058436086,0.005127765398523933,0.27929951573313827,-0.027011675009408175,-0.02352424138462267,0.001412537612106265,0.9993572855680588
turn,40,102546.199523531,281.219,gps_frame,-0.003304559797106092,0.0037697201249493576,0.2599367893402219,-0.027011675009408175,-0.02352424138462267,0.001412537612106265,0.9993572855680588
turn,41,102546.302213477,281.319,trunk,-6.813463029422761e-06,-8.155585339920659e-06,0.20803777866965883,0.005958699794244654,0.0011955191752156106,0.00061336728539059,0.9999813440315959
turn,41,102546.302213477,281.319,imu_link,-6.813463029422761e-06,-8.155585339920659e-06,0.20803777866965883,0.005958699794244654,0.0011955191752156106,0.00061336728539059,0.9999813440315959
turn,41,102546.302213477,281.319,rf_hip_link,0.19347676073396608,-0.04606926815260652,0.2083573350279781,0.004585855843043559,-0.008416615828361996,0.0011545186951497158,0.9999533977094969
turn,41,102546.302213477,281.319,rf_upper_leg_link,0.1937046356292187,-0.14156499682204543,0.20748333335463337,0.0034004676796278444,0.4910309919278183,0.0032863059490000884,0.8711292682370121
turn,41,102546.302213477,281.319,rf_lower_leg_link,0.01147774943136249,-0.14099050649130557,0.09720173059382192,0.004505780058832087,-0.5341348898785462,-0.0014355951003183472,0.8453860398819008
turn,41,102546.302213477,281.319,rf_foot_link,0.20384088139116116,-0.13969447726405498,0.005748213598251117,0.004505780058832087,-0.5341348898785462,-0.0014355951003183472,0.8453860398819008
turn,41,102546.302213477,281.319,lf_hip_link,0.1932532850957154,0.04692567004724181,0.20930154255044958,-0.011642824066211352,-0.008434243882546499,0.0010177748028964123,0.9998961307617624
turn,41,102546.302213477,281.319,lf_upper_leg_link,0.19307766619779373,0.14239958112464457,0.20707635456134227,-0.01046292401275679,0.5145952401414737,-0.00520753673913477,0.8573535721077697
turn,41,102546.302213477,281.319,lf_lower_leg_link,0.005107486455296724,0.13971976351824777,0.10693130922623952,-0.009256841708839888,-0.5462120822408262,0.007134570720347736,0.8375653825202871
turn,41,102546.302213477,281.319,lf_foot_link,0.20002565028668776,0.1380770131857711,0.021063906913463465,-0.009256841708839888,-0.5462120822408262,0.007134570720347736,0.8375653825202871
turn,41,102546.302213477,281.319,rh_hip_link,-0.19326740674735307,-0.046932503254520114,0.20184244866365475,0.020963970720221877,-0.008396576283582272,0.001292223716570627,0.9997441370651903
turn,41,102546.302213477,281.319,rh_upper_leg_link,-0.1929870342825716,-0.14234824209361607,0.1978414271602867,0.01694305945654819,0.5330524041138641,0.012413325370095667,0.8458214803124461
turn,41,102546.302213477,281.319,rh_lower_leg_link,-0.38514604640344885,-0.1390621416958496,0.10600943053109242,0.018565658778225542,-0.5281656424182879,-0.009822129332404696,0.8488815560832885
turn,41,102546.302213477,281.319,rh_foot_link,-0.19407123262608503,-0.13455832738432738,0.011992776705331082,0.018565658778225542,-0.5281656424182879,-0.009822129332404696,0.8488815560832885
turn,41,102546.302213477,281.319,lh_hip_link,-0.19349088238560375,0.04606243494532822,0.20278665618612624,0.014141069967988602,-0.008405199110296396,0.0012348940585963325,0.9998639196434387
turn,41,102546.302213477,281.319,lh_upper_leg_link,-0.19374941702939863,0.14152394943410168,0.20548525051422542,0.011704270960899316,0.4845402531361522,0.00803149204378332,0.8746537876597678
turn,41,102546.302213477,281.319,lh_lower_leg_link,-0.3743303784360969,0.14422717662725268,0.09255957167998176,0.012785052943064906,-0.5183452520607701,-0.006167434184369801,0.8550536268813093
turn,41,102546.302213477,281.319,lh_foot_link,-0.185488055139742,0.14752230607925262,-0.0059123484492079326,0.012785052943064906,-0.5183452520607701,-0.006167434184369801,0.8550536268813093
turn,41,102546.302213477,281.319,d435_link,0.3400702702779064,0.017418012656390227,0.24893283674116007,0.005958699794244654,0.0011955191752156106,0.00061336728539059,0.9999813440315959
turn,41,102546.302213477,281.319,velodyne_base_link,0.20018432862166696,-0.0007132206062751628,0.2875551322105129,0.005958699794244654,0.0011955191752156106,0.00061336728539059,0.9999813440315959
turn,41,102546.302213477,281.319,gps_frame,0.0001610677810136639,-0.000842255332460901,0.2780326077179518,0.005958699794244654,0.0011955191752156106,0.00061336728539059,0.9999813440315959
turn,42,102546.394111455,281.409,trunk,-6.442263082230812e-06,-8.194101180874004e-06,0.18875090770913386,-0.0023772591880490876,0.013777152614343504,0.00023062289385326708,0.9999022379801311
turn,42,102546.394111455,281.409,imu_link,-6.442263082230812e-06,-8.194101180874004e-06,0.18875090770913386,-0.0023772591880490876,0.013777152614343504,0.00023062289385326708,0.9999022379801311
turn,42,102546.394111455,281.409,rf_hip_link,0.19342728484152763,-0.04634304722911543,0.19226699422566726,-0.0018486189785906246,-0.0016464699752425096,0.0002619958531921367,0.9999969015465326
turn,42,102546.394111455,281.409,rf_upper_leg_link,0.193476744548569,-0.14184238139663008,0.19262016174790325,-0.0017302028952955292,0.5007345212906811,-0.0007017349187594311,0.8655988985401017
turn,42,102546.394111455,281.409,rf_lower_leg_link,0.00883281078488202,-0.14233069617471714,0.08643457292838072,-0.0014082875623514953,-0.545609289508639,0.0012258711583283998,0.8380375988987148
turn,42,102546.394111455,281.409,rf_foot_link,0.2036182543608753,-0.14254853180107735,0.0002511434390440881,-0.0014082875623514953,-0.545609289508639,0.0012258711583283998,0.8380375988987148
turn,42,102546.394111455,281.409,lf_hip_link,0.1933620639282531,0.0465299876049886,0.19712447782685172,0.03999460630848639,-0.0016340657196422734,0.00033065757265625216,0.9991985047832201
turn,42,102546.394111455,281.409,lf_upper_leg_link,0.19328647637209256,0.14172444913216223,0.2047572218336178,0.033708382760338385,0.5294394094807473,0.02152725713795643,0.8474044098424768
turn,42,102546.394111455,281.409,lf_lower_leg_link,0.0018527522039791244,0.14903769929054148,0.11165166011334432,0.03426149253528023,-0.5239798284758512,-0.020635600244628495,0.8507910798087956
turn,42,102546.394111455,281.409,lf_foot_link,0.19206361405007408,0.15684914795463675,0.01611209079500378,0.03426149253528023,-0.5239798284758512,-0.020635600244628495,0.8507910798087956
turn,42,102546.394111455,281.409,rh_hip_link,-0.19337056493324475,-0.04654808119610048,0.1909936636774281,0.014059323915677569,-0.0016420938701725723,0.00028815434754070427,0.9998997729301811
turn,42,102546.394111455,281.409,rh_upper_leg_link,-0.1933111234037523,-0.14201031140031878,0.18830869232908723,0.01192710173461821,0.5107826151295424,0.007449286281652558,0.8595948885722459
turn,42,102546.394111455,281.409,rh_lower_leg_link,-0.3803911421284912,-0.13926367224308367,0.08651221612636545,0.01196715023426068,-0.5438012307524929,-0.007384777394382614,0.8390962244046746
turn,42,102546.394111455,281.409,rh_foot_link,-0.1859690301202879,-0.13669670719795599,-0.00045014960000336335,0.01196715023426068,-0.5438012307524929,-0.007384777394382614,0.8390962244046746
turn,42,102546.394111455,281.409,lh_hip_link,-0.1934357858465193,0.046324953638003555,0.19585114727861255,0.06972552605915716,-0.001623496832639249,0.0003791612333497066,0.9975648207061872
turn,42,102546.394111455,281.409,lh_upper_leg_link,-0.19352965032850827,0.1408963512232374,0.20913617449855676,0.06104053917832874,0.47599110898925406,0.03370230443583934,0.8766816248876858
turn,42,102546.394111455,281.409,lh_lower_leg_link,-0.37217269311462375,0.1568590491130062,0.09424119836731712,0.05888224757945002,-0.5402319316927415,-0.03734532992837838,0.8386224819500501
turn,42,102546.394111455,281.409,lh_foot_link,-0.17823635484653935,0.16930030962429737,0.007046521144120993,0.05888224757945002,-0.5402319316927415,-0.03734532992837838,0.8386224819500501
turn,42,102546.394111455,281.409,d435_link,0.34099857985820287,0.017823700150534316,0.2207836789825906,-0.0023772591880490876,0.013777152614343504,0.00023062289385326708,0.9999022379801311
turn,42,102546.394111455,281.409,velodyne_base_link,0.2021216536855558,0.00045177795031247384,0.2632090923088812,-0.0023772591880490876,0.013777152614343504,0.00023062289385326708,0.9999022379801311
turn,42,102546.394111455,281.409,gps_frame,0.0019220937843533188,0.0003250344741062987,0.258723543127777,-0.0023772591880490876,0.013777152614343504,0.00023062289385326708,0.9999022379801311
turn,43,102546.497369514,281.509,trunk,-5.204245345163695e-06,-1.1887659822996513e-05,0.20327442934223974,0.007364592298575792,-0.009986045697940272,0.00025084540960648493,0.9999229864085408
turn,43,102546.497369514,281.509,imu_link,-5.204245345163695e-06,-1.1887659822996513e-05,0.20327442934223974,0.007364592298575792,-0.009986045697940272,0.00025084540960648493,0.9999229864085408
turn,43,102546.497369514,281.509,rf_hip_link,0.1934157538671891,-0.0464220467819463,0.19643324939214257,-0.014833064159751242,-0.0009038152942009085,0.00021266778693948869,0.999889552949704
turn,43,102546.497369514,281.509,rf_upper_leg_link,0.19345380831528808,-0.1418800143631348,0.19926608845000013,-0.012697912166423717,0.5284237890076366,-0.007669944365423194,0.8488511260467632
turn,43,102546.497369514,281.509,rf_lower_leg_link,0.0023286865358955115,-0.1447451438097019,0.10528747993685646,-0.012908013995078925,-0.48103797308125207,0.007310827221166232,0.8765742429674316
turn,43,102546.497369514,281.509,rf_foot_link,0.1819983891760061,-0.1480671118691611,-0.009066192856920008,-0.012908013995078925,-0.48103797308125207,0.007310827221166232,0.8765742429674316
turn,43,102546.497369514,281.509,lf_hip_link,0.19337172670933636,0.046571414954357356,0.19753512774658583,0.030151183733802454,-0.0008933362023814809,0.00025310097421355084,0.9995449184552823
turn,43,102546.497369514,281.509,lf_upper_leg_link,0.19331826181044473,0.14189776578769273,0.20329133989559953,0.026109732483326056,0.49187740406383024,0.015081107727942604,0.8701422075906758
turn,43,102546.497369514,281.509,lf_lower_leg_link,0.01082111683865008,0.1484160446726175,0.09364963196690093,0.026347174633031527,-0.49414698000820667,-0.014662343929576934,0.8688553413590299
turn,43,102546.497369514,281.509,lf_foot_link,0.19388548098434027,0.15508146663877373,-0.015033442750127524,0.026347174633031527,-0.49414698000820667,-0.014662343929576934,0.8688553413590299
turn,43,102546.497369514,281.509,rh_hip_link,-0.19338357920476715,-0.04659691956374749,0.1957365754369374,-0.023746124472405303,-0.0009056752356195126,0.00020460215350468581,0.9997175898536883
turn,43,102546.497369514,281.509,rh_upper_leg_link,-0.1933486189286405,-0.1419892107884529,0.20027083973008064,-0.021113934727539984,0.46438493573282325,-0.010868396837683359,0.8853150349875017
turn,43,102546.497369514,281.509,rh_lower_leg_link,-0.36858646247403154,-0.14780213589294391,0.07932908477634029,-0.01995305570816054,-0.5355776407145888,0.012876174020539897,0.8441520422750244
turn,43,102546.497369514,281.509,rh_foot_link,-0.1758785983507784,-0.15203965238925218,-0.011306021882157485,-0.01995305570816054,-0.5355776407145888,0.012876174020539897,0.8441520422750244
turn,43,102546.497369514,281.509,lh_hip_link,-0.19342760636261988,0.04639654217255617,0.19683845379138065,0.034921588693648,-0.0008921179960612295,0.0002573619139206713,0.9993896239872806
turn,43,102546.497369514,281.509,lh_upper_leg_link,-0.1934826829324042,0.14166360170647588,0.20350436215649084,0.030306026857575344,0.4894155488236463,0.017353049534620208,0.8713511559512652
turn,43,102546.497369514,281.509,lh_lower_leg_link,-0.37537561177073464,0.1492951102367263,0.09293437293623844,0.02971379939944367,-0.5320977239011232,-0.018348670722771205,0.8459624274323305
turn,43,102546.497369514,281.509,lh_foot_link,-0.18338597826279215,0.15584420928316328,0.0009230153374841787,0.02971379939944367,-0.5320977239011232,-0.018348670722771205,0.8459624274323305
turn,43,102546.497369514,281.509,d435_link,0.3390869650604148,0.016995342235028462,0.2518105483343628,0.007364592298575792,-0.009986045697940272,0.00025084540960648493,0.9999229864085408
turn,43,102546.497369514,281.509,velodyne_base_link,0.19835753345981053,-0.0011196192980543426,0.28724464561404217,0.007364592298575792,-0.009986045697940272,0.00025084540960648493,0.9999229864085408
turn,43,102546.497369514,281.509,gps_frame,-0.0014028843420986466,-0.001043201870826534,0.27325287517626295,0.007364592298575792,-0.009986045697940272,0.00025084540960648493,0.9999229864085408
turn,44,102546.599452181,281.60900000000004,trunk,-9.221199607523393e-06,-6.551110635614431e-06,0.1953855702363963,-0.03439433402405,-0.035299748725378846,0.0006051442445575854,0.9987845570128777
turn,44,102546.599452181,281.60900000000004,imu_link,-9.221199607523393e-06,-6.551110635614431e-06,0.1953855702363963,-0.03439433402405,-0.035299748725378846,0.0006051442445575854,0.9987845570128777
turn,44,102546.599452181,281.60900000000004,rf_hip_link,0.19286412144786813,-0.04586203999519087,0.21675675849725928,-0.026361874360506254,-0.0339557603133377,0.0005050309210147002,0.9990754740586483
turn,44,102546.599452181,281.60900000000004,rf_upper_leg_link,0.19278952191311774,-0.14122925613126897,0.22179049680630536,-0.022620319773035108,0.50085317091284,-0.0135471255030702,0.8651305668571209
turn,44,102546.599452181,281.60900000000004,rf_lower_leg_link,0.008071735195811952,-0.14667541449424834,0.11587223289801989,-0.022001065677320557,-0.5632285863117701,0.014531227927898068,0.8258803521607805
turn,44,102546.599452181,281.60900000000004,rf_foot_link,0.2063658427483557,-0.15092938442432943,0.038216900500469025,-0.022001065677320557,-0.5632285863117701,0.014531227927898068,0.8258803521607805
turn,44,102546.599452181,281.60900000000004,lf_hip_link,0.193023985045735,0.04693213927533095,0.2105749515494221,-0.01365523886879661,-0.033946592718648444,0.0009367803809983905,0.9993299183636744
turn,44,102546.599452181,281.60900000000004,lf_upper_leg_link,0.19293371771433623,0.1423963567420761,0.20796247470342624,-0.012333723931280176,0.4644157483426245,-0.005934842881920628,0.8855115298997037
turn,44,102546.599452181,281.60900000000004,lf_lower_leg_link,0.017711952137116634,0.13891788771581237,0.08690780473470845,-0.01107712058865733,-0.5590502428808305,0.008039931934442048,0.8290207975852224
turn,44,102546.599452181,281.60900000000004,lf_foot_link,0.2151856739286628,0.13692061336438666,0.007100912194275971,-0.01107712058865733,-0.5590502428808305,0.008039931934442048,0.8290207975852224
turn,44,102546.599452181,281.60900000000004,rh_hip_link,-0.193043725346449,-0.046944849070966826,0.19052316730049199,-0.06023838197196385,-0.03395334919143462,-0.0006471424669467131,0.9976061791221583
turn,44,102546.599452181,281.60900000000004,rh_upper_leg_link,-0.1935576849814983,-0.141751694512876,0.20199695929997843,-0.052472737662110545,0.4509310330135663,-0.02959211479796721,0.8905235100823252
turn,44,102546.599452181,281.60900000000004,rh_lower_leg_link,-0.36528572532750325,-0.15597336525993263,0.07679222999599737,-0.050656330481089716,-0.5772540332388798,0.03260395126611749,0.8143394253341008
turn,44,102546.599452181,281.60900000000004,rh_foot_link,-0.16432775946557993,-0.16552883693600445,0.006838038429760135,-0.050656330481089716,-0.5772540332388798,0.03260395126611749,0.8143394253341008
turn,44,102546.599452181,281.60900000000004,lh_hip_link,-0.19288386174858213,0.04584933019955499,0.1843413603526548,-0.025934583788289146,-0.03395554121443347,0.0005195531954765522,0.9990866572270096
turn,44,102546.599452181,281.60900000000004,lh_upper_leg_link,-0.19281480681337615,0.1412208115383421,0.1793890095309453,-0.022357860324138872,0.49482176685483575,-0.013152895252415588,0.8686072452350739
turn,44,102546.599452181,281.60900000000004,lh_lower_leg_link,-0.3760373396694041,0.135720358923831,0.07090745130625345,-0.02105789304083364,-0.5949984724494721,0.01514720147339204,0.803308125946078
turn,44,102546.599452181,281.60900000000004,lh_foot_link,-0.17228747129653138,0.1323535041949823,0.008910230180852935,-0.02105789304083364,-0.5949984724494721,0.01514720147339204,0.803308125946078
turn,44,102546.599452181,281.60900000000004,d435_link,0.33623649467321715,0.021538112729099435,0.2594413741670668,-0.03439433402405,-0.035299748725378846,0.0006051442445575854,0.9987845570128777
turn,44,102546.599452181,281.60900000000004,velodyne_base_link,0.19384777822828012,0.006213843836456522,0.28909133558473643,-0.03439433402405,-0.035299748725378846,0.0006051442445575854,0.9987845570128777
turn,44,102546.599452181,281.60900000000004,gps_frame,-0.004948093239334806,0.004799812441870737,0.2650455042901717,-0.03439433402405,-0.035299748725378846,0.0006051442445575854,0.9987845570128777
turn,45,102546.699427998,281.709,trunk,-1.1290000998632551e-05,-2.774914134150748e-06,0.18829121458107428,-0.020550504620755018,-0.023247160231326447,0.0014350358631454215,0.9995174770723535
turn,45,102546.699427998,281.709,imu_link,-1.1290000998632551e-05,-2.774914134150748e-06,0.18829121458107428,-0.020550504620755018,-0.023247160231326447,0.0014350358631454215,0.9995174770723535
turn,45,102546.699427998,281.709,rf_hip_link,0.19346877410187197,-0.045727224031303824,0.19152337184339804,-0.005007829981670141,-0.01344002464885488,0.0019034660740684208,0.9998953266183505
turn,45,102546.699427998,281.709,rf_upper_leg_link,0.1938194427433003,-0.14122174203635762,0.1924846535327879,-0.005307413554446794,0.46750915217457123,-0.0007300038236326375,0.8839719967786271
turn,45,102546.699427998,281.709,rf_lower_leg_link,0.0177669027634116,-0.14307497899057947,0.07260526131118385,-0.003245893529573074,-0.5397434312895637,0.0042621261613330335,0.8418125247556891
turn,45,102546.699427998,281.709,rf_foot_link,0.21133134076273913,-0.14325900214184,-0.016286664517230154,-0.003245893529573074,-0.5397434312895637,0.0042621261613330335,0.8418125247556891
turn,45,102546.699427998,281.709,lf_hip_link,0.19317437468242712,0.047233578114292414,0.1888396070569207,-0.02937842347453122,-0.013482427830119333,0.0015753048792471723,0.9994761882048487
turn,45,102546.699427998,281.709,lf_upper_leg_link,0.19294930271926003,0.14256825360419192,0.18322721079089052,-0.026869116980103434,0.443420231926499,-0.011984319088750285,0.89583085711921
turn,45,102546.699427998,281.709,lf_lower_leg_link,0.023592349021307166,0.1345781573282317,0.05429552114226183,-0.02324040076189697,-0.5807927736226001,0.01804043025367981,0.8135196253050418
turn,45,102546.699427998,281.709,lf_foot_link,0.2250501288304106,0.13098750105460089,-0.014775964594700652,-0.02324040076189697,-0.5807927736226001,0.01804043025367981,0.8135196253050418
turn,45,102546.699427998,281.709,rh_hip_link,-0.1931886843381677,-0.0472516586776646,0.1811346312220385,-0.03033345975910961,-0.013483926957808201,0.0015624210231078642,0.9994476593465941
turn,45,102546.699427998,281.709,rh_upper_leg_link,-0.19296854845733794,-0.14257544972904607,0.1869291458511106,-0.02742584072842963,0.4635050749308772,-0.013053091616539806,0.8855735348196168
turn,45,102546.699427998,281.709,rh_lower_leg_link,-0.3679803476176122,-0.15034459257093286,0.0657701157535311,-0.024403572706660076,-0.5641882774319298,0.01808384858269187,0.8250872848783823
turn,45,102546.699427998,281.709,rh_foot_link,-0.16948740082051578,-0.15457578737307867,-0.011376802929921964,-0.024403572706660076,-0.5641882774319298,0.01808384858269187,0.8250872848783823
turn,45,102546.699427998,281.709,lh_hip_link,-0.19348308375761253,0.04570914346793164,0.17845086643556116,-0.025280031728727326,-0.013475855282779305,0.001630573535460851,0.9995882465045983
turn,45,102546.699427998,281.709,lh_upper_leg_link,-0.1937293270871822,0.14108657136204794,0.1736201716071456,-0.02292129632066468,0.4711633494064534,-0.010786702426612574,0.8816821192481065
turn,45,102546.699427998,281.709,lh_lower_leg_link,-0.37080199752102994,0.13464247009837027,0.05541381414558866,-0.019744630050768798,-0.5858260381041486,0.015870991097542822,0.8100408102712707
turn,45,102546.699427998,281.709,lh_foot_link,-0.168513185847146,0.131789839359098,-0.011220254989000672,-0.019744630050768798,-0.5858260381041486,0.015870991097542822,0.8100408102712707
turn,45,102546.699427998,281.709,d435_link,0.33765530486136686,0.020484688945297123,0.24477160532568243,-0.020550504620755018,-0.023247160231326447,0.0014350358631454215,0.9995174770723535
turn,45,102546.699427998,281.709,velodyne_base_link,0.19604924469955778,0.004043215289135363,0.27741975488218634,-0.020550504620755018,-0.023247160231326447,0.0014350358631454215,0.9995174770723535
turn,45,102546.699427998,281.709,gps_frame,-0.0032684507126494473,0.002868237009009207,0.25815642906321584,-0.020550504620755018,-0.023247160231326447,0.0014350358631454215,0.9995174770723535
turn,46,102546.801678051,281.809,trunk,-1.121566332766917e-05,-9.737472229836572e-06,0.21152663841152683,0.005531353730549414,0.0031515362706165412,0.0006272077340006148,0.9999795390684256
turn,46,102546.801678051,281.809,imu_link,-1.121566332766917e-05,-9.737472229836572e-06,0.21152663841152683,0.005531353730549414,0.0031515362706165412,0.0006272077340006148,0.9999795390684256
turn,46,102546.801678051,281.809,rf_hip_link,0.19341723268408492,-0.04614775815770687,0.2123183624501114,0.012728565209084705,-0.016182489980828118,0.0010567514284476843,0.9997874743775084
turn,46,102546.801678051,281.809,rf_upper_leg_link,0.19365837146773074,-0.14161659973639698,0.2098909894441649,0.010546493231228075,0.4796391653299037,0.007204483075634793,0.8773728614367838
turn,46,102546.801678051,281.809,rf_lower_leg_link,0.014355666284534078,-0.1391467988361671,0.09494126131268603,0.011388496828904329,-0.5386042491991293,-0.005782320973578331,0.8424620642193801
turn,46,102546.801678051,281.809,rf_foot_link,0.20768277308077795,-0.13638632143466825,0.005576785471837847,0.011388496828904329,-0.5386042491991293,-0.005782320973578331,0.8424620642193801
turn,46,102546.801678051,281.809,lf_hip_link,0.19315945287918765,0.04680108933413653,0.215391683050085,-0.000810698024196043,-0.01619531576215491,0.0008375278653427037,0.9998681678417173
turn,46,102546.801678051,281.809,lf_upper_leg_link,0.19300201388231394,0.14230082982545209,0.21523426941139934,-0.0011281860438420706,0.5066875988143483,0.00029305368474198744,0.8621289454156718
turn,46,102546.801678051,281.809,lf_lower_leg_link,0.0069125554618893114,0.1418232290793163,0.1116027811352951,-0.00023033370732579797,-0.5533684447614174,0.001142641936448348,0.8329357752300705
turn,46,102546.801678051,281.809,lf_foot_link,0.2032647471281228,0.14201086027076543,0.02905109052630317,-0.00023033370732579797,-0.5533684447614174,0.001142641936448348,0.8329357752300705
turn,46,102546.801678051,281.809,rh_hip_link,-0.19317931847969302,-0.04680574128807187,0.1997918431221974,0.035036028599481926,-0.0161548784282767,0.0014176066198804903,0.9992544655864266
turn,46,102546.801678051,281.809,rh_upper_leg_link,-0.19280065094684606,-0.14207090050253832,0.1931093248287754,0.028673671133130345,0.5280832231731317,0.020183000081789904,0.848468370945272
turn,46,102546.801678051,281.809,rh_lower_leg_link,-0.383921560517968,-0.13624731040122726,0.09925899865438781,0.03069618083690449,-0.531795965793896,-0.01694925929297504,0.8461462745038738
turn,46,102546.801678051,281.809,rh_foot_link,-0.19200964563326053,-0.12902238816977163,0.00713615987901009,0.03069618083690449,-0.531795965793896,-0.01694925929297504,0.8461462745038738
turn,46,102546.801678051,281.809,lh_hip_link,-0.1934370982845903,0.04614310620377153,0.20286516372217098,0.022012399483216115,-0.016171978835059886,0.0012069822366148762,0.9996261624044411
turn,46,102546.801678051,281.809,lh_upper_leg_link,-0.19373553866483764,0.14155027971918005,0.20706423208791236,0.018619415053258436,0.4740720225810427,0.011803385963472092,0.8802100401999463
turn,46,102546.801678051,281.809,lh_lower_leg_link,-0.3715917000243409,0.14614824299179163,0.0899529832678009,0.019626238977282707,-0.5172914970921273,-0.010040581693048762,0.8555252798714118
turn,46,102546.801678051,281.809,lh_foot_link,-0.18297891704839578,0.1510884951525806,-0.008889376106390678,0.019626238977282707,-0.5172914970921273,-0.010040581693048762,0.8555252798714118
turn,46,102546.801678051,281.809,d435_link,0.3402222813673288,0.017468595471611337,0.2510762954997308,0.005531353730549414,0.0031515362706165412,0.0006272077340006148,0.9999795390684256
turn,46,102546.801678051,281.809,velodyne_base_link,0.20048944468372376,-0.0006365688289246364,0.29026095293096993,0.005531353730549414,0.0031515362706165412,0.0006272077340006148,0.9999795390684256
turn,46,102546.801678051,281.809,gps_frame,0.00043047608998462956,-0.0007838344162665195,0.2815209644838328,0.005531353730549414,0.0031515362706165412,0.0006272077340006148,0.9999795390684256
turn,47,102546.899406112,281.909,trunk,-5.411786187230017e-06,-9.787916409353827e-06,0.1896055952765713,0.0020975165117456214,0.006175950095538174,-8.225702010317433e-05,0.9999787254230377
turn,47,102546.899406112,281.909,imu_link,-5.411786187230017e-06,-9.787916409353827e-06,0.1896055952765713,0.0020975165117456214,0.006175950095538174,-8.225702010317433e-05,0.9999787254230377
turn,47,102546.899406112,281.909,rf_hip_link,0.193375215851552,-0.04647451524133557,0.19857938026842353,-0.002502265239686479,-0.015042293347945835,-0.00012438708834911568,0.9998837195431061
turn,47,102546.899406112,281.909,rf_upper_leg_link,0.19334427147697675,-0.1419733163718714,0.1990568999811648,-0.0021051727492676594,0.4866955868425473,-0.0013583266077170388,0.8735680448279407
turn,47,102546.899406112,281.909,rf_lower_leg_link,0.012224163917189187,-0.14247511032473134,0.08696651305900326,-0.002151446847316282,-0.5668701897562133,0.0012837756582300584,0.8238033206793216
turn,47,102546.899406112,281.909,rf_foot_link,0.21116288656729032,-0.14292012479472951,0.010860096821818377,-0.002151446847316282,-0.5668701897562133,0.0012837756582300584,0.8238033206793216
turn,47,102546.899406112,281.909,lf_hip_link,0.1932370246755161,0.046383937436194955,0.20370662802269607,0.04226872357925664,-0.015032777537969506,0.0005492365677218436,0.9989930274760015
turn,47,102546.899406112,281.909,lf_upper_leg_link,0.19301086160990183,0.141542630625314,0.21177024760740235,0.035549301558553056,0.5168449491390534,0.022873430274578114,0.8550347080064191
turn,47,102546.899406112,281.909,lf_lower_leg_link,0.004406388632319347,0.14945509914778113,0.11310543313573113,0.0363772492354993,-0.5328224309560897,-0.02153235685858134,0.8451705806618071
turn,47,102546.899406112,281.909,lf_foot_link,0.19657887855456038,0.15766499591271294,0.021610451239479966,0.0363772492354993,-0.5328224309560897,-0.02153235685858134,0.8451705806618071
turn,47,102546.899406112,281.909,rh_hip_link,-0.19324972925141595,-0.04640741873426535,0.18694377447475052,0.016956385567128637,-0.015041865381856676,0.00016836611151019778,0.9997430644556557
turn,47,102546.899406112,281.909,rh_upper_leg_link,-0.19316886395384092,-0.14185249718876347,0.18370642067599008,0.014469163669000864,0.49992045969198795,0.008842548352613012,0.8659052988766744
turn,47,102546.899406112,281.909,rh_lower_leg_link,-0.3776318563941806,-0.13839833810615323,0.07726172515297576,0.014204756991693743,-0.5668244436307094,-0.009261330220630358,0.8236640715389303
turn,47,102546.899406112,281.909,rh_foot_link,-0.17868794619575495,-0.1356504678640243,0.0012172000108381653,0.014204756991693743,-0.5668244436307094,-0.009261330220630358,0.8236640715389303
turn,47,102546.899406112,281.909,lh_hip_link,-0.19338792042745187,0.04645103394326518,0.19207102222902306,0.06695673751303341,-0.015014601231235868,0.0009207666264444424,0.9976424756596409
turn,47,102546.899406112,281.909,lh_upper_leg_link,-0.19375539002800263,0.14109457991393737,0.20482696877131967,0.05838928544548503,0.4632187430882959,0.032783286210129985,0.8837105541647274
turn,47,102546.899406112,281.909,lh_lower_leg_link,-0.36895448655723767,0.15660668625454763,0.08468683754025515,0.05653068093320782,-0.5588476534542344,-0.035893378536959716,0.8265623072213772
turn,47,102546.899406112,281.909,lh_foot_link,-0.1713111548188028,0.16796691332292352,0.006092571462595647,0.05653068093320782,-0.5588476534542344,-0.035893378536959716,0.8265623072213772
turn,47,102546.899406112,281.909,d435_link,0.34048455777028497,0.0172688007729459,0.2269757839881193,0.0020975165117456214,0.006175950095538174,-8.225702010317433e-05,0.9999787254230377
turn,47,102546.899406112,281.909,velodyne_base_link,0.20096743195058953,-0.00037318514605211056,0.2671283920708472,0.0020975165117456214,0.006175950095538174,-8.225702010317433e-05,0.9999787254230377
turn,47,102546.899406112,281.909,gps_frame,0.0008591786775224247,-0.0003035051028601995,0.25959963940565733,0.0020975165117456214,0.006175950095538174,-8.225702010317433e-05,0.9999787254230377
turn,48,102546.995977817,282.004,trunk,-6.992444272589337e-06,-1.5202303633280209e-05,0.20113199399479603,0.008699240664580948,-0.009843676362565439,0.00022163151185176897,0.9999136843383042
turn,48,102546.995977817,282.004,imu_link,-6.992444272589337e-06,-1.5202303633280209e-05,0.20113199399479603,0.008699240664580948,-0.009843676362565439,0.00022163151185176897,0.9999136843383042
turn,48,102546.995977817,282.004,rf_hip_link,0.19340693597471162,-0.04645295779322897,0.19139769416222122,-0.00984155208900401,-0.0025166359030399646,0.00011441467275871215,0.9999483973213286
turn,48,102546.995977817,282.004,rf_upper_leg_link,0.19342405743728894,-0.1419344557687256,0.19327738860833904,-0.008458263905820907,0.5191085036103729,-0.005032594751955391,0.8546516788968249
turn,48,102546.995977817,282.004,rf_lower_leg_link,0.004408061425358195,-0.14390104503003862,0.09510363560737083,-0.008570326125612685,-0.48371214857639244,0.0048392921319716144,0.8751718048939717
turn,48,102546.995977817,282.004,rf_foot_link,0.1847648352167643,-0.14609907015381127,-0.018190683902086002,-0.008570326125612685,-0.48371214857639244,0.0048392921319716144,0.8751718048939717
turn,48,102546.995977817,282.004,lf_hip_link,0.19337221016195796,0.046530421620516085,0.19315551864648184,0.02970388574953056,-0.00251014395511887,0.00021383243531433765,0.9995555675520962
turn,48,102546.995977817,282.004,lf_upper_leg_link,0.19331714516173254,0.14186188960890622,0.1988263368435597,0.025821259808044474,0.4856657788996582,0.014684314585877819,0.8736397339022858
turn,48,102546.995977817,282.004,lf_lower_leg_link,0.012405131100605357,0.14843371044174755,0.08659151898703359,0.025930410637165783,-0.4960599281430528,-0.014490698986574672,0.8677800303866053
turn,48,102546.995977817,282.004,lf_foot_link,0.19594580369929449,0.15495731998804962,-0.021293901809792737,0.025930410637165783,-0.4960599281430528,-0.014490698986574672,0.8677800303866053
turn,48,102546.995977817,282.004,rh_hip_link,-0.1933881543365403,-0.04656062463459576,0.1894517961788077,-0.022313711750198025,-0.002517867273143938,8.301433998392426e-05,0.999747844069165
turn,48,102546.995977817,282.004,rh_upper_leg_link,-0.19338303354195255,-0.1419655240875165,0.19371268037760314,-0.019817073550582175,0.46059141756587163,-0.010256325820798846,0.8873317516246161
turn,48,102546.995977817,282.004,rh_lower_leg_link,-0.36757470605208203,-0.14744403017863286,0.07125351494220804,-0.018865702490662835,-0.5328738634998277,0.01191611904041608,0.8459004297051251
turn,48,102546.995977817,282.004,rh_foot_link,-0.17545593268634951,-0.15153734381341924,-0.020630225207688063,-0.018865702490662835,-0.5328738634998277,0.01191611904041608,0.8459004297051251
turn,48,102546.995977817,282.004,lh_hip_link,-0.19342288014929396,0.0464227547791493,0.19120962066306832,0.039607687932722846,-0.00250790169442078,0.00023869662111903234,0.9992121318867372
turn,48,102546.995977817,282.004,lh_upper_leg_link,-0.19348740773203613,0.14162310902853384,0.19876861444417201,0.034481091378738775,0.4842508721259099,0.019490517098937107,0.8740321887241012
turn,48,102546.995977817,282.004,lh_lower_leg_link,-0.3740785648176633,0.15044100395460192,0.08617163974437299,0.03377927718672485,-0.5290324930477028,-0.020682996692822427,0.8476767045166921
turn,48,102546.995977817,282.004,lh_foot_link,-0.18274186742960813,0.15797776573522587,-0.007115366073661394,0.03377927718672485,-0.5290324930477028,-0.020682996692822427,0.8476767045166921
turn,48,102546.995977817,282.004,d435_link,0.3390995353769481,0.01685245787186355,0.2496164742873569,0.008699240664580948,-0.009843676362565439,0.00022163151185176897,0.9999136843383042
turn,48,102546.995977817,282.004,velodyne_base_link,0.19837968493406166,-0.001352917787320277,0.2850422839243955,0.008699240664580948,-0.009843676362565439,0.00022163151185176897,0.9999136843383042
turn,48,102546.995977817,282.004,gps_frame,-0.0013847182585298619,-0.0012332963070170412,0.27110783352945006,0.008699240664580948,-0.009843676362565439,0.00022163151185176897,0.9999136843383042
turn,49,102547.097498433,282.10400000000004,trunk,-1.4614388957860697e-05,-2.311561329043682e-06,0.2008075909827249,-0.04630979031778033,-0.04285858767540523,0.0007332828367594612,0.9980070175502145
turn,49,102547.097498433,282.10400000000004,imu_link,-1.4614388957860697e-05,-2.311561329043682e-06,0.2008075909827249,-0.04630979031778033,-0.04285858767540523,0.0007332828367594612,0.9980070175502145
turn,49,102547.097498433,282.10400000000004,rf_hip_link,0.1926271799743155,-0.04570569870533794,0.225874490252268,-0.03828846249847662,-0.039981636256450306,0.00015204467682742285,0.99846654389828
turn,49,102547.097498433,282.10400000000004,rf_upper_leg_link,0.1923637864175439,-0.14092568707502445,0.23317753336531433,-0.032507169629874086,0.4970840067983329,-0.020231495266924648,0.8668572320210716
turn,49,102547.097498433,282.10400000000004,rf_lower_leg_link,0.008519850565627202,-0.14864579639841957,0.12588910359531935,-0.03233454189687845,-0.5652438171909266,0.020506264369699687,0.8240348279346872
turn,49,102547.097498433,282.10400000000004,rf_foot_link,0.20722484644733624,-0.15505869369380576,0.04944174026649806,-0.03233454189687845,-0.5652438171909266,0.020506264369699687,0.8240348279346872
turn,49,102547.097498433,282.10400000000004,lf_hip_link,0.1929092414872337,0.046996595873332915,0.21844448209936135,-0.02686836029707626,-0.03997728347455545,0.0006092301058625948,0.9988390945791117
turn,49,102547.097498433,282.10400000000004,lf_upper_leg_link,0.19299817131810734,0.14235864040357524,0.2133139310083707,-0.02366985523651808,0.4581181579082553,-0.012728625199041384,0.8884849314695052
turn,49,102547.097498433,282.10400000000004,lf_lower_leg_link,0.019474583892061373,0.13588382577219726,0.08995817969419541,-0.02263063273928373,-0.553693713600104,0.014496013527692782,0.832286604225582
turn,49,102547.097498433,282.10400000000004,lf_foot_link,0.2159287075251278,0.13127926806389437,0.007778040026056976,-0.02263063273928373,-0.553693713600104,0.014496013527692782,0.832286604225582
turn,49,102547.097498433,282.10400000000004,rh_hip_link,-0.19293617837640353,-0.047007394349825836,0.19499662948174096,-0.05308858257927583,-0.03997949557232273,-0.00044078238336036317,0.997789079938439
turn,49,102547.097498433,282.10400000000004,rh_upper_leg_link,-0.19342557053317838,-0.14196904329895307,0.20511076435228745,-0.04619149831966987,0.44969612930328035,-0.026171308189886243,0.8916023774083721
turn,49,102547.097498433,282.10400000000004,rh_lower_leg_link,-0.364745317286095,-0.15449996694626209,0.07916823648714652,-0.04513509637914249,-0.5662053977658237,0.027953800532871883,0.8225526461275651
turn,49,102547.097498433,282.10400000000004,rh_foot_link,-0.16580525743271846,-0.16357308543576685,0.0036067972048621777,-0.04513509637914249,-0.5662053977658237,0.027953800532871883,0.8225526461275651
turn,49,102547.097498433,282.10400000000004,lh_hip_link,-0.19265411686348533,0.045694900228845016,0.1875666213288343,-0.031954999110448155,-0.039979867761052335,0.000405621912156765,0.9986893028747852
turn,49,102547.097498433,282.10400000000004,lh_upper_leg_link,-0.1924874757860403,0.14099983450786369,0.18146811882221542,-0.02732153426270688,0.4949423081624829,-0.016577703785992156,0.8683379670920243
turn,49,102547.097498433,282.10400000000004,lh_lower_leg_link,-0.3757655094618829,0.1343886048082726,0.07314243390042066,-0.026252460790346793,-0.5921625047961812,0.018223468378321072,0.8051846256705528
turn,49,102547.097498433,282.10400000000004,lh_foot_link,-0.17244484475518898,0.12998085815343324,0.009815669632420088,-0.026252460790346793,-0.5921625047961812,0.018223468378321072,0.8051846256705528
turn,49,102547.097498433,282.10400000000004,d435_link,0.3352268177014488,0.023103336065494546,0.26942108278804233,-0.04630979031778033,-0.04285858767540523,0.0007332828367594612,0.9980070175502145
turn,49,102547.097498433,282.10400000000004,velodyne_base_link,0.19240128640466098,0.008474096809138451,0.2972662433832084,-0.04630979031778033,-0.04285858767540523,0.0007332828367594612,0.9980070175502145
turn,49,102547.097498433,282.10400000000004,gps_frame,-0.0060076125101041905,0.006463737993905264,0.27025018725237193,-0.04630979031778033,-0.04285858767540523,0.0007332828367594612,0.9980070175502145
turn,50,102547.195916076,282.199,trunk,-2.8878682698083893e-05,-2.0681095178683925e-05,0.18257006365365566,-0.05005091878379254,-0.03639956977734664,0.002152439941194907,0.9980808303194796
turn,50,102547.195916076,282.199,imu_link,-2.8878682698083893e-05,-2.0681095178683925e-05,0.18257006365365566,-0.05005091878379254,-0.03639956977734664,0.002152439941194907,0.9980808303194796
turn,50,102547.195916076,282.199,rf_hip_link,0.19285906781560233,-0.044833735183953234,0.20336481741299253,-0.0327251635687977,-0.03707809559343681,0.0025211866593588543,0.9987732085485614
turn,50,102547.195916076,282.199,rf_upper_leg_link,0.19310826684228885,-0.140127972275813,0.2096255104198017,-0.029862327771655532,0.4506114672077285,-0.013621090001688693,0.8921165915440213
turn,50,102547.195916076,282.199,rf_lower_leg_link,0.02168385455024364,-0.1488621900890805,0.08350499539739434,-0.026518131632530216,-0.5563729892184487,0.01934118423198782,0.8302841707243082
turn,50,102547.195916076,282.199,rf_foot_link,0.21869206079359543,-0.15365753255086242,0.0026732481476211267,-0.026518131632530216,-0.5563729892184487,0.01934118423198782,0.8302841707243082
turn,50,102547.195916076,282.199,lf_hip_link,0.19285131763667948,0.04770603373959224,0.19412408651595137,-0.066931790495865,-0.03714271475466395,0.0012491179532121057,0.9970651903792501
turn,50,102547.195916076,282.199,lf_upper_leg_link,0.1930882677238425,0.14235008158853532,0.18136877148953354,-0.059970491884402545,0.4267057468119884,-0.02974836092604452,0.9019095191664073
turn,50,102547.195916076,282.199,lf_lower_leg_link,0.02838218424772334,0.12471616903054313,0.047466003803967205,-0.05375686803470485,-0.6093951201494453,0.039895162786266855,0.790035545189835
turn,50,102547.195916076,282.199,lf_foot_link,0.23439086181108473,0.11698089552547676,-0.006102553320495502,-0.05375686803470485,-0.6093951201494453,0.039895162786266855,0.790035545189835
turn,50,102547.195916076,282.199,rh_hip_link,-0.1928724810774439,-0.04772040844632822,0.17478021830704527,-0.07107417034755412,-0.03714758438866059,0.0010947735358091566,0.9967784712534674
turn,50,102547.195916076,282.199,rh_upper_leg_link,-0.19316833760388832,-0.14225533582836783,0.188319419678923,-0.06309072468926366,0.440058171896161,-0.03274594139540634,0.8951514224575198
turn,50,102547.195916076,282.199,rh_lower_leg_link,-0.36185780434442183,-0.16017529541905506,0.05951049584574067,-0.058693092536888786,-0.580537554960337,0.040098093572438834,0.8111247814368551
turn,50,102547.195916076,282.199,rh_foot_link,-0.16025676410355408,-0.17053943776996688,-0.008449824394308691,-0.058693092536888786,-0.580537554960337,0.040098093572438834,0.8111247814368551
turn,50,102547.195916076,282.199,lh_hip_link,-0.19288023125636675,0.04481936047721725,0.1655394874100041,-0.060987407694939974,-0.037134609310891645,0.0014704918683240075,0.9974464369316499
turn,50,102547.195916076,282.199,lh_upper_leg_link,-0.1927278119799063,0.13960852986467365,0.15391020818899231,-0.05385584776408066,0.45726996863641034,-0.028656132071439806,0.8872330863643288
turn,50,102547.195916076,282.199,lh_lower_leg_link,-0.36621560731684094,0.1248352326610552,0.03122062200147835,-0.04825933787777969,-0.6208816456132278,0.037318394275235506,0.781526938689209
turn,50,102547.195916076,282.199,lh_foot_link,-0.15873797619136434,0.1186387787126561,-0.01656678785745852,-0.04825933787777969,-0.6208816456132278,0.037318394275235506,0.781526938689209
turn,50,102547.195916076,282.199,d435_link,0.33603128478968963,0.02423092501169552,0.24663195660218712,-0.05005091878379254,-0.03639956977734664,0.002152439941194907,0.9980808303194796
turn,50,102547.195916076,282.199,velodyne_base_link,0.1936093055384986,0.00954761763700986,0.27644605244146814,-0.05005091878379254,-0.03639956977734664,0.002152439941194907,0.9980808303194796
turn,50,102547.195916076,282.199,gps_frame,-0.005130120901964244,0.006962030961442235,0.25203386041250475,-0.05005091878379254,-0.03639956977734664,0.002152439941194907,0.9980808303194796
turn,51,102547.296585763,282.29900000000004,trunk,-1.312834125375471e-05,3.4095507190115673e-07,0.2050143232226408,-0.01887180190738785,0.007301502825385867,0.0017318241871256805,0.9997937506977347
turn,51,102547.296585763,282.29900000000004,imu_link,-1.312834125375471e-05,3.4095507190115673e-07,0.2050143232226408,-0.01887180190738785,0.007301502825385867,0.0017318241871256805,0.9997937506977347
turn,51,102547.296585763,282.29900000000004,rf_hip_link,0.19355302457477247,-0.045759961957845964,0.20587008116980338,-0.023572640927046924,-0.0008638312179308092,0.001820967508604194,0.9997200950629551
turn,51,102547.296585763,282.29900000000004,rf_upper_leg_link,0.19389684272506058,-0.14115319576116392,0.2103714957946805,-0.021449225470869724,0.48839567833643865,-0.00994565481216159,0.8723019408778976
turn,51,102547.296585763,282.29900000000004,rf_lower_leg_link,0.012317825393584812,-0.1470544826738786,0.09918140955625088,-0.019028968643956534,-0.5303102089392089,0.014031524339507745,0.8474739506155394
turn,51,102547.296585763,282.29900000000004,rf_foot_link,0.20388623112155538,-0.15075450338566776,0.006139183800543818,-0.019028968643956534,-0.5303102089392089,0.014031524339507745,0.8474739506155394
turn,51,102547.296585763,282.29900000000004,lf_hip_link,0.19321601772420058,0.04718568782896144,0.20270897185647518,-0.03484136031468964,-0.0008843047701075608,0.001811113501144808,0.9993908231940002
turn,51,102547.296585763,282.29900000000004,lf_upper_leg_link,0.19287619055634905,0.1424532025295092,0.19605802002407588,-0.030761055667350958,0.5158753622996531,-0.016460801162829036,0.8559529251375391
turn,51,102547.296585763,282.29900000000004,lf_lower_leg_link,0.0045537839595996416,0.13485408936424645,0.09683138724481599,-0.02827116483755288,-0.543527906761968,0.020443623930702003,0.8386657343961664
turn,51,102547.296585763,282.29900000000004,lf_foot_link,0.19898708352007843,0.12948718072005633,0.010021892869891913,-0.02827116483755288,-0.543527906761968,0.020443623930702003,0.8386657343961664
turn,51,102547.296585763,282.29900000000004,rh_hip_link,-0.1932438329637489,-0.047184020769310366,0.2052352151790649,0.0028347374285379316,-0.000815444519332411,0.0018431433141117162,0.9999939510500405
turn,51,102547.296585763,282.29900000000004,rh_upper_leg_link,-0.19289135321014814,-0.1426818370828194,0.2046940706747192,0.0013775623352171693,0.5428649455948426,0.0030879176766390017,0.8398132041893266
turn,51,102547.296585763,282.29900000000004,rh_lower_leg_link,-0.38710875897383984,-0.14290311307974105,0.11723807982586637,0.0033792148118089696,-0.5163226432869339,0.0001175619868811929,0.8563874678646509
turn,51,102547.296585763,282.29900000000004,rh_foot_link,-0.1987435535071703,-0.1416444461815634,0.0178098890189389,0.0033792148118089696,-0.5163226432869339,0.0001175619868811929,0.8563874678646509
turn,51,102547.296585763,282.29900000000004,lh_hip_link,-0.19358083981432078,0.04576162901749704,0.2020741058657367,-0.012981752348713389,-0.0008444941001196563,0.0018300155068542668,0.9999137022658087
turn,51,102547.296585763,282.29900000000004,lh_upper_leg_link,-0.1939282486766932,0.14122880092099444,0.1995945099651088,-0.012225670308943573,0.4869288882843831,-0.004733691613917008,0.8733432217080156
turn,51,102547.296585763,282.29900000000004,lh_lower_leg_link,-0.37511197714403377,0.13766222876834888,0.08766267311002567,-0.010284366538489666,-0.5052904072114358,0.008130599959452364,0.862849772283277
turn,51,102547.296585763,282.29900000000004,lh_foot_link,-0.1893447381936385,0.13563210482558027,-0.01652663310478583,-0.010284366538489666,-0.5052904072114358,0.008130599959452364,0.862849772283277
turn,51,102547.296585763,282.29900000000004,d435_link,0.34048634307090037,0.02013855558639467,0.24083418195360778,-0.01887180190738785,0.007301502825385867,0.0017318241871256805,0.9997937506977347
turn,51,102547.296585763,282.29900000000004,velodyne_base_link,0.20112711747574055,0.0036586994738284843,0.28201573831111404,-0.01887180190738785,0.007301502825385867,0.0017318241871256805,0.9997937506977347
turn,51,102547.296585763,282.29900000000004,gps_frame,0.0010042956540997152,0.0026436185893569273,0.27495699926353706,-0.01887180190738785,0.007301502825385867,0.0017318241871256805,0.9997937506977347
turn,52,102547.393739488,282.389,trunk,-7.312775290135097e-06,-8.209923001419387e-06,0.1951674973345858,0.031910065035830014,-0.018167673378876686,0.0007126102999132334,0.999325360220568
turn,52,102547.393739488,282.389,imu_link,-7.312775290135097e-06,-8.209923001419387e-06,0.1951674973345858,0.031910065035830014,-0.018167673378876686,0.0007126102999132334,0.999325360220568
turn,52,102547.393739488,282.389,rf_hip_link,0.19344435982152205,-0.04620705394340898,0.20251016762115737,0.004004506362808923,-0.01489124201650226,0.0006019054423811823,0.999880919184797
turn,52,102547.393739488,282.389,rf_upper_leg_link,0.1935706997970376,-0.14170392185638708,0.20174710994194453,0.0031633288711188615,0.4883309223332636,0.002528183502930736,0.8726491344932239
turn,52,102547.393739488,282.389,rf_lower_leg_link,0.012030989709428078,-0.1410538944120011,0.09033835298977205,0.003694867694619965,-0.5527781271996313,-0.0016572006790364902,0.833318632773981
turn,52,102547.393739488,282.389,rf_foot_link,0.2082663715828604,-0.14013248290587413,0.007514287031714917,0.003694867694619965,-0.5527781271996313,-0.0016572006790364902,0.833318632773981
turn,52,102547.393739488,282.389,lf_hip_link,0.19317000271574977,0.04660974048417228,0.20833832345011685,0.04286585740310367,-0.014856593457214021,0.0011802583626799017,0.9989696726578546
turn,52,102547.393739488,282.389,lf_upper_leg_link,0.19282316907672126,0.1417585154086975,0.2165139174217429,0.03556216676435887,0.5226690461235245,0.02396261746407985,0.8514565129726939
turn,52,102547.393739488,282.389,lf_lower_leg_link,0.0028773833796477306,0.14932219656889528,0.12042859480050014,0.03727382461234163,-0.5303410086495105,-0.021202281468613013,0.8466992026711221
turn,52,102547.393739488,282.389,lf_foot_link,0.1945047926764132,0.15797650509915132,0.027837888193016774,0.03727382461234163,-0.5303410086495105,-0.021202281468613013,0.8466992026711221
turn,52,102547.393739488,282.389,rh_hip_link,-0.19318381481571792,-0.046626501173566495,0.19098980995756862,0.029193654733399153,-0.01487135141201259,0.0009768757014285577,0.9994626652078362
turn,52,102547.393739488,282.389,rh_upper_leg_link,-0.19291440933660034,-0.14196353543486612,0.1854195928210833,0.024351104371595496,0.5111471152120526,0.01613218766047006,0.8589967420471207
turn,52,102547.393739488,282.389,rh_lower_leg_link,-0.3801271567651046,-0.13656543462904044,0.08397380578208787,0.024909721601768974,-0.5626159660093902,-0.015255475494107803,0.8262021853205737
turn,52,102547.393739488,282.389,rh_foot_link,-0.1819457583540614,-0.13145450289174948,0.006082781263083592,0.024909721601768974,-0.5626159660093902,-0.015255475494107803,0.8262021853205737
turn,52,102547.393739488,282.389,lh_hip_link,-0.1934581719214902,0.04619029325401477,0.1968179657865281,0.06959130015176052,-0.014819676176132661,0.001577522421449669,0.9974642547802062
turn,52,102547.393739488,282.389,lh_upper_leg_link,-0.1939556968885424,0.1407648146659585,0.21007173387748856,0.06002021749555642,0.4726398931785798,0.03525636290924945,0.8785021876707753
turn,52,102547.393739488,282.389,lh_lower_leg_link,-0.37173881991405644,0.1561282187241209,0.09376985520375175,0.059725879528601394,-0.5441221169289685,-0.03575271945373656,0.8361134398124068
turn,52,102547.393739488,282.389,lh_foot_link,-0.17702138630825703,0.1691143026922261,0.008414816259677466,0.059725879528601394,-0.5441221169289685,-0.03575271945373656,0.8361134398124068
turn,52,102547.393739488,282.389,d435_link,0.3382176707919354,0.014898340902812631,0.2500323789386453,0.031910065035830014,-0.018167673378876686,0.0007126102999132334,0.999325360220568
turn,52,102547.393739488,282.389,velodyne_base_link,0.19695922998850138,-0.0050594881540090685,0.2822230291514234,0.031910065035830014,-0.018167673378876686,0.0007126102999132334,0.999325360220568
turn,52,102547.393739488,282.389,gps_frame,-0.0025458875976681534,-0.004474417642088915,0.26497873300966285,0.031910065035830014,-0.018167673378876686,0.0007126102999132334,0.999325360220568
turn,53,102547.497451353,282.499,trunk,-8.313769859133182e-06,-1.0503485034562757e-05,0.199851227374853,0.011082553820897918,-0.005193212708887721,0.000319826286138266,0.999925049818092
turn,53,102547.497451353,282.499,imu_link,-8.313769859133182e-06,-1.0503485034562757e-05,0.199851227374853,0.011082553820897918,-0.005193212708887721,0.000319826286138266,0.999925049818092
turn,53,102547.497451353,282.499,rf_hip_link,0.19341809594252518,-0.04639542370829195,0.19466195318590498,-0.0025305599077219514,-0.005098130758338261,0.00021584513074282338,0.9999837792385453
turn,53,102547.497451353,282.499,rf_upper_leg_link,0.19345685757884057,-0.14189419169668163,0.19514549246586635,-0.0022834456351465133,0.5082181541980678,-0.0011118446826627576,0.8612246265759833
turn,53,102547.497451353,282.499,rf_lower_leg_link,0.0069998402652023525,-0.14249123068051828,0.09217741858394218,-0.00208479571315857,-0.5036993854026496,0.001450499707490756,0.863875268092811
turn,53,102547.497451353,282.499,rf_foot_link,0.19236797461015065,-0.14294721581704706,-0.012738961676856397,-0.00208479571315857,-0.5036993854026496,0.001450499707490756,0.863875268092811
turn,53,102547.497451353,282.499,lf_hip_link,0.1933436964237557,0.04655198159671132,0.19778834276160664,0.04097017509865706,-0.005083916160194383,0.0004374046475455413,0.9991473400985642
turn,53,102547.497451353,282.499,lf_upper_leg_link,0.19322044018430204,0.14173134100175722,0.20560654915083276,0.03548789480130235,0.4856794265944023,0.020478180900949446,0.8731762410948275
turn,53,102547.497451353,282.499,lf_lower_leg_link,0.012251182682043036,0.15069495841463917,0.09362984888708793,0.03569571944332127,-0.5041564439302355,-0.020113731226801483,0.862639863137091
turn,53,102547.497451353,282.499,lf_foot_link,0.19782675955880016,0.15949274591138474,-0.01054934386281245,0.03569571944332127,-0.5041564439302355,-0.020113731226801483,0.862639863137091
turn,53,102547.497451353,282.499,rh_hip_link,-0.19336176142709077,-0.046572379103460786,0.19071852575185075,-0.015609100646353421,-0.005100517729842376,0.00014914837291643966,0.9998651501330879
turn,53,102547.497451353,282.499,rh_upper_leg_link,-0.193348484297845,-0.1420258388462298,0.1936996072424204,-0.013910611204023636,0.4576267682041957,-0.007082454670213311,0.8890073535999341
turn,53,102547.497451353,282.499,rh_lower_leg_link,-0.36670155183092673,-0.14591330815604137,0.06999592274096311,-0.013005358592378648,-0.5492598902463125,0.008632897318326989,0.8355057789736607
turn,53,102547.497451353,282.499,rh_foot_link,-0.17115814303110896,-0.14852228041596302,-0.014413605978810667,-0.013005358592378648,-0.5492598902463125,0.008632897318326989,0.8355057789736607
turn,53,102547.497451353,282.499,lh_hip_link,-0.19343616094586025,0.046375026201542484,0.1938449153275524,0.0458939561042952,-0.005081698675396243,0.00046245531898345967,0.9989332846926002
turn,53,102547.497451353,282.499,lh_upper_leg_link,-0.19356894056781132,0.1414726906088239,0.20260086152725437,0.04001286886264441,0.47606553297911,0.022481979388075484,0.8782113294859563
turn,53,102547.497451353,282.499,lh_lower_leg_link,-0.3720568543624917,0.1518827926538398,0.08683085502887353,0.03916125884617132,-0.5338077326629468,-0.023934595827132723,0.8443594231590117
turn,53,102547.497451353,282.499,lh_foot_link,-0.17964845975839996,0.16052620723894914,-0.004126833322282891,0.03916125884617132,-0.5338077326629468,-0.023934595827132723,0.8443594231590117
turn,53,102547.497451353,282.499,d435_link,0.3395293598132883,0.016743602062879268,0.24526012699853234,0.011082553820897918,-0.005193212708887721,0.000319826286138266,0.999925049818092
turn,53,102547.497451353,282.499,velodyne_base_link,0.1991505728937643,-0.00167894563991953,0.28190580776913576,0.011082553820897918,-0.005193212708887721,0.000319826286138266,0.999925049818092
turn,53,102547.497451353,282.499,gps_frame,-0.0007348128277060788,-0.0015621772600715217,0.26983025643081243,0.011082553820897918,-0.005193212708887721,0.000319826286138266,0.999925049818092
turn,54,102547.601336614,282.599,trunk,-1.0286566963092752e-05,-4.398033098986945e-06,0.19725931281839326,-0.030343496153401185,-0.027641263992890932,0.0004912149542374973,0.999157140530924
turn,54,102547.601336614,282.599,imu_link,-1.0286566963092752e-05,-4.398033098986945e-06,0.19725931281839326,-0.030343496153401185,-0.027641263992890932,0.0004912149542374973,0.999157140530924
turn,54,102547.601336614,282.599,rf_hip_link,0.1931001345382223,-0.046039497752748855,0.2132487520160628,-0.021785010739974867,-0.025400376737577075,0.00045645263049595047,0.9994398560291882
turn,54,102547.601336614,282.599,rf_upper_leg_link,0.19308157878723664,-0.14144881189973743,0.21740957281073225,-0.01872117471767032,0.5077300228442262,-0.011149558696879846,0.8612406335401604
turn,54,102547.601336614,282.599,rf_lower_leg_link,0.0067123470921615766,-0.14590582441052183,0.11437732292330086,-0.018178428535016427,-0.5549491349987177,0.012014149072739502,0.8315988591395675
turn,54,102547.601336614,282.599,rf_foot_link,0.2034022835637516,-0.14950548981719503,0.03271269594342746,-0.018178428535016427,-0.5549491349987177,0.012014149072739502,0.8315988591395675
turn,54,102547.601336614,282.599,lf_hip_link,0.19318032170056998,0.046810928304834465,0.2079769448359542,-0.01420557021393689,-0.025396185121864336,0.0006490521325211196,0.9995763173902642
turn,54,102547.601336614,282.599,lf_upper_leg_link,0.19312531181931455,0.14227230438152363,0.20526168214923765,-0.012646435463355619,0.4751626809105017,-0.006502858128930888,0.8797830455152968
turn,54,102547.601336614,282.599,lf_lower_leg_link,0.015005208397330837,0.13884888147550428,0.08851191156039089,-0.011639669001353927,-0.5577248386131771,0.008169308374198008,0.8299040817468798
turn,54,102547.601336614,282.599,lf_foot_link,0.21222327504884292,0.13667475527945872,0.008079906975627466,-0.011639669001353927,-0.5577248386131771,0.008169308374198008,0.8299040817468798
turn,54,102547.601336614,282.599,rh_hip_link,-0.19320059370151355,-0.04682048132482926,0.19361771979384373,-0.052392032544129455,-0.025402438389563912,-0.0003218870596082205,0.9983034045010966
turn,54,102547.601336614,282.599,rh_upper_leg_link,-0.19351616892983267,-0.14179618084592083,0.20360605863243902,-0.045517803859515905,0.46688129041836063,-0.02594529277520104,0.8827665784180448
turn,54,102547.601336614,282.599,rh_lower_leg_link,-0.3695939702093459,-0.15375324435469503,0.08434736281188548,-0.04430173127556667,-0.5595376605820793,0.02797115105553826,0.8271472527337255
turn,54,102547.601336614,282.599,rh_foot_link,-0.17190474710332923,-0.1626963232260604,0.0055565485754526245,-0.04430173127556667,-0.5595376605820793,0.02797115105553826,0.8271472527337255
turn,54,102547.601336614,282.599,lh_hip_link,-0.19312040653916587,0.04602994473275406,0.18834591261373512,-0.02332622756955226,-0.025401050433919846,0.00041728200080256867,0.999405072840817
turn,54,102547.601336614,282.599,lh_upper_leg_link,-0.19308689044467253,0.14142598591252717,0.1838912292469352,-0.020102508880411884,0.5008513589911746,-0.011839601074685542,0.8652188331166855
turn,54,102547.601336614,282.599,lh_lower_leg_link,-0.37779368896147214,0.13654266740361437,0.07792636817490407,-0.019100095590179087,-0.5802154688027339,0.013396766973443826,0.8141288121330242
turn,54,102547.601336614,282.599,lh_foot_link,-0.1764550087324136,0.133229696627488,0.008494674631843946,-0.019100095590179087,-0.5802154688027339,0.013396766973443826,0.8141288121330242
turn,54,102547.601336614,282.599,d435_link,0.3371886517872708,0.020882711314471326,0.25632795624178817,-0.030343496153401185,-0.027641263992890932,0.0004912149542374973,0.999157140530924
turn,54,102547.601336614,282.599,velodyne_base_link,0.1952627416907951,0.005376110261281747,0.28803097450605264,-0.030343496153401185,-0.027641263992890932,0.0004912149542374973,0.999157140530924
turn,54,102547.601336614,282.599,gps_frame,-0.0038788885728851304,0.004238209993637266,0.2670234454056422,-0.030343496153401185,-0.027641263992890932,0.0004912149542374973,0.999157140530924
turn,55,102547.704500151,282.699,trunk,-8.45514573104519e-06,-8.058747899200825e-06,0.18508855388545603,-0.018745604196720247,-0.020393359267481783,0.001348863378657837,0.9996153729253432
turn,55,102547.704500151,282.699,imu_link,-8.45514573104519e-06,-8.058747899200825e-06,0.18508855388545603,-0.018745604196720247,-0.020393359267481783,0.001348863378657837,0.9996153729253432
turn,55,102547.704500151,282.699,rf_hip_link,0.19322815686842038,-0.04562538969533753,0.19511681410885826,-0.024381760157601493,-0.021941934188303095,0.0013948273333514107,0.9994609225739661
turn,55,102547.704500151,282.699,rf_upper_leg_link,0.19339224352382048,-0.14101147428294805,0.19977706545559165,-0.02201765225366009,0.4639641447246499,-0.010565924517502703,0.8855172819534645
turn,55,102547.704500151,282.699,rf_lower_leg_link,0.018271777903423016,-0.14722885969922916,0.07868550241554909,-0.01991783025715185,-0.5494209798150016,0.014131376773688914,0.8351887039271131
turn,55,102547.704500151,282.699,rf_foot_link,0.21387038608835082,-0.1510079363560533,-0.005551680916640572,-0.01991783025715185,-0.5494209798150016,0.014131376773688914,0.8351887039271131
turn,55,102547.704500151,282.699,lf_hip_link,0.19318211569884997,0.04710172675537798,0.1879978426279384,-0.04684994194987073,-0.02196775085429715,0.0009010780305917758,0.9986599465884671
turn,55,102547.704500151,282.699,lf_upper_leg_link,0.1932068153058985,0.14218234251593423,0.17905771418798405,-0.041926559209122534,0.4436135329861492,-0.020925884335134193,0.8949923487657441
turn,55,102547.704500151,282.699,lf_lower_leg_link,0.023697978269685803,0.13015170027758788,0.050640356272616566,-0.03801786808820903,-0.586180892986852,0.02739289521666175,0.8088239806625501
turn,55,102547.704500151,282.699,lf_foot_link,0.22611553451303007,0.12389266476584442,-0.01536689635113142,-0.03801786808820903,-0.586180892986852,0.02739289521666175,0.8088239806625501
turn,55,102547.704500151,282.699,rh_hip_link,-0.19319788951831596,-0.047117709265993055,0.1781779931281946,-0.05705107192979978,-0.02197581074456877,0.0006765806179490355,0.9981291405286428
turn,55,102547.704500151,282.699,rh_upper_leg_link,-0.19330836940551913,-0.14199595029518575,0.1890572014358308,-0.050498018591665465,0.4556936368701876,-0.02655621750151143,0.8883062685506333
turn,55,102547.704500151,282.699,rh_lower_leg_link,-0.36632253993365893,-0.15595009453238826,0.06560527291680311,-0.04725312236134145,-0.5678846111726584,0.03197538110446637,0.821128361356254
turn,55,102547.704500151,282.699,rh_foot_link,-0.1670324566936561,-0.16474382171332533,-0.009061540892679881,-0.04725312236134145,-0.5678846111726584,0.03197538110446637,0.821128361356254
turn,55,102547.704500151,282.699,lh_hip_link,-0.19324393068788637,0.04560940718472246,0.17105902164727474,-0.05589367021335044,-0.021975011453807383,0.0007020618339740882,0.9981946221107723
turn,55,102547.704500151,282.699,lh_upper_leg_link,-0.19314318397593672,0.14051260948992156,0.16039965758001085,-0.04874786636711445,0.4803385746256901,-0.027353990301077696,0.875300096233185
turn,55,102547.704500151,282.699,lh_lower_leg_link,-0.3728188437599221,0.1279328996049408,0.04670089689899348,-0.04566455096528549,-0.5835248598940443,0.03223885925209428,0.8101692061692412
turn,55,102547.704500151,282.699,lh_foot_link,-0.17079854835487426,0.12018658496736925,-0.020357248422756574,-0.04566455096528549,-0.5835248598940443,0.03223885925209428,0.8101692061692412
turn,55,102547.704500151,282.699,d435_link,0.33797959453810006,0.020209410893090772,0.23971301902916053,-0.018745604196720247,-0.020393359267481783,0.001348863378657837,0.9996153729253432
turn,55,102547.704500151,282.699,velodyne_base_link,0.196558733330278,0.003677935220134714,0.27310988006897097,-0.018745604196720247,-0.020393359267481783,0.001348863378657837,0.9996153729253432
turn,55,102547.704500151,282.699,gps_frame,-0.0028659672421036957,0.002611465330507232,0.25498113373640824,-0.018745604196720247,-0.020393359267481783,0.001348863378657837,0.9996153729253432
turn,56,102547.795402234,282.78900000000004,trunk,-6.64415733610747e-06,-2.778610509605498e-06,0.20755511978680088,0.022191619797545293,-0.016880069081398635,0.0010938517047953521,0.9996106235765085
turn,56,102547.795402234,282.78900000000004,imu_link,-6.64415733610747e-06,-2.778610509605498e-06,0.20755511978680088,0.022191619797545293,-0.016880069081398635,0.0010938517047953521,0.9996106235765085
turn,56,102547.795402234,282.78900000000004,rf_hip_link,0.19348738501995283,-0.046019566715365647,0.20738763718196795,-0.023532602786556597,-0.0034138151305880744,0.0011146565807987352,0.9997166198543721
turn,56,102547.795402234,282.78900000000004,rf_upper_leg_link,0.19368487992792857,-0.14141355677740386,0.21188181739698767,-0.02112004449414501,0.4818903964604355,-0.010438849254985162,0.87591473326232
turn,56,102547.795402234,282.78900000000004,rf_lower_leg_link,0.01377853356971979,-0.14715134095107565,0.0979968562615658,-0.01946890280832845,-0.5261293665592063,0.0132660346992924,0.8500781515783155
turn,56,102547.795402234,282.78900000000004,rf_foot_link,0.204417518610547,-0.1512283477433301,0.0030802855364328308,-0.01946890280832845,-0.5261293665592063,0.0132660346992924,0.8500781515783155
turn,56,102547.795402234,282.78900000000004,lf_hip_link,0.19328357642668018,0.046940903608725326,0.2046840434289972,-0.0358917638151627,-0.003427336299558167,0.0010723613797041266,0.9993492305981916
turn,56,102547.795402234,282.78900000000004,lf_upper_leg_link,0.19310238420510265,0.14219463419300513,0.19783247578675087,-0.03137603488643683,0.5088960436861215,-0.017461761179709274,0.8600787452622701
turn,56,102547.795402234,282.78900000000004,lf_lower_leg_link,0.006412761244612733,0.13448418775054735,0.09557528193454275,-0.029530019161054598,-0.5466391371810674,0.020429063538005138,0.836598042690303
turn,56,102547.795402234,282.78900000000004,lf_foot_link,0.20148689546353352,0.12871724232989437,0.01024167484300098,-0.029530019161054598,-0.5466391371810674,0.020429063538005138,0.836598042690303
turn,56,102547.795402234,282.78900000000004,rh_hip_link,-0.19330263817567203,-0.04694376858318483,0.2047677503074367,0.01084172682273738,-0.003373487219311091,0.0012313314014085394,0.9999347780562802
turn,56,102547.795402234,282.78900000000004,rh_upper_leg_link,-0.19306048350164753,-0.1424210282726387,0.2026979089351491,0.008433334075934608,0.5403998332014788,0.006923734099648688,0.8413376023085472
turn,56,102547.795402234,282.78900000000004,rh_lower_leg_link,-0.3867699638912279,-0.14099235364102913,0.1141338298963215,0.00994303976096235,-0.5149192235552756,-0.0044939045195553085,0.8571692563290596
turn,56,102547.795402234,282.78900000000004,rh_foot_link,-0.1987260616070461,-0.13834737494792188,0.014126355668391766,0.00994303976096235,-0.5149192235552756,-0.0044939045195553085,0.8571692563290596
turn,56,102547.795402234,282.78900000000004,lh_hip_link,-0.19350644676894468,0.04601670174090614,0.20206415655446597,-0.016063445264491934,-0.003405392693164723,0.0011401287840811295,0.9998645253899129
turn,56,102547.795402234,282.78900000000004,lh_upper_leg_link,-0.19371373371835626,0.14146716891493086,0.19899571258707388,-0.014575904530159377,0.4851344802161441,-0.0068466907727235725,0.874291256926433
turn,56,102547.795402234,282.78900000000004,lh_lower_leg_link,-0.3744436506085231,0.13745338834241067,0.08634764688513209,-0.013234054776743644,-0.5130326420930053,0.009175726760086494,0.858218022404366
turn,56,102547.795402234,282.78900000000004,lh_foot_link,-0.18682673638841193,0.1346203788706188,-0.014453481857834627,-0.013234054776743644,-0.5130326420930053,0.009175726760086494,0.858218022404366
turn,56,102547.795402234,282.78900000000004,d435_link,0.3383489190425556,0.016126027549140203,0.26125683729703103,0.022191619797545293,-0.016880069081398635,0.0010938517047953521,0.9996106235765085
turn,56,102547.795402234,282.78900000000004,velodyne_base_link,0.19718302701887414,-0.003267477638115808,0.29418984332001946,0.022191619797545293,-0.016880069081398635,0.0010938517047953521,0.9996106235765085
turn,56,102547.795402234,282.78900000000004,gps_frame,-0.0023655352428414277,-0.003110980657997037,0.27744628312580044,0.022191619797545293,-0.016880069081398635,0.0010938517047953521,0.9996106235765085
turn,57,102547.893444697,282.889,trunk,-8.431442653765497e-06,-1.0793210047413927e-05,0.1899429522996811,0.023584493700110516,-0.010889796019956441,9.818297484732407e-05,0.9996625302369078
turn,57,102547.893444697,282.889,imu_link,-8.431442653765497e-06,-1.0793210047413927e-05,0.1899429522996811,0.023584493700110516,-0.010889796019956441,9.818297484732407e-05,0.9996625302369078
turn,57,102547.893444697,282.889,rf_hip_link,0.1933742702628933,-0.046479795721481774,0.19963786272400305,0.006358083999445296,-0.015593125435044944,-5.829975758300575e-05,0.9998582028508649
turn,57,102547.893444697,282.889,rf_upper_leg_link,0.19338207278679614,-0.14197207385295968,0.19842346724431467,0.005539872195893903,0.4851774458250267,0.0031206484997349775,0.8743925991405106
turn,57,102547.893444697,282.889,rf_lower_leg_link,0.012650356176311573,-0.1405535130315416,0.08571572883996437,0.005274530037557055,-0.5637486624133472,-0.003550769478387023,0.8259219194307391
turn,57,102547.893444697,282.889,rf_foot_link,0.21100920732260459,-0.13955044984090023,0.008115728606985229,0.005274530037557055,-0.5637486624133472,-0.003550769478387023,0.8259219194307391
turn,57,102547.893444697,282.889,lf_hip_link,0.19321962041129748,0.04633308259692566,0.20553241119491206,0.04046228418419758,-0.015586038863084725,0.0004736583718173783,0.9990593849210878
turn,57,102547.893444697,282.889,lf_upper_leg_link,0.19300878323239712,0.1415203352253374,0.2132520280726412,0.03392203430520713,0.5216845008641757,0.022061649581395965,0.8521783033875246
turn,57,102547.893444697,282.889,lf_lower_leg_link,0.003303916367842665,0.14893205404773932,0.1166801382081503,0.034751347326783436,-0.5351298241421946,-0.020730765847628948,0.8438001247451247
turn,57,102547.893444697,282.889,lf_foot_link,0.19596796902664823,0.15669783814185256,0.02618563334465801,0.034751347326783436,-0.5351298241421946,-0.020730765847628948,0.8438001247451247
turn,57,102547.893444697,282.889,rh_hip_link,-0.1932376297018869,-0.04635800486249636,0.1875770181180263,0.029508773764863553,-0.01559029444166968,0.00030278526520193037,0.9994428864678558
turn,57,102547.893444697,282.889,rh_upper_leg_link,-0.19309196029513823,-0.1416916707155641,0.1819448839364235,0.02496890710999737,0.5107352821801122,0.01572937016396544,0.8592314077874356
turn,57,102547.893444697,282.889,rh_lower_leg_link,-0.380205022631998,-0.13597452710908908,0.08033279719520267,0.02478972056202725,-0.5638238923805821,-0.016010283023086328,0.8253676507913229
turn,57,102547.893444697,282.889,rh_foot_link,-0.18179173465855364,-0.13110379078971574,0.0030188716495792023,0.02478972056202725,-0.5638238923805821,-0.016010283023086328,0.8253676507913229
turn,57,102547.893444697,282.889,lh_hip_link,-0.19339227955348273,0.046454873455911073,0.1934715665889353,0.06885867196933065,-0.015566263942108425,0.0009167260110824526,0.9975045535409477
turn,57,102547.893444697,282.889,lh_upper_leg_link,-0.19377166488438222,0.14104908325134688,0.2065880272375928,0.05977389229638512,0.47016080293120893,0.03419705969377235,0.8798900285235204
turn,57,102547.893444697,282.889,lh_lower_leg_link,-0.3708743035855748,0.15660504185660098,0.08927789333200704,0.05815056973056205,-0.5585477012730212,-0.036889948928811526,0.8266088000442922
turn,57,102547.893444697,282.889,lh_foot_link,-0.17327607088656954,0.16830426984245073,0.010619985282244504,0.05815056973056205,-0.5585477012730212,-0.036889948928811526,0.8266088000442922
turn,57,102547.893444697,282.889,d435_link,0.3389951422372524,0.015404894612391355,0.23961622077693656,0.023584493700110516,-0.010889796019956441,9.818297484732407e-05,0.9996625302369078
turn,57,102547.893444697,282.889,velodyne_base_link,0.19820272076687356,-0.0038466820181422656,0.27419035639513967,0.023584493700110516,-0.010889796019956441,9.818297484732407e-05,0.9996625302369078
turn,57,102547.893444697,282.889,gps_frame,-0.0015321642052788065,-0.0033116577475322782,0.2598484780596186,0.023584493700110516,-0.010889796019956441,9.818297484732407e-05,0.9996625302369078
turn,58,102547.996592965,282.98900000000003,trunk,-1.0636056893951313e-05,-1.6439590319403395e-05,0.19671332109274958,0.005083558582170142,-0.0067995385646432375,0.00023275972233385614,0.9999639341148066
turn,58,102547.996592965,282.98900000000003,imu_link,-1.0636056893951313e-05,-1.6439590319403395e-05,0.19671332109274958,0.005083558582170142,-0.0067995385646432375,0.00023275972233385614,0.9999639341148066
turn,58,102547.996592965,282.98900000000003,rf_hip_link,0.1934047694384721,-0.046446705427540466,0.1887791095448901,-0.009373934233331915,-0.0024123239642441113,0.00014189325257858354,0.9999531438604439
turn,58,102547.996592965,282.98900000000003,rf_upper_leg_link,0.1934275507032954,-0.1419299182891897,0.190569512469086,-0.008168310716052644,0.5017997576321986,-0.004601029966429136,0.8649330103907243
turn,58,102547.996592965,282.98900000000003,rf_lower_leg_link,0.00851766795524429,-0.14395607902360266,0.08486601236251273,-0.00804329564124722,-0.5027524248075127,0.004816240435594218,0.8643796090685274
turn,58,102547.996592965,282.98900000000003,rf_foot_link,0.1936605408532103,-0.14588632088622216,-0.020430667459024887,-0.00804329564124722,-0.5027524248075127,0.004816240435594218,0.8643796090685274
turn,58,102547.996592965,282.98900000000003,lf_hip_link,0.19336721151116357,0.046542070629264035,0.19022344913776978,0.028045866082601005,-0.002405325954481416,0.00023205097778682818,0.9996037164572135
turn,58,102547.996592965,282.98900000000003,lf_upper_leg_link,0.19331002258350674,0.141891825358936,0.195577980155325,0.024366663952546448,0.4856914571845309,0.013888489471614793,0.8736802527046079
turn,58,102547.996592965,282.98900000000003,lf_lower_leg_link,0.01239742837008583,0.14808720829414507,0.0833226885862581,0.02442584797407917,-0.5005446837522336,-0.013784135907870834,0.8652562597955573
turn,58,102547.996592965,282.98900000000003,lf_foot_link,0.1970412112863806,0.1541513361484797,-0.022690988756462527,0.02442584797407917,-0.5005446837522336,-0.013784135907870834,0.8652562597955573
turn,58,102547.996592965,282.98900000000003,rh_hip_link,-0.19339071317027692,-0.04657396229504629,0.18691405213167833,-0.02017403997948357,-0.0024137158547525837,0.00011582908145091709,0.9997935630270394
turn,58,102547.996592965,282.98900000000003,rh_upper_leg_link,-0.19337789501322736,-0.14199622428170158,0.1907665517157119,-0.017943016747308915,0.4599995910880317,-0.009222443031849133,0.887689906945761
turn,58,102547.996592965,282.98900000000003,rh_lower_leg_link,-0.36739994836544787,-0.146974253604931,0.06804514294310211,-0.016880240937050203,-0.5447376244338812,0.0110482021785015,0.8383638322474687
turn,58,102547.996592965,282.98900000000003,rh_foot_link,-0.17277127559734554,-0.15043908714771542,-0.018422623681506572,-0.016880240937050203,-0.5447376244338812,0.0110482021785015,0.8383638322474687
turn,58,102547.996592965,282.98900000000003,lh_hip_link,-0.19342827109758545,0.04641481376175821,0.188358391724558,0.03740461334107143,-0.0024030476514783424,0.0002545635251134378,0.9992972808229797
turn,58,102547.996592965,282.98900000000003,lh_upper_leg_link,-0.19349402661156256,0.14164757231051758,0.1954975356092321,0.03286405271991925,0.4691374102168877,0.01786404043338865,0.882332658600603
turn,58,102547.996592965,282.98900000000003,lh_lower_leg_link,-0.37008054480294617,0.15043013201898786,0.0767159367059874,0.0316640542273628,-0.5397711911614078,-0.019913753329545984,0.8409803156378939
turn,58,102547.996592965,282.98900000000003,lh_foot_link,-0.17643479113187027,0.15719500177936196,-0.011740598509259348,0.0316640542273628,-0.5397711911614078,-0.019913753329545984,0.8409803156378939
turn,58,102547.996592965,282.98900000000003,d435_link,0.33938428893148254,0.01719536864110276,0.2430095255758287,0.005083558582170142,-0.0067995385646432375,0.00023275972233385614,0.9999639341148066
turn,58,102547.996592965,282.98900000000003,velodyne_base_link,0.19888315116870078,-0.0007507586639641854,0.27942197951832154,0.005083558582170142,-0.0067995385646432375,0.00023275972233385614,0.9999639341148066
turn,58,102547.996592965,282.98900000000003,gps_frame,-0.000962371468875423,-0.0007283336960167582,0.26670323041179256,0.005083558582170142,-0.0067995385646432375,0.00023275972233385614,0.9999639341148066
turn,59,102548.098155588,283.089,trunk,-1.511378321677786e-05,-7.395956133905715e-06,0.20162985567278782,-0.035704422130716264,-0.033001626213473974,0.0005181060662259187,0.9988172097404419
turn,59,102548.098155588,283.089,imu_link,-1.511378321677786e-05,-7.395956133905715e-06,0.20162985567278782,-0.035704422130716264,-0.033001626213473974,0.0005181060662259187,0.9988172097404419
turn,59,102548.098155588,283.089,rf_hip_link,0.19290365866542394,-0.04597976542516696,0.22031416850026472,-0.03180292259421047,-0.03239047079171388,0.00011979413570835048,0.9989691772851267
turn,59,102548.098155588,283.089,rf_upper_leg_link,0.19272976443706225,-0.1412865803400588,0.22638300624532678,-0.026968414830093962,0.505268281652672,-0.016856596267344738,0.8623760915746609
turn,59,102548.098155588,283.089,rf_lower_leg_link,0.006914578871612404,-0.14756574057012167,0.12244894561031357,-0.02698170348803118,-0.5531626436504137,0.016835317432476838,0.8324660049716849
turn,59,102548.098155588,283.089,rf_foot_link,0.20327644239420306,-0.1531670791925909,0.040110354660674974,-0.02698170348803118,-0.5531626436504137,0.016835317432476838,0.8324660049716849
turn,59,102548.098155588,283.089,lf_hip_link,0.19305602806733121,0.046848397826175295,0.21466537296957777,-0.015006009418641962,-0.03238388051025124,0.0006642528446234575,0.9993626282449148
turn,59,102548.098155588,283.089,lf_upper_leg_link,0.1930220536266707,0.1423053041100271,0.2117969433550831,-0.013352215575915448,0.4685039019989133,-0.00688039895124131,0.8833337264371144
turn,59,102548.098155588,283.089,lf_lower_leg_link,0.016684820836941273,0.13865407149286,0.0923781473787541,-0.012490356699878203,-0.5455120159956987,0.008343412972145709,0.8379683877413244
turn,59,102548.098155588,283.089,lf_foot_link,0.21146311248884225,0.13613424228578336,0.00621511840498748,-0.012490356699878203,-0.5455120159956987,0.008343412972145709,0.8379683877413244
turn,59,102548.098155588,283.089,rh_hip_link,-0.1930847135190277,-0.046869237000511155,0.19528567716111717,-0.05207185920671839,-0.03238622996125443,-0.0005376408099892221,0.9981179111357594
turn,59,102548.098155588,283.089,rh_upper_leg_link,-0.19350931418366418,-0.1418512893929441,0.2052093578087753,-0.04527766822327417,0.455735737817305,-0.025723536676514336,0.8885905523339936
turn,59,102548.098155588,283.089,rh_lower_leg_link,-0.36651948977285836,-0.15399662319675086,0.08156078317327754,-0.04433632005804124,-0.5596730504703171,0.027314067851489987,0.8270757577141075
turn,59,102548.098155588,283.089,rh_foot_link,-0.16881160429900613,-0.16310558857278373,0.0028358267030682838,-0.04433632005804124,-0.5596730504703171,0.027314067851489987,0.8270757577141075
turn,59,102548.098155588,283.089,lh_hip_link,-0.19293234411712043,0.0459589262508311,0.18963688163043022,-0.020413043957319153,-0.03238700055105754,0.0004890235675495564,0.9992668065575143
turn,59,102548.098155588,283.089,lh_upper_leg_link,-0.19289940573790176,0.1413792923328693,0.18573782381693527,-0.017643017943272422,0.49597992578932193,-0.010278882502803033,0.8680938783947078
turn,59,102548.098155588,283.089,lh_lower_leg_link,-0.3763940015802369,0.1370265621472665,0.07766476039875783,-0.016782297488364913,-0.5764340465923583,0.01163125095013789,0.816888522640333
turn,59,102548.098155588,283.089,lh_foot_link,-0.1757149627949412,0.1340425952415106,0.006334406875765086,-0.016782297488364913,-0.5764340465923583,0.01163125095013789,0.816888522640333
turn,59,102548.098155588,283.089,d435_link,0.33652980852750347,0.021559661290692738,0.2640868593519857,-0.035704422130716264,-0.033001626213473974,0.0005181060662259187,0.9988172097404419
turn,59,102548.098155588,283.089,velodyne_base_link,0.19427216136786954,0.006374137814605096,0.2944292669914971,-0.035704422130716264,-0.033001626213473974,0.0005181060662259187,0.9988172097404419
turn,59,102548.098155588,283.089,gps_frame,-0.004632466507695832,0.004982917056202547,0.2712989078398487,-0.035704422130716264,-0.033001626213473974,0.0005181060662259187,0.9988172097404419
turn,60,102548.202554579,283.189,trunk,-1.5554273462358214e-05,-5.641710570156525e-06,0.1830512647114845,-0.03450401696287418,-0.02646468358800006,0.0012210844146786095,0.9990533530742315
turn,60,102548.202554579,283.189,imu_link,-1.5554273462358214e-05,-5.641710570156525e-06,0.1830512647114845,-0.03450401696287418,-0.02646468358800006,0.0012210844146786095,0.9990533530742315
turn,60,102548.202554579,283.189,rf_hip_link,0.19353974865083845,-0.045776794411768164,0.19126192590664057,0.01094686026861949,-0.0053655301152032145,0.0019305486210571478,0.9999238222579077
turn,60,102548.202554579,283.189,rf_upper_leg_link,0.1939196738683886,-0.1412531943051339,0.18917321332919215,0.008602008555802027,0.4846207509934432,0.007040327870550794,0.8746537411678019
turn,60,102548.202554579,283.189,rf_lower_leg_link,0.01332297456209322,-0.13950152917151393,0.07625393300501006,0.01028477546187016,-0.538803162008714,-0.004217127152204329,0.8423583512031518
turn,60,102548.202554579,283.189,rf_foot_link,0.2066880873133597,-0.1367788502575067,-0.013029437172314917,0.01028477546187016,-0.538803162008714,-0.004217127152204329,0.8423583512031518
turn,60,102548.202554579,283.189,lf_hip_link,0.19321016924459689,0.04720674642986913,0.18954363897875068,-0.014679984342003785,-0.0054132388839235965,0.0017924218758417036,0.9998759833740998
turn,60,102548.202554579,283.189,lf_upper_leg_link,0.19288303717977534,0.14266497191902475,0.1867382564605053,-0.013773517937645844,0.4695324414319686,-0.005385621606074875,0.8827913523174502
turn,60,102548.202554579,283.189,lf_lower_leg_link,0.016274786721004655,0.13856241365292887,0.06773533680907223,-0.010976134932126836,-0.5796619318025723,0.009911567908974704,0.8147228547809663
turn,60,102548.202554579,283.189,lf_foot_link,0.21750552053753724,0.13720042801489554,-0.0020739517045749445,-0.010976134932126836,-0.5796619318025723,0.009911567908974704,0.8147228547809663
turn,60,102548.202554579,283.189,rh_hip_link,-0.19323509702463415,-0.047224715111613864,0.18709511917229513,-0.0411044678060904,-0.005458726336557099,0.0016487080329749683,0.999138582377331
turn,60,102548.202554579,283.189,rh_upper_leg_link,-0.1929633212593554,-0.14240148666886013,0.19494102854426565,-0.03703589671941698,0.4657918274925261,-0.017906363840506406,0.8839375984363222
turn,60,102548.202554579,283.189,rh_lower_leg_link,-0.3686432025798635,-0.15279451651018486,0.07495117801544168,-0.03310182863545157,-0.5650414380979364,0.024424668939191697,0.8240363327672003
turn,60,102548.202554579,283.189,rh_foot_link,-0.16994692972423778,-0.1585353604206251,-0.0015722423503437,-0.03310182863545157,-0.5650414380979364,0.024424668939191697,0.8240363327672003
turn,60,102548.202554579,283.189,lh_hip_link,-0.19356467643087572,0.04575882573002343,0.18537683224440524,-0.022668834076761197,-0.005427388082107742,0.0017491112033296047,0.9997267666868807
turn,60,102548.202554579,283.189,lh_upper_leg_link,-0.1938751661699193,0.14116009106319877,0.1810464547838338,-0.020423193658408157,0.5024358584257607,-0.009991425783765766,0.8643154937518867
turn,60,102548.202554579,283.189,lh_lower_leg_link,-0.37895817372178536,0.1357788453799536,0.07576434561778196,-0.01738162483291346,-0.5881580662335109,0.014656553024814143,0.808426344014132
turn,60,102548.202554579,283.189,lh_foot_link,-0.17629411378711177,0.13346507173533276,0.010259191146423735,-0.01738162483291346,-0.5881580662335109,0.014656553024814143,0.808426344014132
turn,60,102548.202554579,283.189,d435_link,0.33729844975417445,0.021761562956035093,0.24113699004779737,-0.03450401696287418,-0.02646468358800006,0.0012210844146786095,0.9990533530742315
turn,60,102548.202554579,283.189,velodyne_base_link,0.19546661540567378,0.006357830954132711,0.2733077190689597,-0.03450401696287418,-0.02646468358800006,0.0012210844146786095,0.9990533530742315
turn,60,102548.202554579,283.189,gps_frame,-0.0037230011206219695,0.004815823641436772,0.25278653777852633,-0.03450401696287418,-0.02646468358800006,0.0012210844146786095,0.9990533530742315
lateral,1,102550.724206205,285.67400000000004,trunk,-8.048126139704018e-06,1.965375373913835e-06,0.1879925539000096,0.03671093310657824,-0.021573824462322744,-0.0006854642694689991,0.9990927923007195
lateral,1,102550.724206205,285.67400000000004,imu_link,-8.048126139704018e-06,1.965375373913835e-06,0.1879925539000096,0.03671093310657824,-0.021573824462322744,-0.0006854642694689991,0.9990927923007195
lateral,1,102550.724206205,285.67400000000004,rf_hip_link,0.19317796602158147,-0.04691111270522647,0.19937679081752593,0.004834821226645045,-0.026214650644793933,-0.001276401095254863,0.9996438302693224
lateral,1,102550.724206205,285.67400000000004,rf_upper_leg_link,0.19295846818546858,-0.14240633680828105,0.198447277930399,0.004855405006420263,0.455869324564694,0.0011957166358357659,0.8900326703132194
lateral,1,102550.724206205,285.67400000000004,rf_lower_leg_link,0.020111354661009998,-0.14079759954676185,0.07398729516209561,0.0032816301611793336,-0.5835029784108156,-0.0037730093473013634,0.812095603663545
lateral,1,102550.724206205,285.67400000000004,rf_foot_link,0.2219810759192675,-0.14060017613664275,0.0060345419940996126,0.0032816301611793336,-0.5835029784108156,-0.0037730093473013634,0.812095603663545
lateral,1,102550.724206205,285.67400000000004,lf_hip_link,0.1930723312441497,0.045826643390885186,0.20635514560586324,0.07250504444813896,-0.02624091660324073,0.000501402040609965,0.9970226584292801
lateral,1,102550.724206205,285.67400000000004,lf_upper_leg_link,0.19261345221230133,0.14032251191186854,0.22015986445483535,0.0619084268319114,0.4906044258444701,0.03774360292328762,0.8683605613265637
lateral,1,102550.724206205,285.67400000000004,lf_lower_leg_link,0.010132866809997131,0.15533545806357846,0.11132766609847462,0.062490769758215554,-0.5340881023765589,-0.03677140967461847,0.8423138761918703
lateral,1,102550.724206205,285.67400000000004,lf_foot_link,0.2027563042139127,0.16939246552039694,0.021507780193076198,0.062490769758215554,-0.5340881023765589,-0.03677140967461847,0.8423138761918703
lateral,1,102550.724206205,285.67400000000004,rh_hip_link,-0.19308914959152707,-0.045825992008071886,0.1791091340954937,0.06450111834974631,-0.02624409551654299,0.00029078979199979676,0.997572437782564
lateral,1,102550.724206205,285.67400000000004,rh_upper_leg_link,-0.1927104238295439,-0.1405313405521013,0.1668207849813484,0.05432307533757213,0.5119047972208407,0.03477761223746639,0.8566171839014315
lateral,1,102550.724206205,285.67400000000004,rh_lower_leg_link,-0.3803189803872138,-0.12829182665640138,0.06670972762031288,0.05325396156483977,-0.5881647279287002,-0.036393603898510506,0.8061648553450385
lateral,1,102550.724206205,285.67400000000004,rh_foot_link,-0.1775021540838333,-0.11912173443169853,0.002287337282676022,0.05325396156483977,-0.5881647279287002,-0.036393603898510506,0.8061648553450385
lateral,1,102550.724206205,285.67400000000004,lh_hip_link,-0.19319478436895884,0.04691176408803977,0.186087488883831,0.06589062491150822,-0.026243664999852884,0.0003273462388046118,0.9974816231092112
lateral,1,102550.724206205,285.67400000000004,lh_upper_leg_link,-0.1935874294377412,0.14158250290114308,0.19863926335723284,0.05742234832986203,0.46195661519649067,0.03231648989406366,0.8844514707260158
lateral,1,102550.724206205,285.67400000000004,lh_lower_leg_link,-0.3684322693304015,0.15685820862750724,0.077953991772538,0.05520676352805119,-0.5705963509078624,-0.03597075016658625,0.8185829968450617
lateral,1,102550.724206205,285.67400000000004,lh_foot_link,-0.16861002569509823,0.16736615430559318,0.0049495122786061,0.05520676352805119,-0.5705963509078624,-0.03597075016658625,0.8185829968450617
lateral,1,102550.724206205,285.67400000000004,d435_link,0.3378802981122226,0.013407514327156136,0.24526607949086207,0.03671093310657824,-0.021573824462322744,-0.0006854642694689991,0.9990927923007195
lateral,1,102550.724206205,285.67400000000004,velodyne_base_link,0.19635288531968423,-0.0064548241724389395,0.2763140896940614,0.03671093310657824,-0.021573824462322744,-0.0006854642694689991,0.9990927923007195
lateral,1,102550.724206205,285.67400000000004,gps_frame,-0.003029166443925248,-0.005130832305768892,0.25773871674840143,0.03671093310657824,-0.021573824462322744,-0.0006854642694689991,0.9990927923007195
lateral,2,102550.825133412,285.774,trunk,-1.3930771762651355e-05,-6.560797005460237e-06,0.20172874494989027,0.003243821608009251,-0.0015453130939719606,-0.0006397226587915803,0.9999933401696918
lateral,2,102550.825133412,285.774,imu_link,-1.3930771762651355e-05,-6.560797005460237e-06,0.20172874494989027,0.003243821608009251,-0.0015453130939719606,-0.0006397226587915803,0.9999933401696918
lateral,2,102550.825133412,285.774,rf_hip_link,0.19330871306426198,-0.046819592913286405,0.19614093804569763,-0.02848515022268367,-0.005130469203913987,-0.000996060186679139,0.9995805532155192
lateral,2,102550.825133412,285.774,rf_upper_leg_link,0.1930906322097832,-0.14216442529273748,0.20157834361042135,-0.023921501331544314,0.5094282707251259,-0.015497022073587781,0.8600409531335723
lateral,2,102550.825133412,285.774,rf_lower_leg_link,0.006289680116979409,-0.14756561524330966,0.0993764285386389,-0.02525940143384023,-0.49821450778518306,0.01320449008134934,0.8665851996850993
lateral,2,102550.825133412,285.774,rf_foot_link,0.1903552728712705,-0.1540879968345593,-0.007611029148650694,-0.02525940143384023,-0.49821450778518306,0.01320449008134934,0.8665851996850993
lateral,2,102550.825133412,285.774,lf_hip_link,0.19344310816868146,0.04615222194222494,0.1984264533986159,0.04283556956177376,-0.005188417078731313,-0.000627836256460484,0.9990684661874634
lateral,2,102550.825133412,285.774,lf_upper_leg_link,0.1935204636662493,0.141301683424398,0.20660104793164621,0.037971748903368414,0.47093327794784273,0.01983498130238654,0.8811280085908366
lateral,2,102550.825133412,285.774,lf_lower_leg_link,0.01642984811552924,0.15157553340387608,0.08869277048486901,0.03634859640388252,-0.5207127688523174,-0.02267288551362935,0.8526563974756224
lateral,2,102550.825133412,285.774,lf_foot_link,0.2059202718156616,0.15974911117062185,-0.008237988061813362,0.03634859640388252,-0.5207127688523174,-0.02267288551362935,0.8526563974756224
lateral,2,102550.825133412,285.774,rh_hip_link,-0.19347015694126354,-0.046162419553576424,0.1921517225308417,0.025231188107343955,-0.005176553343880905,-0.0007191283791872762,0.9996679815301399
lateral,2,102550.825133412,285.774,rh_upper_leg_link,-0.1935825182348697,-0.14154072772378004,0.187333454633623,0.022450770653642472,0.47750926492015666,0.011536589443655924,0.8782640673034948
lateral,2,102550.825133412,285.774,rh_lower_leg_link,-0.37234840613510883,-0.13548774620551443,0.07168260622351108,0.021039793679469936,-0.5327034738845114,-0.013944786870342066,0.8459254570660701
lateral,2,102550.825133412,285.774,rh_foot_link,-0.18025613465737836,-0.1310702707573378,-0.020241520909634297,0.021039793679469936,-0.5327034738845114,-0.013944786870342066,0.8459254570660701
lateral,2,102550.825133412,285.774,lh_hip_link,-0.19333576183684406,0.04680939530193492,0.19443723788375997,-0.03378961876920962,-0.005125110766119397,-0.0010232740506844371,0.9994153029713342
lateral,2,102550.825133412,285.774,lh_upper_leg_link,-0.19310735424153805,0.14209112328550177,0.18798819590560759,-0.0282473718191084,0.519129298154508,-0.018570713816769904,0.8540269236805457
lateral,2,102550.825133412,285.774,lh_lower_leg_link,-0.38219809203811367,0.1359211887396825,0.09013307449008329,-0.02922791135952034,-0.5324433647802808,0.01698571823360289,0.8457903273714482
lateral,2,102550.825133412,285.774,lh_foot_link,-0.19014370056299154,0.12924289249518658,-0.0017337371144961478,-0.02922791135952034,-0.5324433647802808,0.01698571823360289,0.8457903273714482
lateral,2,102550.825133412,285.774,d435_link,0.33987794943564864,0.016785486086753856,0.24439063579552028,0.003243821608009251,-0.0015453130939719606,-0.0006397226587915803,0.9999933401696918
lateral,2,102550.825133412,285.774,velodyne_base_link,0.1997373698614007,-0.0007833030736115621,0.28234397035300707,0.003243821608009251,-0.0015453130939719606,-0.0006397226587915803,0.9999933401696918
lateral,2,102550.825133412,285.774,gps_frame,-0.00023056368457122976,-0.00046055439761239126,0.27172693749792465,0.003243821608009251,-0.0015453130939719606,-0.0006397226587915803,0.9999933401696918
lateral,3,102550.92678069,285.874,trunk,-1.4016549811966503e-05,-1.8259561039717125e-06,0.19911791982596516,-0.03459623324190217,-0.024092829178829194,2.918923553163939e-05,0.9991109224583725
lateral,3,102550.92678069,285.874,imu_link,-1.4016549811966503e-05,-1.8259561039717125e-06,0.19911791982596516,-0.03459623324190217,-0.024092829178829194,2.918923553163939e-05,0.9991109224583725
lateral,3,102550.92678069,285.874,rf_hip_link,0.19302462794425318,-0.04614611379486337,0.21500472094019907,-0.0231790799966559,-0.025688566334367776,3.8039956128605596e-05,0.999401233921169
lateral,3,102550.92678069,285.874,rf_upper_leg_link,0.19291816069465378,-0.14154349499632626,0.21942946100347366,-0.019634814339548303,0.5107803271284025,-0.01231849269923492,0.8593987352923395
lateral,3,102550.92678069,285.874,rf_lower_leg_link,0.005816473509224441,-0.14605146571140376,0.11773562219109646,-0.01955897439275763,-0.5566209654771761,0.0124385576829907,0.8304431525364795
lateral,3,102550.92678069,285.874,rf_foot_link,0.2028352346412315,-0.15002138287236433,0.03688484903620168,-0.01955897439275763,-0.5566209654771761,0.0124385576829907,0.8304431525364795
lateral,3,102550.92678069,285.874,lf_hip_link,0.19323611082779554,0.046632979364504105,0.20860197562936697,-0.02373037881095589,-0.02568858340995191,2.3869298678747934e-05,0.9993882955258857
lateral,3,102550.92678069,285.874,lf_upper_leg_link,0.19334798814527873,0.14202542125788745,0.2040721287132648,-0.02050435829172675,0.48177481356324076,-0.011945825182856975,0.8759736854311605
lateral,3,102550.92678069,285.874,lf_lower_leg_link,0.01346224594738389,0.13682563092234076,0.09012880098241927,-0.020040498628545973,-0.5560745911897574,0.012708653074741273,0.8307935469085502
lateral,3,102550.92678069,285.874,lf_foot_link,0.21037557844161828,0.13274346126788192,0.009027164889629402,-0.020040498628545973,-0.5560745911897574,0.012708653074741273,0.8307935469085502
lateral,3,102550.92678069,285.874,rh_hip_link,-0.19326487040849025,-0.0466361542062416,0.19514462721481327,-0.05488678707301386,-0.025676832030027248,-0.0007772929018347204,0.9981620793826262
lateral,3,102550.92678069,285.874,rh_upper_leg_link,-0.19368224038279178,-0.14156063996256602,0.2056049238741784,-0.04744341251632012,0.46741228278693475,-0.027609530750447066,0.8823336071580029
lateral,3,102550.92678069,285.874,rh_lower_leg_link,-0.36992843257835434,-0.1538958463364063,0.08663382477746666,-0.04697612880779602,-0.5502047227018473,0.028397304479245208,0.8332236191666255
lateral,3,102550.92678069,285.874,rh_foot_link,-0.17406318956237324,-0.16391421146028368,0.003534854034530688,-0.04697612880779602,-0.5502047227018473,0.028397304479245208,0.8332236191666255
lateral,3,102550.92678069,285.874,lh_hip_link,-0.19305338752494788,0.04614293895312588,0.18874188190398117,-0.03827946504105549,-0.025686207716860483,-0.00035017207166329487,0.9989368241629784
lateral,3,102550.92678069,285.874,lh_upper_leg_link,-0.1927987741980529,0.1413630399008428,0.1814399953285569,-0.03232304911040587,0.5056533611440462,-0.020510011226604747,0.8618870217722387
lateral,3,102550.92678069,285.874,lh_lower_leg_link,-0.37873883483755977,0.13391321136254877,0.0778070184142245,-0.03221879230217294,-0.5686270029926221,0.02067340046771703,0.8217042603049587
lateral,3,102550.92678069,285.874,lh_foot_link,-0.1794094718109663,0.12764297480994727,0.0029906487549917204,-0.03221879230217294,-0.5686270029926221,0.02067340046771703,0.8217042603049587
lateral,3,102550.92678069,285.874,d435_link,0.3376214088458513,0.02091178395776881,0.2556284536958539,-0.03459623324190217,-0.024092829178829194,2.918923553163939e-05,0.9991109224583725
lateral,3,102550.92678069,285.874,velodyne_base_link,0.19590221036255254,0.005873611213664226,0.2884617012015428,-0.03459623324190217,-0.024092829178829194,2.918923553163939e-05,0.9991109224583725
lateral,3,102550.92678069,285.874,gps_frame,-0.003384155157044934,0.004837242019825118,0.26886908889783356,-0.03459623324190217,-0.024092829178829194,2.918923553163939e-05,0.9991109224583725
lateral,4,102551.02963644,285.974,trunk,-1.6090275713545507e-05,2.246855213913678e-06,0.18994523292407528,-0.009938032391469554,-0.007472406939950618,0.000561252080245933,0.999922538821289
lateral,4,102551.02963644,285.974,imu_link,-1.6090275713545507e-05,2.246855213913678e-06,0.18994523292407528,-0.009938032391469554,-0.007472406939950618,0.000561252080245933,0.999922538821289
lateral,4,102551.02963644,285.974,rf_hip_link,0.19344880953336793,-0.04621480593507459,0.19239274905321657,0.017004457379115195,-0.0025358171684116406,0.0007777778405428377,0.9998518955936229
lateral,4,102551.02963644,285.974,rf_upper_leg_link,0.1936055790564151,-0.1416594624418312,0.1891457554246618,0.014386612364741832,0.4930524495991687,0.009098455571911203,0.8698330445752978
lateral,4,102551.02963644,285.974,rf_lower_leg_link,0.010849785884568317,-0.13823956212030875,0.07979483250253938,0.014732260876389482,-0.5420342389491122,-0.00852742625868958,0.8401839841949674
lateral,4,102551.02963644,285.974,rf_foot_link,0.2049073187546915,-0.1349356540969463,-0.007953433167695811,0.014732260876389482,-0.5420342389491122,-0.00852742625868958,0.8401839841949674
lateral,4,102551.02963644,285.974,lf_hip_link,0.19331628154173933,0.04678163221454557,0.1915896750744945,-0.01762456611834856,-0.0025612264661121135,0.000689511472085533,0.9998411570654906
lateral,4,102551.02963644,285.974,lf_upper_leg_link,0.19319322760615232,0.1422222119699719,0.18822358035255915,-0.01585251059947437,0.4708931881898501,-0.007732959628999136,0.882013891364228
lateral,4,102551.02963644,285.974,lf_lower_leg_link,0.016208579619389107,0.1378170582005698,0.06979204317909599,-0.014096855729444187,-0.5713374850118962,0.01060091578465815,0.820525671422504
lateral,4,102551.02963644,285.974,lf_foot_link,0.21597979419089278,0.13546974220324512,-0.004065603251283245,-0.014096855729444187,-0.5713374850118962,0.01060091578465815,0.820525671422504
lateral,4,102551.02963644,285.974,rh_hip_link,-0.1933457479530741,-0.04678304797691341,0.19042110003546384,-0.06161788264537255,-0.002589094531523167,0.000576104667302336,0.998096288556981
lateral,4,102551.02963644,285.974,rh_upper_leg_link,-0.19326639253228864,-0.14155780276348065,0.20216799570467098,-0.05485433777080426,0.46070535883608305,-0.02807306513391634,0.8854114732605566
lateral,4,102551.02963644,285.974,rh_lower_leg_link,-0.3676936857310549,-0.15673841861350277,0.08086808519454054,-0.0516152359073104,-0.5395400416154547,0.03365951248190158,0.8397019996018271
lateral,4,102551.02963644,285.974,rh_foot_link,-0.17395306245358075,-0.16746542324085897,-0.006986921855601347,-0.0516152359073104,-0.5395400416154547,0.03365951248190158,0.8397019996018271
lateral,4,102551.02963644,285.974,lh_hip_link,-0.1934782759447027,0.04621339017270675,0.18961802605674177,0.0358993324338234,-0.0025206636293087594,0.0008255676524251055,0.9993518912894122
lateral,4,102551.02963644,285.974,lh_upper_leg_link,-0.1936531407873591,0.1414671064391584,0.1964699571507558,0.03128781980856867,0.46803704726963175,0.017621463127942383,0.882978979790562
lateral,4,102551.02963644,285.974,lh_lower_leg_link,-0.3699396989568351,0.14972255602727583,0.0772059770022719,0.030323758620370164,-0.5566207707696187,-0.01923313012165264,0.8299902854351325
lateral,4,102551.02963644,285.974,lh_foot_link,-0.17288357829128267,0.15588373667070413,-0.00341613634960089,0.030323758620370164,-0.5566207707696187,-0.01923313012165264,0.8299902854351325
lateral,4,102551.02963644,285.974,d435_link,0.3393080586013468,0.01875534311960025,0.23616150029128313,-0.009938032391469554,-0.007472406939950618,0.000561252080245933,0.999922538821289
lateral,4,102551.02963644,285.974,velodyne_base_link,0.1987650640389602,0.0018457256942301114,0.272906996858408,-0.009938032391469554,-0.007472406939950618,0.000561252080245933,0.999922538821289
lateral,4,102551.02963644,285.974,gps_frame,-0.0010629270960931764,0.0013928764698296866,0.25992358873461463,-0.009938032391469554,-0.007472406939950618,0.000561252080245933,0.999922538821289
lateral,5,102551.131187476,286.074,trunk,-1.597464687535033e-05,1.6863646410115222e-06,0.20321016982298626,0.021934978716497463,-0.027345927835082568,0.0002779920363359527,0.9993853009024963
lateral,5,102551.131187476,286.074,imu_link,-1.597464687535033e-05,1.6863646410115222e-06,0.20321016982298626,0.021934978716497463,-0.027345927835082568,0.0002779920363359527,0.9993853009024963
lateral,5,102551.131187476,286.074,rf_hip_link,0.19333212364181568,-0.046414543740928293,0.2083339226139526,-0.009649197848702822,-0.014108855487392779,7.451713759973261e-05,0.9998539031403081
lateral,5,102551.131187476,286.074,rf_upper_leg_link,0.19332035176037263,-0.14189675923969028,0.21017685095515293,-0.008411825737378444,0.4843711021052814,-0.004727976278619092,0.8748094208874226
lateral,5,102551.131187476,286.074,rf_lower_leg_link,0.012793405534187903,-0.14405600385048717,0.09715313950946124,-0.00826167169753685,-0.5221158871156022,0.004985714862417003,0.8528199621547097
lateral,5,102551.131187476,286.074,rf_foot_link,0.20249633518322788,-0.1459485504306993,0.000311946053302703,-0.00826167169753685,-0.5221158871156022,0.004985714862417003,0.8528199621547097
lateral,5,102551.131187476,286.074,lf_hip_link,0.19328473002954122,0.04658499055187316,0.2086243966533524,-0.028513755273113596,-0.014107749668982622,-0.0001917165753137946,0.9994938220940923
lateral,5,102551.131187476,286.074,lf_upper_leg_link,0.19339816196028098,0.1419296939918243,0.20318154270116337,-0.02404690344793151,0.5195045341282152,-0.015323753769430102,0.8539917845185666
lateral,5,102551.131187476,286.074,lf_lower_leg_link,0.004245176345265303,0.13657270206296118,0.10539887209742195,-0.02422849123366119,-0.5446456156367196,0.015034999420042102,0.8381814137599798
lateral,5,102551.131187476,286.074,lf_foot_link,0.19887439812501748,0.13140995501732408,0.019017091192240043,-0.02422849123366119,-0.5446456156367196,0.015034999420042102,0.8381814137599798
lateral,5,102551.131187476,286.074,rh_hip_link,-0.19331387939880756,-0.04657749901377866,0.19742146284131482,-0.02835814854176608,-0.014107779345443149,-0.00018952020529995972,0.9994982491507002
lateral,5,102551.131187476,286.074,rh_upper_leg_link,-0.19342647306139646,-0.14192389289701327,0.20283464084783065,-0.02414857977923087,0.5062677569044108,-0.01486830862173668,0.8619099360213637
lateral,5,102551.131187476,286.074,rh_lower_leg_link,-0.3794675991824365,-0.14758396558160558,0.09926986416762737,-0.0241690047198848,-0.5405138088172817,0.014835084006343651,0.8408570639360831
lateral,5,102551.131187476,286.074,rh_foot_link,-0.18570004928531156,-0.1528255166915085,0.010976813768247468,-0.0241690047198848,-0.5405138088172817,0.014835084006343651,0.8408570639360831
lateral,5,102551.131187476,286.074,lh_hip_link,-0.19336127301108202,0.04642203527902279,0.19771193688071462,0.02188599208570877,-0.014099488525911821,0.0005194028067023206,0.9996609115067251
lateral,5,102551.131187476,286.074,lh_upper_leg_link,-0.1935193843347803,0.14183049539111223,0.2018893451501042,0.01898978402847453,0.4642943083513798,0.010892866078457528,0.8854103731059754
lateral,5,102551.131187476,286.074,lh_lower_leg_link,-0.3687322684188723,0.14683866046414873,0.08087544704936618,0.018801005626976442,-0.5442937989370475,-0.01121555242802232,0.8386089637070578
lateral,5,102551.131187476,286.074,lh_foot_link,-0.17419488590071833,0.150954730488443,-0.0057690263493487826,0.018801005626976442,-0.5442937989370475,-0.01121555242802232,0.8386089637070578
lateral,5,102551.131187476,286.074,d435_link,0.3371769403803009,0.015445760963181268,0.26396310074216267,0.021934978716497463,-0.027345927835082568,0.0002779920363359527,0.9993853009024963
lateral,5,102551.131187476,286.074,velodyne_base_link,0.1953131912426677,-0.0036357736722308796,0.29394762536024244,0.021934978716497463,-0.027345927835082568,0.0002779920363359527,0.9993853009024963
lateral,5,102551.131187476,286.074,gps_frame,-0.0038411975264683704,-0.003068387251064735,0.2730381177945226,0.021934978716497463,-0.027345927835082568,0.0002779920363359527,0.9993853009024963
lateral,6,102551.232370416,286.17400000000004,trunk,-1.530628057851476e-05,2.724961196754533e-06,0.18717626023307085,0.0048244360928892185,0.002779004038254119,-0.0008813474531452492,0.999984112463597
lateral,6,102551.232370416,286.17400000000004,imu_link,-1.530628057851476e-05,2.724961196754533e-06,0.18717626023307085,0.0048244360928892185,0.002779004038254119,-0.0008813474531452492,0.999984112463597
lateral,6,102551.232370416,286.17400000000004,rf_hip_link,0.19322035144522703,-0.04683536093710855,0.1969595867225844,-0.004010344048054461,-0.02169287352065964,-0.0011636605257352446,0.9997559613591778
lateral,6,102551.232370416,286.17400000000004,rf_upper_leg_link,0.1929815303103692,-0.1423320304767548,0.19772055406823513,-0.0029368045736479944,0.46767709624719794,-0.0029685255766323604,0.8838895274187755
lateral,6,102551.232370416,286.17400000000004,rf_lower_leg_link,0.01688011433924826,-0.14284642521472565,0.07789974330891918,-0.003979362539408105,-0.57451660345986,0.0012655587631065148,0.8184822755464793
lateral,6,102551.232370416,286.17400000000004,rf_foot_link,0.2172009455811869,-0.14392418527128875,0.005516022737238002,-0.003979362539408105,-0.57451660345986,0.0012655587631065148,0.8184822755464793
lateral,6,102551.232370416,286.17400000000004,lf_hip_link,0.19318556829959388,0.046007267059192426,0.20236747141747705,0.05957160881399543,-0.02172296679875139,0.000218130380358174,0.9979876194401962
lateral,6,102551.232370416,286.17400000000004,lf_upper_leg_link,0.19289682147120163,0.14082944164510028,0.21372184643632794,0.051109896554055505,0.49088018897975466,0.030603964314844585,0.8691880210343731
lateral,6,102551.232370416,286.17400000000004,lf_lower_leg_link,0.010470268299035773,0.1533543656483984,0.10448504413767697,0.05090448055154824,-0.5400405651245778,-0.030944434351391593,0.8395280601995243
lateral,6,102551.232370416,286.17400000000004,lf_foot_link,0.20428085054796255,0.1644407983876827,0.01682918741692302,0.05090448055154824,-0.5400405651245778,-0.030944434351391593,0.8395280601995243
lateral,6,102551.232370416,286.17400000000004,rh_hip_link,-0.19321455974135043,-0.046002672857454636,0.18017846498463094,0.05766693368624188,-0.021723343522565608,0.0001766737193172723,0.9980994889748337
lateral,6,102551.232370416,286.17400000000004,rh_upper_leg_link,-0.1929416099385194,-0.14086750112466867,0.16918574665670524,0.04878691436586519,0.5111539691685401,0.030746437859274858,0.8575523968533181
lateral,6,102551.232370416,286.17400000000004,rh_lower_leg_link,-0.38031401875606924,-0.12973988202308445,0.06850428606420578,0.047926710864877375,-0.5756348179340983,-0.032070809781652845,0.8156709201188926
lateral,6,102551.232370416,286.17400000000004,rh_foot_link,-0.1796400603656812,-0.12095092709358421,-0.002359785898813971,0.047926710864877375,-0.5756348179340983,-0.032070809781652845,0.8156709201188926
lateral,6,102551.232370416,286.17400000000004,lh_hip_link,-0.1932493428869836,0.04683995513884634,0.1855863496795236,0.05099913349505424,-0.021724038998733295,3.157505352623776e-05,0.998462394642558
lateral,6,102551.232370416,286.17400000000004,lh_upper_leg_link,-0.1934669747176677,0.1418431808295284,0.19531207560366998,0.04476316940480238,0.4588130410783423,0.02443708818716614,0.8870680248561623
lateral,6,102551.232370416,286.17400000000004,lh_lower_leg_link,-0.3673142773268196,0.15398244339873807,0.07284267665112455,0.042257417488238934,-0.5774988774112009,-0.02855211518355601,0.8147969894240973
lateral,6,102551.232370416,286.17400000000004,lh_foot_link,-0.16634840016263913,0.16162590668653717,0.002676490460056774,0.042257417488238934,-0.5774988774112009,-0.02855211518355601,0.8147969894240973
lateral,6,102551.232370416,286.17400000000004,d435_link,0.3402405306408737,0.016511068119698092,0.2269498701653284,0.0048244360928892185,0.002779004038254119,-0.0008813474531452492,0.999984112463597
lateral,6,102551.232370416,286.17400000000004,velodyne_base_link,0.20042524712587242,-0.0011167349621503222,0.26605801578906557,0.0048244360928892185,0.002779004038254119,-0.0008813474531452492,0.999984112463597
lateral,6,102551.232370416,286.17400000000004,gps_frame,0.00037315282293830064,-0.0006730282585695647,0.25717192050648263,0.0048244360928892185,0.002779004038254119,-0.0008813474531452492,0.999984112463597
lateral,7,102551.324661267,286.264,trunk,-1.8457093650472064e-05,-3.905779518312693e-06,0.2058696871152417,0.010205053904618054,-0.01273038449930525,-0.0002917844734662726,0.999866845658523
lateral,7,102551.324661267,286.264,imu_link,-1.8457093650472064e-05,-3.905779518312693e-06,0.2058696871152417,0.010205053904618054,-0.01273038449930525,-0.0002917844734662726,0.999866845658523
lateral,7,102551.324661267,286.264,rf_hip_link,0.19331976941808068,-0.04669664146391238,0.19560068774641567,-0.02423375158410025,-0.008544693582869021,-0.0007313484663889984,0.9996695347089235
lateral,7,102551.324661267,286.264,rf_upper_leg_link,0.19314057765639453,-0.14208436983290632,0.20022661110457596,-0.020548655871294834,0.4973658968004001,-0.012867102560494005,0.8672020267005345
lateral,7,102551.324661267,286.264,rf_lower_leg_link,0.009287022504679759,-0.14694936566658742,0.0927873162743619,-0.02144734179676886,-0.5000635627900684,0.011305800116389046,0.8656492497445395
lateral,7,102551.324661267,286.264,rf_foot_link,0.1937970487400971,-0.15244998699905882,-0.01348964916764897,-0.02144734179676886,-0.5000635627900684,0.011305800116389046,0.8656492497445395
lateral,7,102551.324661267,286.264,lf_hip_link,0.19338536375293955,0.04628470440701818,0.19746214347074154,0.0354015867761443,-0.00857309503170725,-0.00022068208293611564,0.9993363702951708
lateral,7,102551.324661267,286.264,lf_upper_leg_link,0.19336951733557226,0.14154532008706977,0.20421972063630733,0.031239562743002148,0.4681042733260801,0.01665565268840089,0.8829637978122387
lateral,7,102551.324661267,286.264,lf_lower_leg_link,0.017073914934806353,0.14997450573214158,0.08498126457656126,0.03045404904094817,-0.5116034917213393,-0.018051923550196216,0.8584920187233442
lateral,7,102551.324661267,286.264,lf_foot_link,0.20441051134087462,0.15717779550359137,-0.016123197557700975,0.03045404904094817,-0.5116034917213393,-0.018051923550196216,0.8584920187233442
lateral,7,102551.324661267,286.264,rh_hip_link,-0.19342333488651356,-0.04629124659585347,0.18897898646602457,0.019450668780877724,-0.008568482072361576,-0.00035745486432667175,0.999774036882821
lateral,7,102551.324661267,286.264,rh_upper_leg_link,-0.19345976076123328,-0.14171896144446286,0.18526416319591402,0.017234198748410867,0.47245654718896546,0.009024338397008145,0.8811392368566261
lateral,7,102551.324661267,286.264,rh_lower_leg_link,-0.37086981597870394,-0.13706613790983926,0.06748036320249517,0.01634174246555011,-0.5341891538303499,-0.010554797164942507,0.8451411075317607
lateral,7,102551.324661267,286.264,rh_foot_link,-0.17847215710923747,-0.13358451652170383,-0.02384334223074991,0.01634174246555011,-0.5341891538303499,-0.010554797164942507,0.8451411075317607
lateral,7,102551.324661267,286.264,lh_hip_link,-0.1933577405516547,0.046690099275077085,0.19084044219035043,-0.03418789461928179,-0.00853698663185364,-0.0008164056907964856,0.999378627549387
lateral,7,102551.324661267,286.264,lh_upper_leg_link,-0.19314615839201232,0.14196672885163766,0.18431594301259052,-0.02881404430636994,0.5106893199086547,-0.018418184152126163,0.8590849433405783
lateral,7,102551.324661267,286.264,lh_lower_leg_link,-0.38026930292868616,0.13542859089521259,0.08277195485588137,-0.029513232918575768,-0.5325654627270375,0.017275640058908876,0.8456976701242503
lateral,7,102551.324661267,286.264,lh_foot_link,-0.1881862305202259,0.12871531522517937,-0.00903232186314959,-0.029513232918575768,-0.5325654627270375,0.017275640058908876,0.8456976701242503
lateral,7,102551.324661267,286.264,d435_link,0.3388202181143861,0.016359119128194845,0.2563583353357302,0.010205053904618054,-0.01273038449930525,-0.0002917844734662726,0.999866845658523
lateral,7,102551.324661267,286.264,velodyne_base_link,0.19787961704413853,-0.001804566616589423,0.29091737887171437,0.010205053904618054,-0.01273038449930525,-0.0002917844734662726,0.999866845658523
lateral,7,102551.324661267,286.264,gps_frame,-0.001800890483397377,-0.0014319030535569618,0.2758324183011842,0.010205053904618054,-0.01273038449930525,-0.0002917844734662726,0.999866845658523
lateral,8,102551.428696286,286.36400000000003,trunk,-2.043239018482176e-05,4.971835371937786e-06,0.19739693156508092,-0.036421159710127715,-0.02769320930234135,0.0005140155352821188,0.9989526120251829
lateral,8,102551.428696286,286.36400000000003,imu_link,-2.043239018482176e-05,4.971835371937786e-06,0.19739693156508092,-0.036421159710127715,-0.02769320930234135,0.0005140155352821188,0.9989526120251829
lateral,8,102551.428696286,286.36400000000003,rf_hip_link,0.19285494021240662,-0.04593126460162703,0.2210987152280865,-0.029616393147668937,-0.031730067730617005,0.0001402455621448738,0.9990575821192267
lateral,8,102551.428696286,286.36400000000003,rf_upper_leg_link,0.1927022134096627,-0.1412637288729551,0.22675096526499067,-0.025163292131151017,0.5040146771595468,-0.015619191432892634,0.8631871493458778
lateral,8,102551.428696286,286.36400000000003,rf_lower_leg_link,0.007199651746828124,-0.14716311688863432,0.12223782332787976,-0.02493852817929955,-0.5617126804097826,0.015975613419999733,0.8268021010223441
lateral,8,102551.428696286,286.36400000000003,rf_foot_link,0.20521451924258896,-0.15212410962687128,0.043914769239779966,-0.02493852817929955,-0.5617126804097826,0.015975613419999733,0.8268021010223441
lateral,8,102551.428696286,286.36400000000003,lf_hip_link,0.19312081515723037,0.04677791691412711,0.2137545356828503,-0.02939701861687057,-0.03173003617044694,0.00014721287094916595,0.9990640612240199
lateral,8,102551.428696286,286.36400000000003,lf_upper_leg_link,0.19327088259191297,0.1421128534964658,0.20814406809034927,-0.025473474685296628,0.47558603905572505,-0.014673393017552543,0.8791778620279836
lateral,8,102551.428696286,286.36400000000003,lf_lower_leg_link,0.014990521876076517,0.13554510322962346,0.09177406491314032,-0.024857234393414904,-0.5560589218198652,0.015694721198569888,0.8306228199907219
lateral,8,102551.428696286,286.36400000000003,lf_foot_link,0.21191556399496334,0.13046726997127975,0.01075713214057053,-0.024857234393414904,-0.5560589218198652,0.015694721198569888,0.8306228199907219
lateral,8,102551.428696286,286.36400000000003,rh_hip_link,-0.19316618625927653,-0.04676663157402014,0.19657868097945214,-0.055312966691270816,-0.031723170910694674,-0.0006762354457578826,0.9979647583200537
lateral,8,102551.428696286,286.36400000000003,rh_upper_leg_link,-0.19363023257054807,-0.14168217509251368,0.20711785834820107,-0.04785455233091135,0.4623595364317458,-0.027747493576462036,0.8849653538371168
lateral,8,102551.428696286,286.36400000000003,rh_lower_leg_link,-0.3685032388079087,-0.15425782398694432,0.08616214436828182,-0.046994234834561215,-0.5635148724868343,0.029180875087663927,0.8242517861112459
lateral,8,102551.428696286,286.36400000000003,rh_foot_link,-0.17005136329113402,-0.16375388579231623,0.009378826427057507,-0.046994234834561215,-0.5635148724868343,0.029180875087663927,0.8242517861112459
lateral,8,102551.428696286,286.36400000000003,lh_hip_link,-0.1929003113144528,0.045942549941734,0.18923450143421594,-0.050231842468535085,-0.031726202398453494,-0.0005147313664497699,0.9982334121512909
lateral,8,102551.428696286,286.36400000000003,lh_upper_leg_link,-0.19249778117344096,0.14096056087901682,0.17966028778462662,-0.042439315987841085,0.4984535123604537,-0.026877637631449503,0.8654597582033284
lateral,8,102551.428696286,286.36400000000003,lh_lower_leg_link,-0.3767564663550789,0.1310210150212283,0.07326976958269785,-0.04201768066468899,-0.5819877949071611,0.027532116840583702,0.8116444440966357
lateral,8,102551.428696286,286.36400000000003,lh_foot_link,-0.175035244075318,0.12331890899427093,0.00531223839807643,-0.04201768066468899,-0.5819877949071611,0.027532116840583702,0.8116444440966357
lateral,8,102551.428696286,286.36400000000003,d435_link,0.337177533731569,0.021512168874972117,0.2562482027395628,-0.036421159710127715,-0.02769320930234135,0.0005140155352821188,0.9989526120251829
lateral,8,102551.428696286,286.36400000000003,velodyne_base_link,0.1952434284188676,0.006432814681261638,0.2881201783009179,-0.036421159710127715,-0.02769320930234135,0.0005140155352821188,0.9989526120251829
lateral,8,102551.428696286,286.36400000000003,gps_frame,-0.0038960418635621405,0.0050966007393580684,0.2671038535048278,-0.036421159710127715,-0.02769320930234135,0.0005140155352821188,0.9989526120251829
lateral,9,102551.531598924,286.464,trunk,-2.215833436259359e-05,1.112136437391109e-05,0.1872140804118343,-0.012763126522459416,-0.010234855977307628,0.0006716429369762423,0.9998659406241722
lateral,9,102551.531598924,286.464,imu_link,-2.215833436259359e-05,1.112136437391109e-05,0.1872140804118343,-0.012763126522459416,-0.010234855977307628,0.0006716429369762423,0.9998659406241722
lateral,9,102551.531598924,286.464,rf_hip_link,0.19334984206290518,-0.046051487296762124,0.1927181123415787,0.014879958951589126,-0.016489565124821606,0.0013687304536758728,0.9997523731607435
lateral,9,102551.531598924,286.464,rf_upper_leg_link,0.19365806937705535,-0.14150883955588406,0.1898810547812323,0.012181074892294507,0.4877169897852557,0.008654941705413704,0.8728739034209655
lateral,9,102551.531598924,286.464,rf_lower_leg_link,0.012258383386959107,-0.13877759155925845,0.0782759733240003,0.013269864798896708,-0.5529202766829916,-0.006870028360552754,0.8331001626643391
lateral,9,102551.531598924,286.464,rf_foot_link,0.20852899566057295,-0.13568630188098085,-0.0044119380407554865,0.013269864798896708,-0.5529202766829916,-0.006870028360552754,0.8331001626643391
lateral,9,102551.531598924,286.464,lf_hip_link,0.1932010575400668,0.046930548703150186,0.19089634274122602,-0.020844111892203906,-0.01652793581384733,0.0007787931650288525,0.9996458091836151
lateral,9,102551.531598924,286.464,lf_upper_leg_link,0.19311816216865038,0.1423474477509508,0.18691406896118182,-0.01873793427074079,0.45782432595779426,-0.009163696777720746,0.8887979540041273
lateral,9,102551.531598924,286.464,lf_lower_leg_link,0.019699938130883655,0.1370399672814476,0.06335456822306462,-0.01662559595396151,-0.5870537652226797,0.01259655026363291,0.8092791812585483
lateral,9,102551.531598924,286.464,lf_foot_link,0.22217765958894636,0.1344584514063253,-0.002714396419478904,-0.01662559595396151,-0.5870537652226797,0.01259655026363291,0.8092791812585483
lateral,9,102551.531598924,286.464,rh_hip_link,-0.19323836236262623,-0.04692026134530521,0.17994918792736114,-0.07023859995070307,-0.01654622735891908,-3.925872527975537e-05,0.9973929816756806
lateral,9,102551.531598924,286.464,rh_upper_leg_link,-0.19346781834487925,-0.1414779700146273,0.19332966180386582,-0.06237536222968803,0.443356051918952,-0.03229205244325027,0.8935893624940693
lateral,9,102551.531598924,286.464,rh_lower_leg_link,-0.36309781493582316,-0.1591233514964077,0.0657236087776915,-0.058572917659026405,-0.5647143569612213,0.03876436225699229,0.8222920603882734
lateral,9,102551.531598924,286.464,rh_foot_link,-0.16431314784800544,-0.17031575737657284,-0.009962494183150067,-0.058572917659026405,-0.5647143569612213,0.03876436225699229,0.8222920603882734
lateral,9,102551.531598924,286.464,lh_hip_link,-0.1933871468854646,0.0460617746546071,0.17812741832700846,0.03477097663972079,-0.016459063930259744,0.001696583508164443,0.9992583249602974
lateral,9,102551.531598924,286.464,lh_upper_leg_link,-0.1938202628635579,0.14133030190509974,0.18475841569329152,0.02977775554022857,0.4608694021865228,0.01803287240199327,0.8867849203251918
lateral,9,102551.531598924,286.464,lh_lower_leg_link,-0.3681518230679791,0.149039055387052,0.06261881426751836,0.029770837293280852,-0.5726197817929513,-0.018044291588676525,0.8190816114938198
lateral,9,102551.531598924,286.464,lh_foot_link,-0.16811946443256914,0.155025304120399,-0.01032102618238398,0.029770837293280852,-0.5726197817929513,-0.018044291588676525,0.8190816114938198
lateral,9,102551.531598924,286.464,d435_link,0.33903728036024827,0.01910951462567124,0.23519791526204534,-0.012763126522459416,-0.010234855977307628,0.0006716429369762423,0.9998659406241722
lateral,9,102551.531598924,286.464,velodyne_base_link,0.19829703132716323,0.0023727206417752267,0.27126122111780204,-0.012763126522459416,-0.010234855977307628,0.0006716429369762423,0.9998659406241722
lateral,9,102551.531598924,286.464,gps_frame,-0.001456046197138657,0.001796757151547762,0.25717660945726367,-0.012763126522459416,-0.010234855977307628,0.0006716429369762423,0.9998659406241722
lateral,10,102551.634667654,286.564,trunk,-2.3468383976301506e-05,8.284299209320625e-06,0.21186944402380015,-0.000499896114551285,-0.005310142238443089,0.00011039243713082486,0.9999857700521503
lateral,10,102551.634667654,286.564,imu_link,-2.3468383976301506e-05,8.284299209320625e-06,0.21186944402380015,-0.000499896114551285,-0.005310142238443089,0.00011039243713082486,0.9999857700521503
lateral,10,102551.634667654,286.564,rf_hip_link,0.19335751717337585,-0.04633124868379229,0.2100225229950418,-0.0010885845916605908,-0.01219682178256287,0.0003918690193033424,0.9999249466638299
lateral,10,102551.634667654,286.564,rf_upper_leg_link,0.19342982257954544,-0.14183099301544372,0.21023133994229384,-0.0011409320661397826,0.47945612138061416,-0.00019196812741865615,0.8775650910860779
lateral,10,102551.634667654,286.564,rf_lower_leg_link,0.014188544517848584,-0.1422183130072687,0.09515999588986093,-0.0007437543806174579,-0.513488664157731,0.0008862320028090615,0.8580955967744897
lateral,10,102551.634667654,286.564,rf_foot_link,0.20189395139837152,-0.14229633161506966,-0.005516089358395343,-0.0007437543806174579,-0.513488664157731,0.0008862320028090615,0.8580955967744897
lateral,10,102551.634667654,286.564,lf_hip_link,0.19328295559897107,0.04666871546320346,0.20998921790345737,-0.031782089266178586,-0.0122031030517142,1.7286790720340604e-05,0.9994203233769828
lateral,10,102551.634667654,286.564,lf_upper_leg_link,0.19335373319701463,0.14197578607728475,0.20392231741852,-0.02692127047296802,0.5213198700654043,-0.01689220805808933,0.8527693073616297
lateral,10,102551.634667654,286.564,lf_lower_leg_link,0.0037750665628956234,0.1359472941653792,0.10700696031502653,-0.026870154117876955,-0.543606845707423,0.016973400208503246,0.83873803765125
lateral,10,102551.634667654,286.564,lf_foot_link,0.1982013885631206,0.13027716439171647,0.020201114072883053,-0.026870154117876955,-0.543606845707423,0.016973400208503246,0.83873803765125
lateral,10,102551.634667654,286.564,rh_hip_link,-0.19332728139129018,-0.046644647102536144,0.20058809983118342,-0.030476983728857942,-0.01220307007360359,3.322201996146611e-05,0.9994609734451201
lateral,10,102551.634667654,286.564,rh_upper_leg_link,-0.19339197474452216,-0.141967237203122,0.20640614342725044,-0.026054229411763035,0.509049204932815,-0.01581217159883184,0.8601976861840289
lateral,10,102551.634667654,286.564,rh_lower_leg_link,-0.380105611594634,-0.14808571096932713,0.10408516760617649,-0.025995878911660397,-0.531169530557763,0.015907920056436424,0.8467172386140098
lateral,10,102551.634667654,286.564,rh_foot_link,-0.18833577378797148,-0.15386284878673748,0.011565148225261085,-0.025995878911660397,-0.531169530557763,0.015907920056436424,0.8467172386140098
lateral,10,102551.634667654,286.564,lh_hip_link,-0.19340184296569496,0.04635531704445961,0.200554794739599,0.014755948651803784,-0.012189081087449436,0.0005850856069605254,0.9998166561707509
lateral,10,102551.634667654,286.564,lh_upper_leg_link,-0.19354792736553988,0.14181366369841525,0.20337130205209858,0.012661053094701995,0.4695714761792233,0.007601189401355506,0.8827709490083387
lateral,10,102551.634667654,286.564,lh_lower_leg_link,-0.37017617376680007,0.14505446216091877,0.084371470965911,0.012922225522420953,-0.5286640864997966,-0.0071481769235123786,0.8487026589445525
lateral,10,102551.634667654,286.564,lh_foot_link,-0.178999733622106,0.14811661096686043,-0.009496478720297297,0.012922225522420953,-0.5286640864997966,-0.0071481769235123786,0.8487026589445525
lateral,10,102551.634667654,286.564,d435_link,0.339512838067478,0.017626588121136252,0.2569603740623606,-0.000499896114551285,-0.005310142238443089,0.00011039243713082486,0.9999857700521503
lateral,10,102551.634667654,286.564,velodyne_base_link,0.19911562819956724,0.0001333909017412752,0.2939888970189835,-0.000499896114551285,-0.005310142238443089,0.00011039243713082486,0.9999857700521503
lateral,10,102551.634667654,286.564,gps_frame,-0.0007668854443967919,7.818669142106103e-05,0.2818654613728596,-0.000499896114551285,-0.005310142238443089,0.00011039243713082486,0.9999857700521503
lateral,11,102551.726217965,286.649,trunk,-2.2255684270611862e-05,5.060664263862452e-06,0.19359856416074753,0.03546215949153415,-0.02498539772449225,-0.0004773978862427574,0.9990585254308199
lateral,11,102551.726217965,286.649,imu_link,-2.2255684270611862e-05,5.060664263862452e-06,0.19359856416074753,0.03546215949153415,-0.02498539772449225,-0.0004773978862427574,0.9990585254308199
lateral,11,102551.726217965,286.649,rf_hip_link,0.19312801168555804,-0.04681046820964221,0.20810697739356596,0.009302168170935612,-0.029704573824887854,-0.000842790679575762,0.9995150812594434
lateral,11,102551.726217965,286.649,rf_upper_leg_link,0.19301989326035568,-0.14229380524953947,0.20632634319994056,0.008541425672026075,0.4593064847712808,0.003779507414889049,0.8882287500516065
lateral,11,102551.726217965,286.649,rf_lower_leg_link,0.01921125117583743,-0.13980136973900142,0.08322742483766714,0.007261488946877459,-0.5806582901125925,-0.005874641017485569,0.8140937964968842
lateral,11,102551.726217965,286.649,rf_foot_link,0.22060401661137852,-0.13873621037378797,0.013881772733502495,0.007261488946877459,-0.5806582901125925,-0.005874641017485569,0.8140937964968842
lateral,11,102551.726217965,286.649,lf_hip_link,0.19294162513530785,0.045952694681181405,0.21473727682454277,0.053296110020119206,-0.0297128773328464,0.0004657497729626633,0.9981364899924637
lateral,11,102551.726217965,286.649,lf_upper_leg_link,0.19255036877432527,0.14091012245835102,0.22489522092773642,0.04504765687615016,0.5008086511869483,0.028485099194075252,0.8639155066499165
lateral,11,102551.726217965,286.649,lf_lower_leg_link,0.007692121922975956,0.1514117829566351,0.11960446303406194,0.04553008928526249,-0.5515666584869394,-0.027707458125993633,0.8324262904182114
lateral,11,102551.726217965,286.649,lf_foot_link,0.20382256898958406,0.16104702251364597,0.03708773811037483,0.04553008928526249,-0.5515666584869394,-0.027707458125993633,0.8324262904182114
lateral,11,102551.726217965,286.649,rh_hip_link,-0.19298884381350304,-0.04594504271294915,0.18514472710691424,0.05117784959015907,-0.029713798795214023,0.00040269517669112246,0.9982473419494186
lateral,11,102551.726217965,286.649,rh_upper_leg_link,-0.19262161236989195,-0.1409447498326022,0.17538917544404223,0.04310967628219371,0.5062399521952283,0.02758423939358741,0.8608726830079432
lateral,11,102551.726217965,286.649,rh_lower_leg_link,-0.3787824594106334,-0.13108383020654998,0.07235567946723762,0.042677697682149164,-0.5821535075103271,-0.028247983514391867,0.8114665484425992
lateral,11,102551.726217965,286.649,rh_foot_link,-0.17702730182525053,-0.12333622727118881,0.0045041427384844845,0.042677697682149164,-0.5821535075103271,-0.028247983514391867,0.8114665484425992
lateral,11,102551.726217965,286.649,lh_hip_link,-0.19317523036375323,0.04681812017787446,0.19177502653789105,0.05369820480317571,-0.029712687294611573,0.000477719562526137,0.9981149386712276
lateral,11,102551.726217965,286.649,lh_upper_leg_link,-0.1935710467306485,0.1417673286235972,0.2020093386757141,0.04652499161614696,0.46485465896050604,0.026816982868728488,0.8837569918408835
lateral,11,102551.726217965,286.649,lh_lower_leg_link,-0.36911125429904795,0.1539725639751917,0.08198572534543895,0.04530108502129425,-0.5683665180462653,-0.028836385192282574,0.8210211786238527
lateral,11,102551.726217965,286.649,lh_foot_link,-0.1697657180995316,0.16283486109781023,0.007475210067139498,0.04530108502129425,-0.5683665180462653,-0.028836385192282574,0.8210211786238527
lateral,11,102551.726217965,286.649,d435_link,0.33746552685364345,0.01359461028370043,0.2531453590264874,0.03546215949153415,-0.02498539772449225,-0.0004773978862427574,0.9990585254308199
lateral,11,102551.726217965,286.649,velodyne_base_link,0.19573133644558557,-0.006206828337734722,0.28327544860308723,0.03546215949153415,-0.02498539772449225,-0.0004773978862427574,0.9990585254308199
lateral,11,102551.726217965,286.649,gps_frame,-0.003519288267778944,-0.004953297606916306,0.26333510728101195,0.03546215949153415,-0.02498539772449225,-0.0004773978862427574,0.9990585254308199
lateral,12,102551.832106172,286.744,trunk,-2.5356196584809912e-05,-1.9532317889458164e-06,0.1959611212416204,0.00437181964033128,-0.0029635696640922813,-0.0005406048898381738,0.9999859059977954
lateral,12,102551.832106172,286.744,imu_link,-2.5356196584809912e-05,-1.9532317889458164e-06,0.1959611212416204,0.00437181964033128,-0.0029635696640922813,-0.0005406048898381738,0.9999859059977954
lateral,12,102551.832106172,286.744,rf_hip_link,0.19330041418049423,-0.04678666540769727,0.18883760461541663,-0.019571921467419883,-0.006757264061781186,-0.0009105619977861311,0.9997852020055711
lateral,12,102551.832106172,286.744,rf_upper_leg_link,0.19310127394147686,-0.1422133425641792,0.19257386344448152,-0.016869845391537658,0.46195242195097713,-0.009964815580043572,0.8866882601120575
lateral,12,102551.832106172,286.744,rf_lower_leg_link,0.018536743024011686,-0.14662458243335785,0.07060351660402232,-0.017036614057032922,-0.5393707667816868,0.009676932083587851,0.8418404164140949
lateral,12,102551.832106172,286.744,rf_foot_link,0.21203828555023374,-0.15051083388681877,-0.018340567457893447,-0.017036614057032922,-0.5393707667816868,0.009676932083587851,0.8418404164140949
lateral,12,102551.832106172,286.744,lf_hip_link,0.19341395217900476,0.046184822554091794,0.19113750359011134,0.04359991866009481,-0.006801277103373695,-0.00048204825025776666,0.9990258041472606
lateral,12,102551.832106172,286.744,lf_upper_leg_link,0.19344929548986542,0.14132169616605444,0.1994576015577931,0.03869887635316261,0.4640620086864372,0.020089356552291347,0.8847289227872155
lateral,12,102551.832106172,286.744,lf_lower_leg_link,0.018215679428125364,0.15193561738859584,0.07883619185699269,0.03685919386512541,-0.530121518621272,-0.023293456276292722,0.8467998525135642
lateral,12,102551.832106172,286.744,lf_foot_link,0.20981574059638944,0.1599716803294025,-0.013866765230302697,0.03685919386512541,-0.530121518621272,-0.023293456276292722,0.8467998525135642
lateral,12,102551.832106172,286.744,rh_hip_link,-0.1934636213560596,-0.04618471659573322,0.18359752130433804,0.024342716685433762,-0.0067907264480215335,-0.0006130049433672646,0.9996804201361654
lateral,12,102551.832106172,286.744,rh_upper_leg_link,-0.19354909467913942,-0.1415714643622718,0.17894875320582176,0.021710308673446334,0.46904170598800354,0.011027516855193117,0.8828402655141956
lateral,12,102551.832106172,286.744,rh_lower_leg_link,-0.3700529568889518,-0.13560986301700376,0.05986959493528468,0.020043723752278326,-0.5524523508935619,-0.013827247333805864,0.8331887279371276
lateral,12,102551.832106172,286.744,rh_foot_link,-0.17384833873754352,-0.13174974521246058,-0.02294252559423121,0.020043723752278326,-0.5524523508935619,-0.013827247333805864,0.8331887279371276
lateral,12,102551.832106172,286.744,lh_hip_link,-0.19335008335754908,0.04678677136605584,0.18589742027903275,-0.021035652187675384,-0.006755923696693066,-0.0009204541036428404,0.9997554759021261
lateral,12,102551.832106172,286.744,lh_upper_leg_link,-0.1931471755978681,0.14220209229940076,0.18188178089932563,-0.017856731147042164,0.48630686586220895,-0.011157197294124508,0.8735343647027046
lateral,12,102551.832106172,286.744,lh_lower_leg_link,-0.3741993014204882,0.13786854482637872,0.06976421714855013,-0.01815535352879079,-0.5492286942614966,0.01066438169620672,0.835406784447609
lateral,12,102551.832106172,286.744,lh_foot_link,-0.17865550639430203,0.13390251844720066,-0.014591546504661906,-0.01815535352879079,-0.5492286942614966,0.01066438169620672,0.835406784447609
lateral,12,102551.832106172,286.744,d435_link,0.3397407712622011,0.01675822829650916,0.23962546535439216,0.00437181964033128,-0.0029635696640922813,-0.0005406048898381738,0.9999859059977954
lateral,12,102551.832106172,286.744,velodyne_base_link,0.19949647119227729,-0.0009225995614178147,0.2771411237406649,0.00437181964033128,-0.0029635696640922813,-0.0005406048898381738,0.9999859059977954
lateral,12,102551.832106172,286.744,gps_frame,-0.00044058098175020374,-0.0006137750582990845,0.2659572158643234,0.00437181964033128,-0.0029635696640922813,-0.0005406048898381738,0.9999859059977954
lateral,13,102551.92548612,286.829,trunk,-2.8386425031810605e-05,5.824949539703529e-06,0.2144033356762769,-0.0022291369750231196,-0.00518672370708263,0.00011093638655215995,0.9999840581422541
lateral,13,102551.92548612,286.829,imu_link,-2.8386425031810605e-05,5.824949539703529e-06,0.2144033356762769,-0.0022291369750231196,-0.00518672370708263,0.00011093638655215995,0.9999840581422541
lateral,13,102551.92548612,286.829,rf_hip_link,0.19311771428183627,-0.04649899662266244,0.2170073164539815,-0.04485922212871514,-0.020885999492066203,-0.0010355539229383243,0.9987744254051045
lateral,13,102551.92548612,286.829,rf_upper_leg_link,0.1927412123190302,-0.14161443298591553,0.2255607959623421,-0.03774394992979709,0.5027623737828564,-0.024265539878966003,0.86325927352465
lateral,13,102551.92548612,286.829,rf_lower_leg_link,0.007460964640611044,-0.15029759710569354,0.12084769992802233,-0.03875318905226834,-0.541030220314407,0.02261885320258011,0.8398052622629985
lateral,13,102551.92548612,286.829,rf_foot_link,0.20139174719137148,-0.15894865556440724,0.03318350674292747,-0.03875318905226834,-0.541030220314407,0.02261885320258011,0.8398052622629985
lateral,13,102551.92548612,286.829,lf_hip_link,0.1932949833712554,0.046423041157403096,0.21320422948810636,-0.00304100512453356,-0.020911036120547254,-0.0001609815985479013,0.9997767025396834
lateral,13,102551.92548612,286.829,lf_upper_leg_link,0.193337869789231,0.14192126989459977,0.21262417016940238,-0.0025737533951359333,0.47072962729916923,-0.0016277041203906389,0.8822722620345392
lateral,13,102551.92548612,286.829,lf_lower_leg_link,0.016413303889847238,0.14128033471466603,0.09402279082072139,-0.002727396412378496,-0.5096451640859228,0.001354598114665501,0.8603792960645847
lateral,13,102551.92548612,286.829,lf_foot_link,0.20425426423765408,0.13882910856920458,-0.007413147393022873,-0.00621063285070251,-0.5124481396852761,0.0033240859532588773,0.8586892817691792
lateral,13,102551.92548612,286.829,rh_hip_link,-0.19332264869072296,-0.046445298277760255,0.20083640329060842,-0.018354186500128936,-0.02299885196265028,-0.0004266038488835211,0.9995669035414662
lateral,13,102551.92548612,286.829,rh_upper_leg_link,-0.1934847206532604,-0.14188092017055154,0.20433866065053258,-0.0157739594273393,0.47131560777703874,-0.009393633850116313,0.881773519512145
lateral,13,102551.92548612,286.829,rh_lower_leg_link,-0.3705907262049917,-0.1459201215902984,0.08607561634082113,-0.016009238688292265,-0.5291970897857573,0.008986791949671663,0.8483002899972154
lateral,13,102551.92548612,286.829,rh_foot_link,-0.1792903498065341,-0.14967951096011956,-0.007514089190152895,-0.016009238688292265,-0.5291970897857573,0.008986791949671663,0.8483002899972154
lateral,13,102551.92548612,286.829,lh_hip_link,-0.19311822225249242,0.04644925744330273,0.19641376525232457,-0.04974760673426349,-0.022974097343675486,-0.0011489271896458792,0.9984968935563943
lateral,13,102551.92548612,286.829,lh_upper_leg_link,-0.1926808118938957,0.14147631386109322,0.18693129612512666,-0.041475468654369754,0.5128960795973356,-0.02749417955448818,0.8570072736705386
lateral,13,102551.92548612,286.829,lh_lower_leg_link,-0.3804173099533117,0.13234154414024274,0.08672868498881997,-0.04266137173667883,-0.5530434087213438,0.025615459609754133,0.8316651030675765
lateral,13,102551.92548612,286.829,lh_foot_link,-0.18401440024128046,0.12326198759208398,0.004799088935034418,-0.04266137173667883,-0.5530434087213438,0.025615459609754133,0.8316651030675765
lateral,13,102551.92548612,286.829,d435_link,0.33951932200184215,0.017773915907699358,0.25934939941673285,-0.0022291369750231196,-0.00518672370708263,0.00011093638655215995,0.9999840581422541
lateral,13,102551.92548612,286.829,velodyne_base_link,0.19913094568093448,0.0004113877305139983,0.29647279378303015,-0.0022291369750231196,-0.00518672370708263,0.00011093638655215995,0.9999840581422541
lateral,13,102551.92548612,286.829,gps_frame,-0.0007545507889179275,0.0003178185954270478,0.2843988737146515,-0.0022291369750231196,-0.00518672370708263,0.00011093638655215995,0.9999840581422541
lateral,14,102552.024199423,286.92900000000003,trunk,-2.5290317767160936e-05,4.089346779355539e-06,0.1889078386275134,-0.04538767276902099,-0.02811431293936353,0.0009191399474558345,0.9985733321846307
lateral,14,102552.024199423,286.92900000000003,imu_link,-2.5290317767160936e-05,4.089346779355539e-06,0.1889078386275134,-0.04538767276902099,-0.02811431293936353,0.0009191399474558345,0.9985733321846307
lateral,14,102552.024199423,286.92900000000003,rf_hip_link,0.19298433814604826,-0.04552109925438767,0.21050485988624745,-0.0005211358618372741,-0.029386473472218736,0.0020258974213204126,0.9995659354609472
lateral,14,102552.024199423,286.92900000000003,rf_upper_leg_link,0.19336819155387724,-0.14102026346838456,0.21061572462073658,-0.0015074864523643176,0.4999704615530111,0.0014502853319756084,0.8660399307950649
lateral,14,102552.024199423,286.92900000000003,rf_lower_leg_link,0.008913515360320895,-0.14188531750979316,0.10410410970557481,0.0006322944253178421,-0.5548943706068765,0.001994002685032686,0.8319181820502843
lateral,14,102552.024199423,286.92900000000003,rf_foot_link,0.20556595928763108,-0.14118988184186393,0.02227298685706497,0.0006322944253178421,-0.5548943706068765,0.001994002685032686,0.8319181820502843
lateral,14,102552.024199423,286.92900000000003,lf_hip_link,0.19309137543560148,0.047111875240129844,0.20225134067825434,-0.04685515327934713,-0.029448794146844336,0.0006615185499402106,0.9984672881610462
lateral,14,102552.024199423,286.92900000000003,lf_upper_leg_link,0.1932287661536254,0.14219246922796583,0.19331200229608728,-0.04112964833548314,0.46512361716282286,-0.02245428741738463,0.8840046254187525
lateral,14,102552.024199423,286.92900000000003,lf_lower_leg_link,0.017676310676588487,0.1311527729539187,0.07319347548960435,-0.03840367248776776,-0.5849000566735093,0.02685146057620144,0.8097506287170777
lateral,14,102552.024199423,286.92900000000003,lf_foot_link,0.21987907797338566,0.1245957906968676,0.006559798709780934,-0.03840367248776776,-0.5849000566735093,0.02685146057620144,0.8097506287170777
lateral,14,102552.024199423,286.92900000000003,rh_hip_link,-0.19314443305095982,-0.047099500396141664,0.18778216850242974,-0.10086960313983047,-0.029441393258962913,-0.0009345835790454918,0.9944635006268043
lateral,14,102552.024199423,286.92900000000003,rh_upper_leg_link,-0.19388917087506802,-0.14065597029188745,0.2069363405341241,-0.08865038155557198,0.4403849912598057,-0.0481316957326939,0.8921241557031442
lateral,14,102552.024199423,286.92900000000003,rh_lower_leg_link,-0.3630729330808062,-0.16531739587950328,0.07990221640246122,-0.08462937309511044,-0.5734347622091158,0.05489462171817673,0.8130172342614402
lateral,14,102552.024199423,286.92900000000003,rh_foot_link,-0.16248740726424027,-0.18121855069630907,0.0100337678123876,-0.08462937309511044,-0.5734347622091158,0.05489462171817673,0.8130172342614402
lateral,14,102552.024199423,286.92900000000003,lh_hip_link,-0.1930373957614066,0.04553347409837585,0.17952864929443663,-0.011900012268380764,-0.029407631798889042,0.0016912348967834747,0.9994952329173548
lateral,14,102552.024199423,286.92900000000003,lh_upper_leg_link,-0.1932934178986432,0.14100588021999028,0.177247394811753,-0.011163878076287971,0.4718067660057585,-0.004454031181018818,0.8816200457020722
lateral,14,102552.024199423,286.92900000000003,lh_lower_leg_link,-0.3705111333450913,0.13770827528597243,0.05912878013294426,-0.008739008040931095,-0.6011549364121412,0.008252290950048518,0.7990420964253703
lateral,14,102552.024199423,286.92900000000003,lh_foot_link,-0.16585212068830796,0.13684693316374963,0.00011228559032408492,-0.008739008040931095,-0.6011549364121412,0.008252290950048518,0.7990420964253703
lateral,14,102552.024199423,286.92900000000003,d435_link,0.33711556936958326,0.022683448752232063,0.24764613436575122,-0.04538767276902099,-0.02811431293936353,0.0009191399474558345,0.9985733321846307
lateral,14,102552.024199423,286.92900000000003,velodyne_base_link,0.19515965859377776,0.008129170680968273,0.27966475997079404,-0.04538767276902099,-0.02811431293936353,0.0009191399474558345,0.9985733321846307
lateral,14,102552.024199423,286.92900000000003,gps_frame,-0.00396151922656197,0.006345680357632226,0.25850877486711177,-0.04538767276902099,-0.02811431293936353,0.0009191399474558345,0.9985733321846307
lateral,15,102552.134655099,287.034,trunk,-2.7315377174148412e-05,1.2221289700636388e-05,0.20332857211475805,-0.0183221151906324,-0.003437626704376676,0.0006963760219885275,0.99982598379819
lateral,15,102552.134655099,287.034,imu_link,-2.7315377174148412e-05,1.2221289700636388e-05,0.20332857211475805,-0.0183221151906324,-0.003437626704376676,0.0006963760219885275,0.99982598379819
lateral,15,102552.134655099,287.034,rf_hip_link,0.19341307981213127,-0.04605362483257562,0.20253587679771565,-0.013899498622858632,-0.009023971991029233,0.0009389748363239882,0.9998622356073836
lateral,15,102552.134655099,287.034,rf_upper_leg_link,0.19356844241954915,-0.141516555985055,0.20519193369416946,-0.012575159885521386,0.48227691914837606,-0.005995255587852153,0.8759080405619306
lateral,15,102552.134655099,287.034,rf_lower_leg_link,0.013581047210237155,-0.14497708615609772,0.09134307644605201,-0.011509466364732693,-0.5141723797935883,0.007849198666691107,0.8575737205171855
lateral,15,102552.134655099,287.034,rf_foot_link,0.20146027911734504,-0.14746252979263083,-0.008977493667583075,-0.011509466364732693,-0.5141723797935883,0.007849198666691107,0.8575737205171855
lateral,15,102552.134655099,287.034,lf_hip_link,0.19326789761873256,0.04690026649126051,0.19961132385971364,-0.060524676546686675,-0.00905794904365156,0.0005170138883449257,0.9981254679571505
lateral,15,102552.134655099,287.034,lf_upper_leg_link,0.19327404489773115,0.14170053727034204,0.18807188616007833,-0.051523881237311046,0.5233356112535527,-0.03176150872810126,0.8499743138586181
lateral,15,102552.134655099,287.034,lf_lower_leg_link,0.0030828076933610573,0.13012524524090396,0.09287574177857383,-0.05131616465376222,-0.529755740281571,0.03209602809803343,0.8459877965220792
lateral,15,102552.134655099,287.034,lf_foot_link,0.19470354463313372,0.11887467302407054,0.0005506758460099848,-0.05131616465376222,-0.529755740281571,0.03209602809803343,0.8459877965220792
lateral,15,102552.134655099,287.034,rh_hip_link,-0.19332324227532602,-0.04687694732684242,0.19556599026084454,-0.05815046803707691,-0.009056693706707008,0.0005385567203399987,0.9982666023276702
lateral,15,102552.134655099,287.034,rh_upper_leg_link,-0.19332114658331898,-0.1417310298343744,0.20665440887047423,-0.050277182341770275,0.5018287697249608,-0.029222797813428316,0.8630099181933312
lateral,15,102552.134655099,287.034,rh_lower_leg_link,-0.3784404883414409,-0.15396782289739908,0.10201173018451772,-0.04958561685273422,-0.5213955640059272,0.030381467667082294,0.8513312509585613
lateral,15,102552.134655099,287.034,rh_foot_link,-0.1887057023549323,-0.16520273059110746,0.005868670966664713,-0.04958561685273422,-0.5213955640059272,0.030381467667082294,0.8513312509585613
lateral,15,102552.134655099,287.034,lh_hip_link,-0.19346842446872473,0.046076943996993705,0.19264143732284253,0.01350330441750647,-0.00899485441380268,0.001185891357850368,0.9998676647564767
lateral,15,102552.134655099,287.034,lh_upper_leg_link,-0.19371809865259887,0.14154184859340932,0.19521818977489644,0.011373889913209067,0.4605150290294217,0.00737429296588324,0.8875484000715265
lateral,15,102552.134655099,287.034,lh_lower_leg_link,-0.3678725438428626,0.14439558214718148,0.07261686259906408,0.01209092060783424,-0.5359597389933036,-0.006128230361166523,0.8441347123591858
lateral,15,102552.134655099,287.034,lh_foot_link,-0.17510911320216319,0.1473443034721769,-0.017951149691014023,0.01209092060783424,-0.5359597389933036,-0.006128230361166523,0.8441347123591858
lateral,15,102552.134655099,287.034,d435_link,0.3396558222871938,0.01953700987116982,0.2464869851687498,-0.0183221151906324,-0.003437626704376676,0.0006963760219885275,0.99982598379819
lateral,15,102552.134655099,287.034,velodyne_base_link,0.19941579772272475,0.0032465623375844215,0.2846426771335486,-0.0183221151906324,-0.003437626704376676,0.0006963760219885275,0.99982598379819
lateral,15,102552.134655099,287.034,gps_frame,-0.0005102856388396776,0.0025765359047906027,0.2732799197092196,-0.0183221151906324,-0.003437626704376676,0.0006963760219885275,0.99982598379819
lateral,16,102552.230705902,287.129,trunk,-2.645613405079443e-05,5.515968690334367e-06,0.1951020805010303,0.0344828901863983,-0.025244381358684863,-0.00027796754970218053,0.9990863697540125
lateral,16,102552.230705902,287.129,imu_link,-2.645613405079443e-05,5.515968690334367e-06,0.1951020805010303,0.0344828901863983,-0.025244381358684863,-0.00027796754970218053,0.9990863697540125
lateral,16,102552.230705902,287.129,rf_hip_link,0.19320184751799116,-0.0466629815609864,0.20771650579557918,0.01661795953339718,-0.026573477222440346,-0.00027614498967809016,0.9995086880428802
lateral,16,102552.230705902,287.129,rf_upper_leg_link,0.1932334747596762,-0.1421102210894806,0.20454263338039935,0.014585764070174237,0.4705789640770857,0.007967955923457712,0.882201340813438
lateral,16,102552.230705902,287.129,rf_lower_leg_link,0.01633202813601809,-0.13822594108683536,0.08596864571312865,0.01379314127133488,-0.5660763623105517,-0.009272652747620232,0.8241852456809355
lateral,16,102552.230705902,287.129,rf_foot_link,0.21513757384139265,-0.13561921556663303,0.009558175364814597,0.01379314127133488,-0.5660763623105517,-0.009272652747620232,0.8241852456809355
lateral,16,102552.230705902,287.129,lf_hip_link,0.19299607220832302,0.046117959722635556,0.21409260107772657,0.04432622793741492,-0.02657091667430964,0.0004607980401151102,0.9986635867844054
lateral,16,102552.230705902,287.129,lf_upper_leg_link,0.19268321979840863,0.14124263960039876,0.22254525755499296,0.03740269428252965,0.504649596481115,0.02379212639511359,0.8621854545012079
lateral,16,102552.230705902,287.129,lf_lower_leg_link,0.0069508700493540205,0.14986546406593668,0.11863115285822261,0.03781038700390066,-0.5526293658779694,-0.023138743539974225,0.8322474134242293
lateral,16,102552.230705902,287.129,lf_foot_link,0.20314953117735104,0.1587661232981189,0.03574654470946806,0.04002286665412323,-0.5517140155415265,-0.02446721009358241,0.8327131383796385
lateral,16,102552.230705902,287.129,rh_hip_link,-0.19305868898060152,-0.04608289160202697,0.1865636209510351,0.046864120979742366,-0.026538930897142533,0.00046168529425190944,0.9985485597397463
lateral,16,102552.230705902,287.129,rh_upper_leg_link,-0.19273308385951327,-0.14116336793522063,0.17762790600716402,0.03943816938553553,0.508693127887779,0.02531975086829774,0.8596713573518853
lateral,16,102552.230705902,287.129,rh_lower_leg_link,-0.37945206878478654,-0.13220719448412369,0.07552595878974097,0.03926230679607938,-0.5755653750610313,-0.025591605138509683,0.8164116853906119
lateral,16,102552.230705902,287.129,rh_foot_link,-0.17884735527410447,-0.124826930112026,0.004306013443685502,0.03926230679607938,-0.5755653750610313,-0.025591605138509683,0.8164116853906119
lateral,16,102552.230705902,287.129,lh_hip_link,-0.19325175918800114,0.046698303381493625,0.19293642106754139,0.05268746232308062,-0.026535786648185358,0.0006164685200581575,0.9982582347807003
lateral,16,102552.230705902,287.129,lh_upper_leg_link,-0.19363633731285243,0.14166802077607246,0.20297907398695,0.04544191465617394,0.47216134417787814,0.026671728700316137,0.8799359728665814
lateral,16,102552.230705902,287.129,lh_lower_leg_link,-0.3711436216963677,0.15333727523774462,0.08582962887047234,0.044913850294513884,-0.5543549539467059,-0.02755167456261524,0.8306107610158102
lateral,16,102552.230705902,287.129,lh_foot_link,-0.1744634082225892,0.16272312879606893,0.004602789827637177,0.044913850294513884,-0.5543549539467059,-0.02755167456261524,0.8306107610158102
lateral,16,102552.230705902,287.129,d435_link,0.33742522934678587,0.013824228524634767,0.2548005155679452,0.0344828901863983,-0.025244381358684863,-0.00027796754970218053,0.9990863697540125
lateral,16,102552.230705902,287.129,velodyne_base_link,0.19568165705104046,-0.005964868112432236,0.28489455762164095,0.0344828901863983,-0.025244381358684863,-0.00027796754970218053,0.9990863697540125
lateral,16,102552.230705902,287.129,gps_frame,-0.0035587824774464473,-0.004816695615167155,0.26484639171021973,0.0344828901863983,-0.025244381358684863,-0.00027796754970218053,0.9990863697540125
lateral,17,102552.330563507,287.22900000000004,trunk,-2.6266988487459606e-05,9.762854696828458e-07,0.1901466105539121,0.01242684235147767,-0.00759624491773752,-0.0006521696261708882,0.9998937170155136
lateral,17,102552.330563507,287.22900000000004,imu_link,-2.6266988487459606e-05,9.762854696828458e-07,0.1901466105539121,0.01242684235147767,-0.00759624491773752,-0.0006521696261708882,0.9998937170155136
lateral,17,102552.330563507,287.22900000000004,rf_hip_link,0.1932847148372295,-0.04685801851756581,0.18737261869402022,-0.029219013380501157,-0.004264706273858848,-0.0010964739446448972,0.9995633343027127
lateral,17,102552.330563507,287.22900000000004,rf_upper_leg_link,0.19305157915583235,-0.14219472249493997,0.19295012014938487,-0.025555018201573108,0.44883279388298497,-0.0142089423518592,0.8931372627637661
lateral,17,102552.330563507,287.22900000000004,rf_lower_leg_link,0.02212657558531648,-0.14920101657247523,0.06604639680874264,-0.02483418506974845,-0.5626243492132702,0.015434255730765699,0.8261954300734803
lateral,17,102552.330563507,287.22900000000004,rf_foot_link,0.22031070596445093,-0.15424238667905088,-0.011842209888994593,-0.02483418506974845,-0.5626243492132702,0.015434255730765699,0.8261954300734803
lateral,17,102552.330563507,287.22900000000004,lf_hip_link,0.19344707150393267,0.04611748886406309,0.1895006852910641,0.042565839089544005,-0.004332379433778588,-0.0007876948364363511,0.9990839601194133
lateral,17,102552.330563507,287.22900000000004,lf_upper_leg_link,0.19356216082887628,0.14127130688003767,0.19762396488923678,0.03783484089659607,0.47060112903762275,0.019519117164502137,0.881318390950718
lateral,17,102552.330563507,287.22900000000004,lf_lower_leg_link,0.01656430157732014,0.15156296527587174,0.07957804336786518,0.035658686787570164,-0.5338994242920115,-0.023257884193070302,0.8444755376090574
lateral,17,102552.330563507,287.22900000000004,lf_foot_link,0.20898609423681275,0.15910125582222137,-0.01144957818376105,0.035658686787570164,-0.5338994242920115,-0.023257884193070302,0.8444755376090574
lateral,17,102552.330563507,287.22900000000004,rh_hip_link,-0.1935002850783322,-0.046106555358200914,0.1840500980486144,0.026790026636510294,-0.004319405922538546,-0.0008559831715139541,0.9996313843102874
lateral,17,102552.330563507,287.22900000000004,rh_upper_leg_link,-0.19364161565113913,-0.1414693336554353,0.17893438293714575,0.023884854270369654,0.4780652042461361,0.012163550914845982,0.8779152705442168
lateral,17,102552.330563507,287.22900000000004,rh_lower_leg_link,-0.3725578957188307,-0.13501376891294709,0.06353815071704721,0.021690523090325216,-0.5647083422553623,-0.015746727991646874,0.8248551690768664
lateral,17,102552.330563507,287.22900000000004,rh_foot_link,-0.17398048786259634,-0.13118009632337213,-0.013411937285337294,0.021690523090325216,-0.5647083422553623,-0.015746727991646874,0.8248551690768664
lateral,17,102552.330563507,287.22900000000004,lh_hip_link,-0.19333792841162903,0.04686895202342799,0.18617816464565828,0.0017066821585743543,-0.004296575171020682,-0.000964062504895171,0.9999888485684707
lateral,17,102552.330563507,287.22900000000004,lh_upper_leg_link,-0.19315519510821713,0.1423682181669518,0.18650492845674485,0.001959921695126938,0.47476398438939965,-2.979014453663032e-05,0.8801109685410119
lateral,17,102552.330563507,287.22900000000004,lh_lower_leg_link,-0.3711571360307325,0.14310907130317924,0.06952732305960957,0.0008947545463465427,-0.5537596992325063,-0.0017440168593029584,0.832674218002107
lateral,17,102552.330563507,287.22900000000004,lh_foot_link,-0.17472726442647374,0.14301504151202543,-0.012839519176406633,0.0008947545463465427,-0.5537596992325063,-0.0017440168593029584,0.832674218002107
lateral,17,102552.330563507,287.22900000000004,d435_link,0.3393226314134303,0.015957030966318748,0.23722345701187514,0.01242684235147767,-0.00759624491773752,-0.0006521696261708882,0.9998937170155136
lateral,17,102552.330563507,287.22900000000004,velodyne_base_link,0.19873391499063792,-0.0022849135823075836,0.2731476031210939,0.01242684235147767,-0.00759624491773752,-0.0006521696261708882,0.9998937170155136
lateral,17,102552.330563507,287.22900000000004,gps_frame,-0.0010907628650277264,-0.0017379031714430282,0.26011691244523705,0.01242684235147767,-0.00759624491773752,-0.0006521696261708882,0.9998937170155136
lateral,18,102552.433183119,287.329,trunk,-2.9026615517609757e-05,6.2115245709805666e-06,0.20468710888877195,-0.035911909656138295,-0.027087526910980972,-0.0004768124979530915,0.9989876742385454
lateral,18,102552.433183119,287.329,imu_link,-2.9026615517609757e-05,6.2115245709805666e-06,0.20468710888877195,-0.035911909656138295,-0.027087526910980972,-0.0004768124979530915,0.9989876742385454
lateral,18,102552.433183119,287.329,rf_hip_link,0.19314877074340847,-0.046544494327042406,0.2143793426194016,-0.03973862389563674,-0.0191961033334434,-0.0009567941341873222,0.9990252428906277
lateral,18,102552.433183119,287.329,rf_upper_leg_link,0.19282050129282843,-0.14174270025337277,0.22195851325844976,-0.03338538088495274,0.5055197258184437,-0.021575217896946462,0.8618989111980078
lateral,18,102552.433183119,287.329,rf_lower_leg_link,0.006902514885530303,-0.14935452158811863,0.11829770819586302,-0.03433307218177098,-0.5404435237746281,0.020032819040149853,0.8404407914457322
lateral,18,102552.433183119,287.329,rf_foot_link,0.20068930616347117,-0.15703458038886822,0.030225600108133133,-0.03433307218177098,-0.5404435237746281,0.020032819040149853,0.8404407914457322
lateral,18,102552.433183119,287.329,lf_hip_link,0.1933106840667657,0.04639763567997691,0.21110302550501261,0.003448547372646758,-0.019219515216449125,-0.00012677952568447337,0.9998093326643912
lateral,18,102552.433183119,287.329,lf_upper_leg_link,0.19332223497212067,0.14189536114653925,0.21176203786428374,0.003066618549613221,0.47408815538962107,0.0015825304738581653,0.8804706198205804
lateral,18,102552.433183119,287.329,lf_lower_leg_link,0.015498952783887231,0.14272597960244224,0.09451362472029032,0.0028930599303417953,-0.5303457134887164,-0.001881158225395295,0.8477744485605324
lateral,18,102552.433183119,287.329,lf_foot_link,0.20703664128968985,0.143345808787021,0.0013367515508387606,0.0028930599303417953,-0.5303457134887164,-0.001881158225395295,0.8477744485605324
lateral,18,102552.433183119,287.329,rh_hip_link,-0.1933654569001572,-0.046395162635411914,0.19951429875321466,-0.012990564967771942,-0.019214832733063788,-0.00044276545013420294,0.9997308834799566
lateral,18,102552.433183119,287.329,rh_upper_leg_link,-0.19349767814522895,-0.1418628930289016,0.20199320396687606,-0.01109384859506397,0.4748579886206839,-0.006773281536709764,0.8799664424418085
lateral,18,102552.433183119,287.329,rh_lower_leg_link,-0.3715376629672777,-0.14465143264111463,0.08510441985396054,-0.011293970113434805,-0.5405307393380514,0.006434054592757007,0.841223851903424
lateral,18,102552.433183119,287.329,rh_foot_link,-0.17780137587930225,-0.1472172105152309,-0.0033753396917471368,-0.011293970113434805,-0.5405307393380514,0.006434054592757007,0.841223851903424
lateral,18,102552.433183119,287.329,lh_hip_link,-0.19320354357679997,0.0465469673716074,0.19623798163882566,-0.04795787616845101,-0.01918758034283092,-0.0011147191533568395,0.9986644262589952
lateral,18,102552.433183119,287.329,lh_upper_leg_link,-0.19281515921733586,0.14160743807889986,0.18709434633894084,-0.03990605500729407,0.5185522739238803,-0.026621556286854475,0.8536992085758273
lateral,18,102552.433183119,287.329,lh_lower_leg_link,-0.3818526707804988,0.1329753578924737,0.08932264075055443,-0.04107056708944704,-0.5519472149831393,0.024787275048511713,0.8324980909209203
lateral,18,102552.433183119,287.329,lh_foot_link,-0.18567411991298707,0.12423813995360199,0.006820294103857455,-0.04107056708944704,-0.5519472149831393,0.024787275048511713,0.8324980909209203
lateral,18,102552.433183119,287.329,d435_link,0.3372780303729442,0.020777384165194437,0.26317648991572445,-0.035911909656138295,-0.027087526910980972,-0.0004768124979530915,0.9989876742385454
lateral,18,102552.433183119,287.329,velodyne_base_link,0.19535051163678582,0.0059469408531091375,0.2951942564924931,-0.035911909656138295,-0.027087526910980972,-0.0004768124979530915,0.9989876742385454
lateral,18,102552.433183119,287.329,gps_frame,-0.0038150441322431774,0.005030597433241801,0.27440383297706944,-0.035911909656138295,-0.027087526910980972,-0.0004768124979530915,0.9989876742385454
lateral,19,102552.525922415,287.41900000000004,trunk,-2.6272353961815115e-05,5.25256015638748e-06,0.1895158426673453,-0.031539930018205604,-0.021246063741658792,0.0005522632904866414,0.9992765045747799
lateral,19,102552.525922415,287.41900000000004,imu_link,-2.6272353961815115e-05,5.25256015638748e-06,0.1895158426673453,-0.031539930018205604,-0.021246063741658792,0.0005522632904866414,0.9992765045747799
lateral,19,102552.525922415,287.41900000000004,rf_hip_link,0.1931111219682684,-0.04591230426933297,0.20592255798670764,0.005920877185707866,-0.023804633905062666,0.001352548228313239,0.9996981810683101
lateral,19,102552.525922415,287.41900000000004,rf_upper_leg_link,0.19339630107290223,-0.14140525901022155,0.2047981613783514,0.004300238982588545,0.5104162661397461,0.0042888364448618295,0.8599060117748927
lateral,19,102552.525922415,287.41900000000004,rf_lower_leg_link,0.006412777631373443,-0.14076254877645902,0.10278958877316942,0.005724251145127868,-0.5556175379019949,-0.0020295620674548273,0.8314158197931809
lateral,19,102552.525922415,287.41900000000004,rf_foot_link,0.20320809056779174,-0.13921549881495365,0.021314368965710068,0.005724251145127868,-0.5556175379019949,-0.0020295620674548273,0.8314158197931809
lateral,19,102552.525922415,287.41900000000004,lf_hip_link,0.19319492368764185,0.04686174167159546,0.19944418033313324,-0.03084537041077403,-0.023838270929058776,0.0004762574689838075,0.9992397475792074
lateral,19,102552.525922415,287.41900000000004,lf_upper_leg_link,0.19324447002424264,0.14217997390547715,0.19355502513324835,-0.027048671516157016,0.47322300967348546,-0.014833511592527696,0.8804023622291195
lateral,19,102552.525922415,287.41900000000004,lf_lower_leg_link,0.015590592138794249,0.13502566374846878,0.07626514697473234,-0.025347547105533795,-0.5765901719794954,0.017583104182349672,0.8164509231299217
lateral,19,102552.525922415,287.41900000000004,lf_foot_link,0.21632318377081092,0.13052847411849278,0.005165203640534716,-0.025347547105533795,-0.5765901719794954,0.017583104182349672,0.8164509231299217
lateral,19,102552.525922415,287.41900000000004,rh_hip_link,-0.19324909418160685,-0.046849285255000386,0.1875066560741179,-0.08702044680835178,-0.023827303148138534,-0.0008657983314142376,0.9959211574493289
lateral,19,102552.525922415,287.41900000000004,rh_upper_leg_link,-0.19380981850512985,-0.14090278347103047,0.20405582709747222,-0.07600432763359674,0.4554786713490921,-0.042386907771630886,0.8859829976791823
lateral,19,102552.525922415,287.41900000000004,rh_lower_leg_link,-0.36709296394691754,-0.16136450476019842,0.08189499267135716,-0.07321251316090496,-0.5666141865412292,0.04704503891102842,0.8193747957075231
lateral,19,102552.525922415,287.41900000000004,rh_foot_link,-0.16784694100717581,-0.17556398002521767,0.007946380480904014,-0.07321251316090496,-0.5666141865412292,0.04704503891102842,0.8193747957075231
lateral,19,102552.525922415,287.41900000000004,lh_hip_link,-0.1931652924622334,0.04592476068592804,0.1810282784205435,-0.005901154849495561,-0.023818963621664507,0.0010709594080986766,0.9996982976825449
lateral,19,102552.525922415,287.41900000000004,lh_upper_leg_link,-0.1933429371509886,0.1414178903046493,0.17989662565283204,-0.0056237517462753035,0.48871377803549426,-0.0020842262131989084,0.8724235625976995
lateral,19,102552.525922415,287.41900000000004,lh_lower_leg_link,-0.3749795972979069,0.1397617286278276,0.06865643139206527,-0.004296121746897298,-0.5782419196044227,0.004184963625571451,0.8158433132836114
lateral,19,102552.525922415,287.41900000000004,lh_foot_link,-0.17400439187503852,0.139299501247056,-0.0018967623774893694,-0.004296121746897298,-0.5782419196044227,0.004184963625571451,0.8158433132836114
lateral,19,102552.525922415,287.41900000000004,d435_link,0.337907116559547,0.020916306278802282,0.24421732792878162,-0.031539930018205604,-0.021246063741658792,0.0005522632904866414,0.9992765045747799
lateral,19,102552.525922415,287.41900000000004,velodyne_base_link,0.19639334985317208,0.005534898214123682,0.27776976626821615,-0.031539930018205604,-0.021246063741658792,0.0005522632904866414,0.9992765045747799
lateral,19,102552.525922415,287.41900000000004,gps_frame,-0.003001007845979803,0.004416005424443921,0.2593133799299358,-0.031539930018205604,-0.021246063741658792,0.0005522632904866414,0.9992765045747799
lateral,20,102552.629122673,287.524,trunk,-2.7682573921574446e-05,1.1467201618153468e-05,0.1983436339181007,-0.01014152662829962,-0.004460365653849211,0.0004025765112083304,0.9999385443656195
lateral,20,102552.629122673,287.524,imu_link,-2.7682573921574446e-05,1.1467201618153468e-05,0.1983436339181007,-0.01014152662829962,-0.004460365653849211,0.0004025765112083304,0.9999385443656195
lateral,20,102552.629122673,287.524,rf_hip_link,0.19340293630735006,-0.046256440599805264,0.19745074858059944,-0.010408035529006661,-0.004561721634040557,0.000502353416499393,0.9999353034737825
lateral,20,102552.629122673,287.524,rf_upper_leg_link,0.19348981119718137,-0.14173570190336238,0.19943899244908628,-0.009323374281513381,0.48518417878493325,-0.004653413213432525,0.8743498916876823
lateral,20,102552.629122673,287.524,rf_lower_leg_link,0.01275329621253921,-0.14424660078268398,0.08675799343849891,-0.00868432705580895,-0.5157096799207892,0.005758647941650734,0.8567000329598856
lateral,20,102552.629122673,287.524,rf_foot_link,0.20098502137370572,-0.146150851790449,-0.012912420782324269,-0.00868432705580895,-0.5157096799207892,0.005758647941650734,0.8567000329598856
lateral,20,102552.629122673,287.524,lf_hip_link,0.19332539369976062,0.04670408109369484,0.1947423554008161,-0.0626696951050368,-0.00458174616885078,0.0002631829511261491,0.9980237710857494
lateral,20,102552.629122673,287.524,lf_upper_leg_link,0.1933300681944303,0.1414539171432784,0.1827958686065269,-0.053319665335263305,0.5241290641098272,-0.03293285955333299,0.8493298324005419
lateral,20,102552.629122673,287.524,lf_lower_leg_link,0.002944525603911895,0.1295153039638628,0.08803398445542886,-0.05344349692585799,-0.5215880158709283,0.032731522820666985,0.8508926969659595
lateral,20,102552.629122673,287.524,lf_foot_link,0.1927550965662133,0.11741591939689314,-0.007854242371776954,-0.05344349692585799,-0.5215880158709283,0.032731522820666985,0.8508926969659595
lateral,20,102552.629122673,287.524,rh_hip_link,-0.19338077038998155,-0.0466817654750724,0.19392607381221652,-0.05870671434884709,-0.004580665132447431,0.00028137193520787516,0.9982647244229065
lateral,20,102552.629122673,287.524,rh_upper_leg_link,-0.19337848452530224,-0.14152347299642998,0.20511984481255777,-0.050749018041703765,0.5020450217266322,-0.029514312589079158,0.8628465904665222
lateral,20,102552.629122673,287.524,rh_lower_leg_link,-0.3785545746797663,-0.1538651630796671,0.10058995281512452,-0.050433390761928994,-0.5108105815524877,0.030050467152069816,0.8576864183920638
lateral,20,102552.629122673,287.524,rh_foot_link,-0.19127183465822933,-0.1657530925347949,-0.00017141092760786236,-0.050433390761928994,-0.5108105815524877,0.030050467152069816,0.8576864183920638
lateral,20,102552.629122673,287.524,lh_hip_link,-0.193458312997571,0.046278756218427704,0.1912176806324332,0.01781201230407653,-0.004545729886703009,0.0006308748042815824,0.9998308209664563
lateral,20,102552.629122673,287.524,lh_upper_leg_link,-0.1935942547015725,0.14171808205342787,0.1946186516722652,0.015441040000027006,0.46437071838348487,0.008901689112568308,0.8854615576763719
lateral,20,102552.629122673,287.524,lh_lower_leg_link,-0.36881651973768553,0.14578159533106877,0.07358293093059091,0.01539497328280858,-0.5379119847602395,-0.008981123702569793,0.8428125716112453
lateral,20,102552.629122673,287.524,lh_foot_link,-0.17562669237266154,0.14925094910612602,-0.01605330162664953,0.01539497328280858,-0.5379119847602395,-0.008981123702569793,0.8428125716112453
lateral,20,102552.629122673,287.524,d435_link,0.339575646158855,0.0186539026492526,0.2425085375656624,-0.01014152662829962,-0.004460365653849211,0.0004025765112083304,0.9999385443656195
lateral,20,102552.629122673,287.524,velodyne_base_link,0.19925002676948797,0.0018128391144282704,0.2801063981697777,-0.01014152662829962,-0.004460365653849211,0.0004025765112083304,0.9999385443656195
lateral,20,102552.629122673,287.524,gps_frame,-0.0006526669730735167,0.0014309422846446366,0.2683264495587241,-0.01014152662829962,-0.004460365653849211,0.0004025765112083304,0.9999385443656195
lateral,21,102552.731171375,287.619,trunk,-2.8114325298443092e-05,4.509953511124536e-06,0.19990103675776014,0.027914653808049524,-0.025317253386754758,-4.64992965658471e-05,0.9992896510129298
lateral,21,102552.731171375,287.619,imu_link,-2.8114325298443092e-05,4.509953511124536e-06,0.19990103675776014,0.027914653808049524,-0.025317253386754758,-4.64992965658471e-05,0.9992896510129298
lateral,21,102552.731171375,287.619,rf_hip_link,0.19319202685495923,-0.04665052114381013,0.20918982103319567,0.008303868742455313,-0.02556675287378788,-0.0003597402715234571,0.9996385634309711
lateral,21,102552.731171375,287.619,rf_upper_leg_link,0.19316389116291316,-0.14213732616682154,0.20760259865424727,0.0073933046396597755,0.4725923947318197,0.003797722430624366,0.8812419331786754
lateral,21,102552.731171375,287.619,rf_lower_leg_link,0.015736461715058533,-0.140126386634019,0.08977024570429576,0.006837215711457055,-0.5539244397897577,-0.004726111559187628,0.8325254538778067
lateral,21,102552.731171375,287.619,rf_foot_link,0.212202766589181,-0.1388167572349588,0.007500713555720739,0.006837215711457055,-0.5539244397897577,-0.004726111559187628,0.8325254538778067
lateral,21,102552.731171375,287.619,lf_hip_link,0.193045930735036,0.04621843069715191,0.21412301876740517,0.026910655883252525,-0.025569019387558897,0.00011624599319463855,0.9993107766527692
lateral,21,102552.731171375,287.619,lf_upper_leg_link,0.19289231994848718,0.14158010908673108,0.21925884376916624,0.022772149959118658,0.5071368177939515,0.0143396687352665,0.8614453268342841
lateral,21,102552.731171375,287.619,lf_lower_leg_link,0.006646318354215766,0.14683898885721744,0.11604173727171502,0.022828825840235007,-0.5544216690607213,-0.014249267488330265,0.8318007068779915
lateral,21,102552.731171375,287.619,lf_foot_link,0.20324260485308066,0.15156287338113975,0.03420907233978915,0.022828825840235007,-0.5544216690607213,-0.014249267488330265,0.8318007068779915
lateral,21,102552.731171375,287.619,rh_hip_link,-0.19310220254279392,-0.04620808908589347,0.18942084058730266,0.03210251127504515,-0.025568070259431242,0.0002490959274734314,0.999157465319788
lateral,21,102552.731171375,287.619,rh_upper_leg_link,-0.19289789264680754,-0.14151123812961483,0.18329564346258706,0.027103673341018583,0.5072295896718276,0.017205352956822566,0.8612128134685433
lateral,21,102552.731171375,287.619,rh_lower_leg_link,-0.3791872454584314,-0.13528526233547822,0.08021065787090592,0.02705410403596077,-0.565861516031331,-0.0172831922328283,0.8238750581221514
lateral,21,102552.731171375,287.619,rh_foot_link,-0.1803872011444311,-0.12995629705235706,0.0039273404957239355,0.02705410403596077,-0.565861516031331,-0.0172831922328283,0.8238750581221514
lateral,21,102552.731171375,287.619,lh_hip_link,-0.19324829866271714,0.046660862755068575,0.19435403832151216,0.04472335071837121,-0.025562882512027832,0.000572104228753659,0.9986721352050177
lateral,21,102552.731171375,287.619,lh_upper_leg_link,-0.19357578770424175,0.1417787662231477,0.20288206217026275,0.03863818239011811,0.46972925334964066,0.022529897121712755,0.8816767679511932
lateral,21,102552.731171375,287.619,lh_lower_leg_link,-0.3703742583647758,0.15178270996604956,0.0845130549019533,0.038027410633598574,-0.5581200531584867,-0.023546155593443883,0.828553861169955
lateral,21,102552.731171375,287.619,lh_foot_link,-0.17299656258382073,0.15960670106953972,0.004827232000929993,0.038027410633598574,-0.5581200531584867,-0.023546155593443883,0.828553861169955
lateral,21,102552.731171375,287.619,d435_link,0.3374129730970414,0.014649895896888067,0.25946214143017515,0.027914653808049524,-0.025317253386754758,-4.64992965658471e-05,0.9992896510129298
lateral,21,102552.731171375,287.619,velodyne_base_link,0.19566740871209257,-0.004759749086691755,0.2897929946790326,0.027914653808049524,-0.025317253386754758,-4.64992965658471e-05,0.9992896510129298
lateral,21,102552.731171375,287.619,gps_frame,-0.0035701937491495273,-0.0039006006863415497,0.269702209987482,0.027914653808049524,-0.025317253386754758,-4.64992965658471e-05,0.9992896510129298
lateral,22,102552.824225385,287.714,trunk,-2.9030532549520384e-05,2.020880375708187e-06,0.18933028312899983,0.0062154559552101305,-0.0006430099237063105,-0.0006481286529305602,0.9999802670926843
lateral,22,102552.824225385,287.714,imu_link,-2.9030532549520384e-05,2.020880375708187e-06,0.18933028312899983,0.0062154559552101305,-0.0006430099237063105,-0.0006481286529305602,0.9999802670926843
lateral,22,102552.824225385,287.714,rf_hip_link,0.19329908697181178,-0.0467920630111004,0.1873072845955802,-0.03253050567343008,0.0015637672110466456,-0.0007251691173709037,0.9994692566369873
lateral,22,102552.824225385,287.714,rf_upper_leg_link,0.19317036937860788,-0.1420898399142034,0.19351753009053527,-0.028307398493127533,0.4747303352334777,-0.016045275322322645,0.8795296181138484
lateral,22,102552.824225385,287.714,rf_lower_leg_link,0.015105099843738102,-0.1494511269235125,0.07686603529067966,-0.027704670811007068,-0.5416953445620171,0.017064902134837658,0.8399448755782845
lateral,22,102552.824225385,287.714,rf_foot_link,0.20913404452138118,-0.15542638109181026,-0.010804170394629248,-0.027704670811007068,-0.5416953445620171,0.017064902134837658,0.8399448755782845
lateral,22,102552.824225385,287.714,lf_hip_link,0.1934461657006578,0.04620333124221911,0.1882210764302926,0.03991323613504351,0.0015071638171909932,-0.0008364779538537603,0.9992016625001627
lateral,22,102552.824225385,287.714,lf_upper_leg_link,0.1936172951966236,0.14139892191441855,0.1958381776680775,0.035198867230547284,0.49111997066461893,0.018836291031552106,0.8701766535021752
lateral,22,102552.824225385,287.714,lf_lower_leg_link,0.011279007872507376,0.1505061006310455,0.08611667443588769,0.03357417188170977,-0.5216020272970139,-0.021599562416781393,0.8522543980558306
lateral,22,102552.824225385,287.714,lf_foot_link,0.20096096460017127,0.15789607603447534,-0.010501872207607982,0.03357417188170977,-0.5216020272970139,-0.021599562416781393,0.8522543980558306
lateral,22,102552.824225385,287.714,rh_hip_link,-0.19349861447836375,-0.04619201678520352,0.18849812353835846,0.03008599657847865,0.001515316172423934,-0.0008216173298583581,0.9995458276496084
lateral,22,102552.824225385,287.714,rh_upper_leg_link,-0.19366417976685596,-0.14151900091637853,0.18275454585629025,0.026366168538609857,0.5070623090926705,0.014514386027337579,0.8613837544628133
lateral,22,102552.824225385,287.714,rh_lower_leg_link,-0.37989345551910714,-0.13497918048541235,0.07958048127839985,0.024707886358131467,-0.5468806237187283,-0.017186116398727604,0.8366694336211034
lateral,22,102552.824225385,287.714,rh_foot_link,-0.18479272550048204,-0.13017663573352026,-0.005752048920262431,0.024707886358131467,-0.5468806237187283,-0.017186116398727604,0.8366694336211034
lateral,22,102552.824225385,287.714,lh_hip_link,-0.19335153574951772,0.04680337746811599,0.18941191537307087,0.014575041184217246,0.0015278806801287213,-0.0007980092520907853,0.9998922926677349
lateral,22,102552.824225385,287.714,lh_upper_leg_link,-0.19319487903464191,0.14226268135705697,0.19219521552082738,0.013175062445588474,0.48048116167654886,0.006283818412629039,0.8768835638952677
lateral,22,102552.824225385,287.714,lh_lower_leg_link,-0.3727150376903451,0.14589805431639358,0.07761643607333256,0.01166729613395898,-0.5550047107258395,-0.008771707086454568,0.8317191247217051
lateral,22,102552.824225385,287.714,lh_foot_link,-0.17602641822768367,0.14795800908505213,-0.004104696812986752,0.01166729613395898,-0.5550047107258395,-0.008771707086454568,0.8317191247217051
lateral,22,102552.824225385,287.714,d435_link,0.33993924371058937,0.01654137951268899,0.23147909241435988,0.0062154559552101305,-0.0006430099237063105,-0.0006481286529305602,0.9999802670926843
lateral,22,102552.824225385,287.714,velodyne_base_link,0.19986711195038995,-0.001253210753441392,0.26957962340034314,0.0062154559552101305,-0.0006430099237063105,-0.0006481286529305602,0.9999802670926843
lateral,22,102552.824225385,287.714,gps_frame,-0.00011961412359805593,-0.0008680674370496357,0.2593248167793708,0.0062154559552101305,-0.0006430099237063105,-0.0006481286529305602,0.9999802670926843
lateral,23,102552.924940187,287.814,trunk,-2.6971248019802914e-05,1.0016891381087483e-06,0.20741264101446782,-0.023710662804741586,-0.024279232700681042,-0.0005198376010244783,0.999423860580532
lateral,23,102552.924940187,287.814,imu_link,-2.6971248019802914e-05,1.0016891381087483e-06,0.20741264101446782,-0.023710662804741586,-0.024279232700681042,-0.0005198376010244783,0.999423860580532
lateral,23,102552.924940187,287.814,rf_hip_link,0.19333667451236894,-0.04662989065554339,0.20958115667860513,-0.028493078382230985,-0.004652176883285424,-0.0004733416073036223,0.9995830519182852
lateral,23,102552.924940187,287.814,rf_upper_leg_link,0.1932209859863676,-0.1419747834580605,0.21502064494878914,-0.02412745908952954,0.5137920254879516,-0.01516394690891001,0.8574413536662523
lateral,23,102552.924940187,287.814,rf_lower_leg_link,0.005392304716973698,-0.14746880585309738,0.11472507071680602,-0.02454711382823613,-0.5259273945023931,0.014474763233876451,0.8500519373214503
lateral,23,102552.924940187,287.814,rf_foot_link,0.19599361418658798,-0.15311485953972612,0.019813201563174593,-0.02454711382823613,-0.5259273945023931,0.014474763233876451,0.8500519373214503
lateral,23,102552.924940187,287.814,lf_hip_link,0.19339382845939623,0.04636771894760148,0.2102454920813907,0.031030048058554707,-0.00467209797440893,-0.00019571036790119587,0.9995075133861941
lateral,23,102552.924940187,287.814,lf_upper_leg_link,0.19340350042406682,0.1416838046302542,0.21616948706706596,0.027205462159753065,0.48218442135039286,0.014925314527290942,0.8755200064087184
lateral,23,102552.924940187,287.814,lf_lower_leg_link,0.013389465222364486,0.14876485001115888,0.10253055920027437,0.026609895623446983,-0.512777050302684,-0.01596294584259356,0.8579608350605605
lateral,23,102552.924940187,287.814,lf_foot_link,0.20098597702609056,0.1550035416214762,0.0018447732815766449,0.026609895623446983,-0.512777050302684,-0.01596294584259356,0.8579608350605605
lateral,23,102552.924940187,287.814,rh_hip_link,-0.19344640932958013,-0.04636641068963449,0.20597329969428546,0.008561015760266178,-0.004666520059609023,-0.00030065356117406534,0.9999524199716314
lateral,23,102552.924940187,287.814,rh_upper_leg_link,-0.19349620094850017,-0.14185239484540296,0.20433795551062683,0.007625664739297971,0.4824438869182262,0.0039026427834481813,0.8758849893632282
lateral,23,102552.924940187,287.814,rh_lower_leg_link,-0.3735217216455626,-0.1398091288179964,0.09051512405009432,0.007123951951206401,-0.5297505784748003,-0.0047571726906088935,0.8481102187936441
lateral,23,102552.924940187,287.814,rh_foot_link,-0.18211107410012914,-0.13830884991464826,-0.0029124584373597107,0.007123951951206401,-0.5297505784748003,-0.0047571726906088935,0.8481102187936441
lateral,23,102552.924940187,287.814,lh_hip_link,-0.19338925538255283,0.04663119891351038,0.20663763509707103,-0.032791873465901136,-0.004650098084546392,-0.0004933455530133295,0.9994512625598938
lateral,23,102552.924940187,287.814,lh_upper_leg_link,-0.1932659533721613,0.14192576879565985,0.20037826231776132,-0.027423296499837272,0.5315806899483967,-0.01798647170293165,0.8463725064761662
lateral,23,102552.924940187,287.814,lh_lower_leg_link,-0.38513998685074496,0.1361112678908525,0.1080768709095741,-0.027996126694407868,-0.5372608020846142,0.017081195665087742,0.8427783102264549
lateral,23,102552.924940187,287.814,lh_foot_link,-0.19204698463636727,0.12996942504684372,0.01837530870289983,-0.027996126694407868,-0.5372608020846142,0.017081195665087742,0.8427783102264549
lateral,23,102552.924940187,287.814,d435_link,0.3375973380782746,0.019487388377338023,0.26449684623605874,-0.023710662804741586,-0.024279232700681042,-0.0005198376010244783,0.999423860580532
lateral,23,102552.924940187,287.814,velodyne_base_link,0.19585666119794184,0.0038169968746424514,0.29693940081576753,-0.023710662804741586,-0.024279232700681042,-0.0005198376010244783,0.999423860580532
lateral,23,102552.924940187,287.814,gps_frame,-0.003422379877720531,0.0033203489672828943,0.2772514062805035,-0.023710662804741586,-0.024279232700681042,-0.0005198376010244783,0.999423860580532
lateral,24,102553.029856506,287.91400000000004,trunk,-2.89974739073442e-05,6.19398085841901e-06,0.19048076468644662,-0.029030897187858975,-0.021642607866495238,0.0005093047392178753,0.9993440574406233
lateral,24,102553.029856506,287.91400000000004,imu_link,-2.89974739073442e-05,6.19398085841901e-06,0.19048076468644662,-0.029030897187858975,-0.021642607866495238,0.0005093047392178753,0.9993440574406233
lateral,24,102553.029856506,287.91400000000004,rf_hip_link,0.1931258920901286,-0.04595842220518432,0.20600129079479945,0.006849199496463601,-0.023398579915666063,0.001296957336172645,0.9997019119846955
lateral,24,102553.029856506,287.91400000000004,rf_upper_leg_link,0.19340414705379613,-0.14144914082145815,0.20469927991818984,0.005104360854697594,0.512966019332476,0.00474753960902279,0.8583806086918084
lateral,24,102553.029856506,287.91400000000004,rf_lower_leg_link,0.005817467982759522,-0.14062007756348147,0.10380552149273434,0.006477460576368944,-0.5555698208214257,-0.002576069982705327,0.831440665688403
lateral,24,102553.029856506,287.91400000000004,rf_foot_link,0.20260391993287225,-0.13893548723326624,0.02231162917984189,0.006477460576368944,-0.5555698208214257,-0.002576069982705327,0.831440665688403
lateral,24,102553.029856506,287.91400000000004,lf_hip_link,0.19319381814722075,0.046850603523215045,0.20004477088833816,-0.029894246003699162,-0.023430437038087358,0.0004361887273732654,0.9992783187958542
lateral,24,102553.029856506,287.91400000000004,lf_upper_leg_link,0.19324434935754983,0.14217987698811058,0.19433713852001308,-0.02617847543238783,0.47503638350255895,-0.014441039739971524,0.879458116196601
lateral,24,102553.029856506,287.91400000000004,lf_lower_leg_link,0.01511132158046132,0.13529450144117003,0.07776005664478088,-0.02459333770724865,-0.5756369444748339,0.017000704254612274,0.8171586455217502
lateral,24,102553.029856506,287.91400000000004,lf_foot_link,0.21567417060652144,0.13090226035765704,0.006176177113044717,-0.02459333770724865,-0.5756369444748339,0.017000704254612274,0.8171586455217502
lateral,24,102553.029856506,287.91400000000004,rh_hip_link,-0.1932492656344566,-0.04683747099221505,0.18789867312409025,-0.07588824306418292,-0.023425661250120584,-0.0006434558230851542,0.9968409095358346
lateral,24,102553.029856506,287.91400000000004,rh_upper_leg_link,-0.19371132430875498,-0.14123741805329898,0.20234465860954803,-0.0664166165605506,0.4542975173151533,-0.0367188305289475,0.8876115852615508
lateral,24,102553.029856506,287.91400000000004,rh_lower_leg_link,-0.3665303567939874,-0.15924481496318987,0.07914435151821891,-0.06340234101031572,-0.5743479553974743,0.04170830403140851,0.8150858768620495
lateral,24,102553.029856506,287.91400000000004,rh_foot_link,-0.16597496232322254,-0.17105492950569862,0.008383805002743938,-0.06340234101031572,-0.5743479553974743,0.04170830403140851,0.8150858768620495
lateral,24,102553.029856506,287.91400000000004,lh_hip_link,-0.19318133957736444,0.04597155473618431,0.18194215321762897,-0.008013457108220786,-0.023415275135702462,0.0009489629713624853,0.9996932573868712
lateral,24,102553.029856506,287.91400000000004,lh_upper_leg_link,-0.1933266971823362,0.14145911757530494,0.18040780833734257,-0.007360045419161422,0.494174062385739,-0.0033084372404796,0.8693255316851274
lateral,24,102553.029856506,287.91400000000004,lh_lower_leg_link,-0.3763458735672693,0.13942993834524464,0.07146349454798949,-0.006109257489249781,-0.5789822797135518,0.005271906531451099,0.8153001924151325
lateral,24,102553.029856506,287.91400000000004,lh_foot_link,-0.17524125411258426,0.138608381010495,0.0012833187322217332,-0.006109257489249781,-0.5789822797135518,0.005271906531451099,0.8153001924151325
lateral,24,102553.029856506,287.91400000000004,d435_link,0.33786010377290215,0.020657103187619996,0.24555340042832338,-0.029030897187858975,-0.021642607866495238,0.0005093047392178753,0.9993440574406233
lateral,24,102553.029856506,287.91400000000004,velodyne_base_link,0.19632062623827318,0.005101237080879841,0.2789164238059107,-0.029030897187858975,-0.021642607866495238,0.0005093047392178753,0.9993440574406233
lateral,24,102553.029856506,287.91400000000004,gps_frame,-0.0030590450724463166,0.004066310447432577,0.26029719732109535,-0.029030897187858975,-0.021642607866495238,0.0005093047392178753,0.9993440574406233
lateral,25,102553.128539891,288.004,trunk,-2.8132108802035294e-05,1.1581318325248386e-05,0.20085561573165225,-0.006001699893319177,-0.007706628136395334,0.00030728666083731395,0.9999522453877815
lateral,25,102553.128539891,288.004,imu_link,-2.8132108802035294e-05,1.1581318325248386e-05,0.20085561573165225,-0.006001699893319177,-0.007706628136395334,0.00030728666083731395,0.9999522453877815
lateral,25,102553.128539891,288.004,rf_hip_link,0.19333772813589667,-0.046233093079593675,0.19412743802856372,-0.0017961264553389247,-0.012099664016652674,0.0005831229378552909,0.99992501320253
lateral,25,102553.128539891,288.004,rf_upper_leg_link,0.19344494535267295,-0.14173241195399627,0.19447182007455227,-0.001852930404235357,0.4758915587596477,-0.00036435082171111635,0.8795019375753009
lateral,25,102553.128539891,288.004,rf_lower_leg_link,0.015143402302890298,-0.1423527805884975,0.07795068512975431,-0.0012357487558070058,-0.52745802455212,0.001427945242907725,0.84957899352148
lateral,25,102553.128539891,288.004,rf_foot_link,0.2060421057623801,-0.14247916840156952,-0.016530366111256134,-0.0012357487558070058,-0.52745802455212,0.001427945242907725,0.84957899352148
lateral,25,102553.128539891,288.004,lf_hip_link,0.1932960852310783,0.0467208401250917,0.19120090977013807,-0.059908731691707365,-0.01211310189916803,-0.00012109523898379061,0.9981303531931159
lateral,25,102553.128539891,288.004,lf_upper_leg_link,0.1934577761674884,0.14153532760287124,0.17978001574352728,-0.05152288162203945,0.4971382147377241,-0.03056899518020171,0.8656006727414337
lateral,25,102553.128539891,288.004,lf_lower_leg_link,0.009469153258616057,0.12901040562362154,0.07319524680579188,-0.05114893202324722,-0.5317125222211007,0.031190664466264915,0.8448033634617642
lateral,25,102553.128539891,288.004,lf_foot_link,0.20150479710101887,0.1176675920522011,-0.018252290472791005,-0.05114893202324722,-0.5317125222211007,0.031190664466264915,0.8448033634617642
lateral,25,102553.128539891,288.004,rh_hip_link,-0.19334875232896634,-0.04670097544009087,0.1847686500838652,-0.06048265160998521,-0.012113030266333591,-0.0001280603116463609,0.9980957403739126
lateral,25,102553.128539891,288.004,rh_upper_leg_link,-0.19351309725541743,-0.1415022654389542,0.19629854190020798,-0.05280149470679007,0.4743576847607006,-0.029498638984656315,0.8782520249696265
lateral,25,102553.128539891,288.004,rh_lower_leg_link,-0.3716506074331064,-0.1552961938135154,0.08034270975843427,-0.05173977723701337,-0.5290606732821528,0.031323521460437674,0.8464258009069767
lateral,25,102553.128539891,288.004,rh_foot_link,-0.1801928838000769,-0.1668926972416418,-0.012277272802025674,-0.05173977723701337,-0.5290606732821528,0.031323521460437674,0.8464258009069767
lateral,25,102553.128539891,288.004,lh_hip_link,-0.1933903952337847,0.0462529577645945,0.18184212182543955,0.021443549860287767,-0.012082843491225457,0.0008641729242941632,0.9996966701293512
lateral,25,102553.128539891,288.004,lh_upper_leg_link,-0.19360489011545767,0.14166498839313282,0.1859346031368933,0.018583549290715855,0.4540634816474174,0.01073425922983345,0.8907108296236056
lateral,25,102553.128539891,288.004,lh_lower_leg_link,-0.3659809938135997,0.1466400436587144,0.060911694440319686,0.018592198075202456,-0.5440115306320559,-0.010719272185468979,0.8388032438622982
lateral,25,102553.128539891,288.004,lh_foot_link,-0.17150435502682368,0.15079941751163245,-0.025866969846182974,0.018592198075202456,-0.5440115306320559,-0.010719272185468979,0.8388032438622982
lateral,25,102553.128539891,288.004,d435_link,0.33928250871212545,0.018248634947954673,0.24737656693217663,-0.006001699893319177,-0.007706628136395334,0.00030728666083731395,0.9999522453877815
lateral,25,102553.128539891,288.004,velodyne_base_link,0.19871477657799985,0.0011128384830943483,0.2839221160754526,-0.006001699893319177,-0.007706628136395334,0.00030728666083731395,0.9999522453877815
lateral,25,102553.128539891,288.004,gps_frame,-0.0011072667180367782,0.0008514476379870967,0.27084225797901434,-0.006001699893319177,-0.007706628136395334,0.00030728666083731395,0.9999522453877815
lateral,26,102553.229966879,288.10900000000004,trunk,-2.9396572629250686e-05,1.6729556021276445e-06,0.19939194088939438,0.03680319874206842,-0.02880794335035908,-0.0003398393770225669,0.9989071585845565
lateral,26,102553.229966879,288.10900000000004,imu_link,-2.9396572629250686e-05,1.6729556021276445e-06,0.19939194088939438,0.03680319874206842,-0.02880794335035908,-0.0003398393770225669,0.9989071585845565
lateral,26,102553.229966879,288.10900000000004,rf_hip_link,0.1931135452003521,-0.04672670782949917,0.21359975412908777,0.02010863173721131,-0.030565800554149102,-0.00023103236894031736,0.9993304365374777
lateral,26,102553.229966879,288.10900000000004,rf_upper_leg_link,0.19318684312140902,-0.14214946543425622,0.2097602283095948,0.017605641158597914,0.46638234016800056,0.0097186339417103,0.8843546247592767
lateral,26,102553.229966879,288.10900000000004,rf_lower_leg_link,0.01741136969766773,-0.1374476902540346,0.08955259022941993,0.01687257683264115,-0.5599086055392861,-0.010941964966353232,0.8283102939096881
lateral,26,102553.229966879,288.10900000000004,rf_foot_link,0.2150594717020261,-0.13410391881544304,0.010223862982342374,0.01687257683264115,-0.5599086055392861,-0.010941964966353232,0.8283102939096881
lateral,26,102553.229966879,288.10900000000004,lf_hip_link,0.19290361235081555,0.04607931521610074,0.2195995886816626,0.02681146422215063,-0.030566662617026365,-2.599862309785878e-05,0.9991730700167978
lateral,26,102553.229966879,288.10900000000004,lf_upper_leg_link,0.19275204241811136,0.1414420138557749,0.2247164954342024,0.022740279340439314,0.5042225717306342,0.014203344154911387,0.8631574264684754
lateral,26,102553.229966879,288.10900000000004,lf_lower_leg_link,0.00720925667942313,0.1467528682172245,0.12024319986888225,0.022669660796490028,-0.5585420859770878,-0.014315787405383956,0.8290427509499734
lateral,26,102553.229966879,288.10900000000004,lf_foot_link,0.2046090521287733,0.15135287934617178,0.04036103255872284,0.022669660796490028,-0.5585420859770878,-0.014315787405383956,0.8290427509499734
lateral,26,102553.229966879,288.10900000000004,rh_hip_link,-0.19296366365671286,-0.04607261811771348,0.18997347706757686,0.02746223535918067,-0.030566673066960644,-6.090079000789703e-06,0.9991553953663092
lateral,26,102553.229966879,288.10900000000004,rh_upper_leg_link,-0.19280449490790041,-0.14142857080578322,0.18473258475232973,0.023354052859774196,0.49988039175032933,0.014448620108334514,0.8656589510514664
lateral,26,102553.229966879,288.10900000000004,rh_lower_leg_link,-0.37728949027721953,-0.1358930999586725,0.07841398315278311,0.022949416805505937,-0.574127473518938,-0.015083059248682196,0.8183052424020936
lateral,26,102553.229966879,288.10900000000004,rh_foot_link,-0.17700232336798652,-0.13158196744167042,0.006057470606268545,0.022949416805505937,-0.574127473518938,-0.015083059248682196,0.8183052424020936
lateral,26,102553.229966879,288.10900000000004,lh_hip_link,-0.1931735965062494,0.04673340492788643,0.1959733116201517,0.04850703258317674,-0.03056001650974695,0.0006379109620581663,0.9983550201458914
lateral,26,102553.229966879,288.10900000000004,lh_upper_leg_link,-0.1935783708358893,0.1417839171520661,0.20521919090030383,0.04186218169206099,0.46653400999224376,0.02451319816755369,0.8831719415720453
lateral,26,102553.229966879,288.10900000000004,lh_lower_leg_link,-0.369540194191418,0.15266193946465537,0.08568632783761065,0.04156181793275599,-0.5520652084639021,-0.02501908132896422,0.8323885309537172
lateral,26,102553.229966879,288.10900000000004,lh_foot_link,-0.17333627239909108,0.16151567477580786,0.003256767336837857,0.04156181793275599,-0.5520652084639021,-0.02501908132896422,0.8323885309537172
lateral,26,102553.229966879,288.10900000000004,d435_link,0.33699148370377163,0.013451956751934701,0.2615571733229502,0.03680319874206842,-0.02880794335035908,-0.0003398393770225669,0.9989071585845565
lateral,26,102553.229966879,288.10900000000004,velodyne_base_link,0.1950323633089541,-0.0064387142021765115,0.2905480226676139,0.03680319874206842,-0.02880794335035908,-0.0003398393770225669,0.9989071585845565
lateral,26,102553.229966879,288.10900000000004,gps_frame,-0.004059852094435951,-0.005143773449621587,0.2690861286641128,0.03680319874206842,-0.02880794335035908,-0.0003398393770225669,0.9989071585845565
lateral,27,102553.332804421,288.214,trunk,-3.0033581064016898e-05,-2.2293274975502277e-07,0.18701266766207306,0.01874360577729118,-0.008286324346865858,-0.0009459187474017026,0.9997895375072733
lateral,27,102553.332804421,288.214,imu_link,-3.0033581064016898e-05,-2.2293274975502277e-07,0.18701266766207306,0.01874360577729118,-0.008286324346865858,-0.0009459187474017026,0.9997895375072733
lateral,27,102553.332804421,288.214,rf_hip_link,0.1932464569801284,-0.046972124342286946,0.18833004621308203,-0.01113568197924785,-0.011436806406421444,-0.0015136987109541644,0.9998714441178383
lateral,27,102553.332804421,288.214,rf_upper_leg_link,0.1929330525759079,-0.14244800205517325,0.19045338147474014,-0.00916694581517669,0.4531347039715933,-0.006500907732932702,0.8913712163625467
lateral,27,102553.332804421,288.214,rf_lower_leg_link,0.02084148081740769,-0.14467400743462389,0.06496021102415492,-0.010038831694485472,-0.5750703278859791,0.00505139140636355,0.81802678641239
lateral,27,102553.332804421,288.214,rf_foot_link,0.22126325245843878,-0.1469348439277076,-0.007116151749100352,-0.010038831694485472,-0.5750703278859791,0.00505139140636355,0.81802678641239
lateral,27,102553.332804421,288.214,lf_hip_link,0.19339603044596065,0.045908235536765575,0.1930434713494357,0.05963383202289938,-0.011515241350444315,-0.0007007433242809312,0.9981536526275396
lateral,27,102553.332804421,288.214,lf_upper_leg_link,0.19339846599015598,0.1407289087088437,0.20441404447756226,0.052426399035215884,0.47601775605130425,0.028428113675413293,0.877411198333449
lateral,27,102553.332804421,288.214,lf_lower_leg_link,0.01483899260331509,0.15455994558809819,0.08911349425051959,0.050275072203431005,-0.5367684792633921,-0.03207962091237525,0.8416192219206519
lateral,27,102553.332804421,288.214,lf_foot_link,0.20797353700733878,0.16524962229829968,-7.046489955178648e-05,0.050275072203431005,-0.5367684792633921,-0.03207962091237525,0.8416192219206519
lateral,27,102553.332804421,288.214,rh_hip_link,-0.1934505831843878,-0.04589980065401716,0.17947063032318392,0.05448608349352799,-0.01151147489223297,-0.0007601120779179828,0.9984478829067498
lateral,27,102553.332804421,288.214,rh_upper_leg_link,-0.19347574115294353,-0.14083266224063373,0.169078269761073,0.047523257068842056,0.4906642328280405,0.026661791057681315,0.8696432024447933
lateral,27,102553.332804421,288.214,rh_lower_leg_link,-0.37579090573547463,-0.128799742609974,0.05960046557955545,0.044384973542133235,-0.5772862070051203,-0.03161147241902588,0.8147216237076359
lateral,27,102553.332804421,288.214,rh_foot_link,-0.17483365723526575,-0.12116900453098986,-0.010591813993024696,0.044384973542133235,-0.5772862070051203,-0.03161147241902588,0.8147216237076359
lateral,27,102553.332804421,288.214,lh_hip_link,-0.19330100971855554,0.04698055922503536,0.1841840554595376,0.03518656666388588,-0.011494641580724137,-0.0009823642380474638,0.9993141716706726
lateral,27,102553.332804421,288.214,lh_upper_leg_link,-0.19319075811383551,0.1422438988580355,0.19090223724863215,0.03138024874969767,0.4673425268888185,0.015948025002970666,0.8833752900370746
lateral,27,102553.332804421,288.214,lh_lower_leg_link,-0.36927329702927403,0.15087778826976572,0.07136397792251062,0.028670782322971006,-0.566363022026704,-0.020421698119331144,0.8234038303090963
lateral,27,102553.332804421,288.214,lh_foot_link,-0.17036069625047157,0.1560074831684739,-0.0046390712377626375,0.028670782322971006,-0.566363022026704,-0.020421698119331144,0.8234038303090963
lateral,27,102553.332804421,288.214,d435_link,0.339261239410535,0.01518400418539007,0.2347554296115561,0.01874360577729118,-0.008286324346865858,-0.0009459187474017026,0.9997895375072733
lateral,27,102553.332804421,288.214,velodyne_base_link,0.19861377359523485,-0.0034377286801835836,0.27025221009679434,0.01874360577729118,-0.008286324346865858,-0.0009459187474017026,0.9997895375072733
lateral,27,102553.332804421,288.214,gps_frame,-0.0011923570250921855,-0.0026226781193947344,0.25695386963205286,0.01874360577729118,-0.008286324346865858,-0.0009459187474017026,0.9997895375072733
lateral,28,102553.433444442,288.309,trunk,-3.01142004382224e-05,1.9925133613028554e-06,0.21285851382448492,-0.0014014779944178713,-0.00287773191817673,-0.00035688976039508554,0.9999948135606189
lateral,28,102553.433444442,288.309,imu_link,-3.01142004382224e-05,1.9925133613028554e-06,0.21285851382448492,-0.0014014779944178713,-0.00287773191817673,-0.00035688976039508554,0.9999948135606189
lateral,28,102553.433444442,288.309,rf_hip_link,0.19323833452713748,-0.046718247934114346,0.21058005268019664,-0.03919098164176295,-0.012859022054084537,-0.0010739222076335073,0.9991484170036299
lateral,28,102553.433444442,288.309,rf_upper_leg_link,0.19293713414127753,-0.14192466444108234,0.21805651803685383,-0.032980244133031585,0.5060180942436667,-0.02119881713395075,0.8616313608191467
lateral,28,102553.433444442,288.309,rf_lower_leg_link,0.006902848384627074,-0.14946053099278223,0.11459901353221232,-0.033959905640484435,-0.5337524531822289,0.019591098995269285,0.8447314557721877
lateral,28,102553.433444442,288.309,rf_foot_link,0.1992600806188452,-0.15722659763279503,0.023454164988073567,-0.033959905640484435,-0.5337524531822289,0.019591098995269285,0.8447314557721877
lateral,28,102553.433444442,288.309,lf_hip_link,0.19337740537484388,0.04627273587077219,0.20929257829262551,0.014720663566713933,-0.012898214013095046,-0.0003792523801895624,0.9998083787941868
lateral,28,102553.433444442,288.309,lf_upper_leg_link,0.1934135634775578,0.1417313190930437,0.21210462057329665,0.013034666462758186,0.47655165154999723,0.006851221673315309,0.8790231405581754
lateral,28,102553.433444442,288.309,lf_lower_leg_link,0.014924150316243594,0.14522145719532445,0.09592222808047224,0.012620451310586612,-0.5041257649949701,-0.007587224586722808,0.8635047025349799
lateral,28,102553.433444442,288.309,lf_foot_link,0.20040911828897337,0.1482345141527102,-0.008745093199509946,0.012620451310586612,-0.5041257649949701,-0.007587224586722808,0.8635047025349799
lateral,28,102553.433444442,288.309,rh_hip_link,-0.19343285507197355,-0.04627803087230214,0.20060822521744479,0.005950577476776714,-0.012894391349522907,-0.0004923706132881431,0.9998990363384682
lateral,28,102553.433444442,288.309,rh_upper_leg_link,-0.1935122331109319,-0.14177122137828674,0.1994705670461687,0.005437332837506053,0.47558109517951874,0.002467227744277054,0.8796516186006376
lateral,28,102553.433444442,288.309,rh_lower_leg_link,-0.3717332077040285,-0.1402335352890797,0.08283472462807717,0.004866855459766138,-0.5211805723157936,-0.003459121140072517,0.8534255440514151
lateral,28,102553.433444442,288.309,rh_foot_link,-0.18224600143440606,-0.1392321490029885,-0.014441150519050566,0.004866855459766138,-0.5211805723157936,-0.003459121140072517,0.8534255440514151
lateral,28,102553.433444442,288.309,lh_hip_link,-0.19329378422426716,0.0467129529325844,0.19932075082987366,-0.03922457591945856,-0.012858985938401997,-0.0010743545650578612,0.9991470987231276
lateral,28,102553.433444442,288.309,lh_upper_leg_link,-0.1929924193595458,0.14191886610816998,0.1918378853612732,-0.03264774490461612,0.5204184933943873,-0.021768012000087246,0.8530093024928411
lateral,28,102553.433444442,288.309,lh_lower_leg_link,-0.38240586118907544,0.13488119526166606,0.0946678321383398,-0.0337450248523868,-0.5441007938313538,0.02002485684105197,0.8381017865142025
lateral,28,102553.433444442,288.309,lh_foot_link,-0.1878569492780411,0.12747466336430513,0.008268386772723846,-0.0337450248523868,-0.5441007938313538,0.02002485684105197,0.8381017865142025
lateral,28,102553.433444442,288.309,d435_link,0.3397379911143921,0.01737838533907403,0.2562658355932467,-0.0014014779944178713,-0.00287773191817673,-0.00035688976039508554,0.9999948135606189
lateral,28,102553.433444442,288.309,velodyne_base_link,0.1995061676238683,8.525022218769027e-05,0.29400816141389113,-0.0014014779944178713,-0.00287773191817673,-0.00035688976039508554,0.9999948135606189
lateral,28,102553.433444442,288.309,gps_frame,-0.00043292455521707604,0.00019834219959217843,0.2828570794570663,-0.0014014779944178713,-0.00287773191817673,-0.00035688976039508554,0.9999948135606189
lateral,29,102553.527744014,288.399,trunk,-2.957537239125182e-05,7.505726667035996e-06,0.1969585078938003,-0.03994827336764304,-0.0293454184442411,7.242972253647143e-05,0.9987707327636367
lateral,29,102553.527744014,288.399,imu_link,-2.957537239125182e-05,7.505726667035996e-06,0.1969585078938003,-0.03994827336764304,-0.0293454184442411,7.242972253647143e-05,0.9987707327636367
lateral,29,102553.527744014,288.399,rf_hip_link,0.19277571191593096,-0.04596058575069638,0.21896701685089714,-0.010443915742554512,-0.03327051504978565,0.0006170479150115385,0.9993916232909675
lateral,29,102553.527744014,288.399,rf_upper_leg_link,0.19282712874568514,-0.1414396796309805,0.22096451231009417,-0.009148773992939747,0.5074005068443977,-0.005075042718352964,0.8616468357336904
lateral,29,102553.527744014,288.399,rf_lower_leg_link,0.006560131847927304,-0.14370085905247654,0.11767611540940408,-0.008479423971294238,-0.564675510287349,0.006128253689432146,0.8252466976350497
lateral,29,102553.527744014,288.399,rf_foot_link,0.20509682018062309,-0.1452076814809632,0.040540437075347574,-0.008479423971294238,-0.564675510287349,0.006128253689432146,0.8252466976350497
lateral,29,102553.527744014,288.399,lf_hip_link,0.19310748156091684,0.046722252335296546,0.21130011048468392,-0.03304429183801682,-0.0332759603486858,-0.00013558274272054978,0.9988997781845367
lateral,29,102553.527744014,288.399,lf_upper_leg_link,0.19334336925718393,0.14201369110659706,0.20499645647369766,-0.028519670535439103,0.4722044885962494,-0.016690476275593703,0.8808694439834989
lateral,29,102553.527744014,288.399,lf_lower_leg_link,0.015945675059664387,0.134669115200059,0.08733118845396114,-0.027814329039975945,-0.5706981508828273,0.017841152031528133,0.8204947757135115
lateral,29,102553.527744014,288.399,lf_foot_link,0.2156336398179019,0.12928464594372835,0.013407415406716694,-0.027814329039975945,-0.5706981508828273,0.017841152031528133,0.8204947757135115
lateral,29,102553.527744014,288.399,rh_hip_link,-0.1931676746773059,-0.04670644984925909,0.19324959023605662,-0.0775970209673029,-0.03323674489076664,-0.0016207124586213892,0.9964293223391173
lateral,29,102553.527744014,288.399,rh_upper_leg_link,-0.1939687282584476,-0.14105588029423122,0.2080074114800446,-0.06739133141493305,0.4469159832381079,-0.03850107559531599,0.8912026590817835
lateral,29,102553.527744014,288.399,rh_lower_leg_link,-0.3647467399519621,-0.15931108265470584,0.082028769207682,-0.06597097657504389,-0.5703703340116515,0.04088709602806961,0.8177125153179224
lateral,29,102553.527744014,288.399,rh_foot_link,-0.16491170671960625,-0.17235712245559723,0.009470100955454752,-0.06597097657504389,-0.5703703340116515,0.04088709602806961,0.8177125153179224
lateral,29,102553.527744014,288.399,lh_hip_link,-0.19283590503232,0.045976388236733834,0.1855826838698434,-0.026924957155860487,-0.033276166571915886,6.825016879959914e-05,0.9990834493486256
lateral,29,102553.527744014,288.399,lh_upper_leg_link,-0.19267780062898734,0.14133792126333114,0.1804442967868335,-0.023051939764080074,0.48997060675698717,-0.013912801624535872,0.8713230437319212
lateral,29,102553.527744014,288.399,lh_lower_leg_link,-0.3746834879570318,0.1356854028930282,0.06994099902464243,-0.022169628139630818,-0.5923254489417741,0.015279579970697923,0.8052487842648354
lateral,29,102553.527744014,288.399,lh_foot_link,-0.17135024150816056,0.13193592894345327,0.0066122351517858835,-0.022169628139630818,-0.5923254489417741,0.015279579970697923,0.8052487842648354
lateral,29,102553.527744014,288.399,d435_link,0.33727630048715407,0.021862374576316315,0.2496393336051943,-0.04136051945004996,-0.026894671396725862,0.00034175090524106265,0.99878219211578
lateral,29,102553.527744014,288.399,velodyne_base_link,0.19538242108075748,0.00719538730405061,0.2818807118536216,-0.04136051945004996,-0.026894671396725862,0.00034175090524106265,0.99878219211578
lateral,29,102553.527744014,288.399,gps_frame,-0.0037906817849785064,0.005787883204868686,0.26119027862843913,-0.04136051945004996,-0.026894671396725862,0.00034175090524106265,0.99878219211578
lateral,30,102553.630857776,288.504,trunk,-2.85451696507811e-05,9.971865856502321e-06,0.19203547367735221,-0.019450053844464375,-0.009457972040403377,0.0006123670089963431,0.999765906188532
lateral,30,102553.630857776,288.504,imu_link,-2.85451696507811e-05,9.971865856502321e-06,0.19203547367735221,-0.019450053844464375,-0.009457972040403377,0.0006123670089963431,0.999765906188532
lateral,30,102553.630857776,288.504,rf_hip_link,0.19331377965299465,-0.046058025578009795,0.196953216364435,-0.010860192661281177,-0.014898280543582953,0.0008264387586849793,0.9998296927233071
lateral,30,102553.630857776,288.504,rf_upper_leg_link,0.19344069911730163,-0.14153536786194837,0.19902951158554844,-0.009867846480761585,0.4777272507030794,-0.004610031615306284,0.8784406907412788
lateral,30,102553.630857776,288.504,rf_lower_leg_link,0.014648266019560359,-0.144289875405616,0.08329412998086551,-0.008839851321560208,-0.5335432759715543,0.006362689232919713,0.8457026344288398
lateral,30,102553.630857776,288.504,rf_foot_link,0.2068915009204066,-0.14602843060575404,-0.008403831068844236,-0.008839851321560208,-0.5335432759715543,0.006362689232919713,0.8457026344288398
lateral,30,102553.630857776,288.504,lf_hip_link,0.19325872912378814,0.046841662184814156,0.19263523269042174,-0.061639527518818536,-0.01492102780279728,6.850901626619066e-05,0.9979869372306832
lateral,30,102553.630857776,288.504,lf_upper_leg_link,0.19342133773789194,0.14161596989998443,0.18088558777881614,-0.053615898464946,0.4803536632486394,-0.03041005554130243,0.8749062362089919
lateral,30,102553.630857776,288.504,lf_lower_leg_link,0.013694119704658848,0.12785561509970658,0.06740528229013172,-0.0517504462580948,-0.5537696160500758,0.03348622639708063,0.830385317966017
lateral,30,102553.630857776,288.504,lf_foot_link,0.2103251062823862,0.11744879462835607,-0.013816347865551942,-0.0517504462580948,-0.5537696160500758,0.03348622639708063,0.830385317966017
lateral,30,102553.630857776,288.504,rh_hip_link,-0.1933139846782377,-0.04682241680388097,0.18543681265986148,-0.07361464085231433,-0.014920775147102898,-0.00011060373753015545,0.9971751315029911
lateral,30,102553.630857776,288.504,rh_upper_leg_link,-0.1935448423290775,-0.14128736343590956,0.19945717508574168,-0.06439278398751233,0.46887356085246207,-0.0356748784348252,0.8801922837383491
lateral,30,102553.630857776,288.504,rh_lower_leg_link,-0.37033317882126987,-0.15830649979176661,0.08187642377829299,-0.06301512071560729,-0.5295375461935343,0.03805551395263793,0.8450863030426706
lateral,30,102553.630857776,288.504,rh_foot_link,-0.1786745008039738,-0.17240769275127402,-0.009977305039763934,-0.06301512071560729,-0.5295375461935343,0.03805551395263793,0.8450863030426706
lateral,30,102553.630857776,288.504,lh_hip_link,-0.19336903520744422,0.046077270958942984,0.18111882898584822,0.012485030937276629,-0.01487492562211047,0.0011740323308327722,0.9998107232063067
lateral,30,102553.630857776,288.504,lh_upper_leg_link,-0.19362870429532902,0.14154723537820402,0.18349968298175526,0.010554602620651814,0.4455220204469045,0.006771610808273384,0.8951831516217725
lateral,30,102553.630857776,288.504,lh_lower_leg_link,-0.3635580927411113,0.1442870120802757,0.055103824146412905,0.011040132228878037,-0.5668718242504095,-0.005947253970319719,0.8237105562766537
lateral,30,102553.630857776,288.504,lh_foot_link,-0.16461440400848407,0.14672481529270492,-0.020951851703275765,0.011040132228878037,-0.5668718242504095,-0.005947253970319719,0.8237105562766537
lateral,30,102553.630857776,288.504,d435_link,0.33910956584886615,0.019651617495443325,0.23923767078462482,-0.019450053844464375,-0.009457972040403377,0.0006123670089963431,0.999765906188532
lateral,30,102553.630857776,288.504,velodyne_base_link,0.19842069656952455,0.00343879798825063,0.2757381713911579,-0.019450053844464375,-0.009457972040403377,0.0006123670089963431,0.999765906188532
lateral,30,102553.630857776,288.504,gps_frame,-0.0013540187679075939,0.0027315311198612986,0.26196998758119844,-0.019450053844464375,-0.009457972040403377,0.0006123670089963431,0.999765906188532
lateral,31,102553.733852494,288.60400000000004,trunk,-2.897491397194889e-05,2.2135259835226515e-06,0.20036633738359413,0.0333940839190078,-0.02656110912585852,-0.0001315723580490732,0.9990892479302983
lateral,31,102553.733852494,288.60400000000004,imu_link,-2.897491397194889e-05,2.2135259835226515e-06,0.20036633738359413,0.0333940839190078,-0.02656110912585852,-0.0001315723580490732,0.9990892479302983
lateral,31,102553.733852494,288.60400000000004,rf_hip_link,0.19320459908841653,-0.04659472411014224,0.2109688776537891,0.01642932915817572,-0.02598972143124229,-2.4077677425985966e-05,0.999527193698903
lateral,31,102553.733852494,288.60400000000004,rf_upper_leg_link,0.19328155822081847,-0.1420431687338047,0.2078322399291575,0.014264436659744825,0.4746541277506715,0.008151642969509957,0.8800190540965162
lateral,31,102553.733852494,288.60400000000004,rf_lower_leg_link,0.015289831339287746,-0.1383438848126638,0.09089524638048897,0.013982649730679107,-0.545683604044321,-0.00862606183790567,0.8378302219667648
lateral,31,102553.733852494,288.60400000000004,rf_foot_link,0.2101042450476468,-0.1353584827702223,0.004828809332628692,0.013982649730679107,-0.545683604044321,-0.00862606183790567,0.8378302219667648
lateral,31,102553.733852494,288.60400000000004,lf_hip_link,0.1930149098695498,0.046256302611588876,0.2162272856562762,0.01997579537303481,-0.02598964325822133,6.814043231163317e-05,0.9994626063037109
lateral,31,102553.733852494,288.60400000000004,lf_upper_leg_link,0.19286059419761642,0.14160210509375834,0.22100868566668141,0.020290866375755452,0.5083781740449884,0.012836209644380507,0.8607991313996374
lateral,31,102553.733852494,288.60400000000004,lf_lower_leg_link,0.006327144155733196,0.14626284812073342,0.118283082772813,0.020365947021115476,-0.5551694522484243,-0.012716750302116015,0.8313906372782119
lateral,31,102553.733852494,288.60400000000004,lf_foot_link,0.20306317700928575,0.15046836543565437,0.03675856498117089,0.020365947021115476,-0.5551694522484243,-0.012716750302116015,0.8313906372782119
lateral,31,102553.733852494,288.60400000000004,rh_hip_link,-0.19305895820758723,-0.046203021776944395,0.19033901977631704,0.02527514299371109,-0.026577448215736835,0.0001295465138791703,0.9993271684541994
lateral,31,102553.733852494,288.60400000000004,rh_upper_leg_link,-0.19290592744999013,-0.14158100149653488,0.18551537321001357,0.02140832515388886,0.50430688210581,0.013436266213393154,0.8631545163092555
lateral,31,102553.733852494,288.60400000000004,rh_lower_leg_link,-0.37846403447269494,-0.13659565512117303,0.08105324974093944,0.02130031355145564,-0.56461288610474,-0.01360684674204412,0.8249687504438117
lateral,31,102553.733852494,288.60400000000004,rh_foot_link,-0.17991488433000832,-0.1323827315100902,0.004050092323441029,0.02130031355145564,-0.56461288610474,-0.01360684674204412,0.8249687504438117
lateral,31,102553.733852494,288.60400000000004,lh_hip_link,-0.1932527649183055,0.04663172933416085,0.19587719863746073,0.048286672100664854,-0.026567412970210664,0.0007416899822116822,0.9984798544595096
lateral,31,102553.733852494,288.60400000000004,lh_upper_leg_link,-0.19363923708095784,0.14168628814810275,0.20508216946600508,0.041603346605047754,0.47064150006345173,0.0245217119681131,0.8810019441587158
lateral,31,102553.733852494,288.60400000000004,lh_lower_leg_link,-0.3707088046248123,0.1523838697655882,0.08717996423908998,0.04149182463063677,-0.5466260184455604,-0.024709943249779473,0.8359831596101485
lateral,31,102553.733852494,288.60400000000004,lh_foot_link,-0.17560276138885025,0.16140628085652486,0.0022021554245937047,0.04149182463063677,-0.5466260184455604,-0.024709943249779473,0.8359831596101485
lateral,31,102553.733852494,288.60400000000004,d435_link,0.3372619058846896,0.014001750809743963,0.2609251904597853,0.0333940839190078,-0.02656110912585852,-0.0001315723580490732,0.9990892479302983
lateral,31,102553.733852494,288.60400000000004,velodyne_base_link,0.19544221118965724,-0.005742789125001908,0.29068804212714144,0.0333940839190078,-0.02656110912585852,-0.0001315723580490732,0.9990892479302983
lateral,31,102553.733852494,288.60400000000004,gps_frame,-0.0037447586330480037,-0.0046682110412448515,0.2701114453533642,0.0333940839190078,-0.02656110912585852,-0.0001315723580490732,0.9990892479302983
lateral,32,102553.83002319,288.699,trunk,-2.6832534623258387e-05,4.1226254408895075e-06,0.18774586122123466,0.0073640558264593675,0.005065832193603249,-0.0011762869468123823,0.9999593613617455
lateral,32,102553.83002319,288.699,imu_link,-2.6832534623258387e-05,4.1226254408895075e-06,0.18774586122123466,0.0073640558264593675,0.005065832193603249,-0.0011762869468123823,0.9999593613617455
lateral,32,102553.83002319,288.699,rf_hip_link,0.1932520434373672,-0.046913792569905785,0.19226642713376577,-0.00470285413089713,-0.014536115528049018,-0.001367513605316841,0.9998823502867314
lateral,32,102553.83002319,288.699,rf_upper_leg_link,0.19297782207316716,-0.1424092110661923,0.19316076983235525,-0.0034801897035006083,0.46438917512764954,-0.0034460426673027737,0.8856176980468626
lateral,32,102553.83002319,288.699,rf_lower_leg_link,0.017771151116438903,-0.14304046326883388,0.07203594177089856,-0.004662370325932556,-0.5718225288921466,0.0014997444385916043,0.8203627298463485
lateral,32,102553.83002319,288.699,rf_foot_link,0.21761153533986013,-0.1443045105720164,-0.0016608900324477927,-0.004662370325932556,-0.5718225288921466,0.0014997444385916043,0.8203627298463485
lateral,32,102553.83002319,288.699,lf_hip_link,0.1933303603138649,0.045917350937332485,0.1978675575201605,0.06419059697043131,-0.014595789675971972,-0.0003628661465393757,0.9978308466430942
lateral,32,102553.83002319,288.699,lf_upper_leg_link,0.19322056713096275,0.14063032313478172,0.21010237844170243,0.05585419737065615,0.48401778329832407,0.0316365776805968,0.8727005334246771
lateral,32,102553.83002319,288.699,lf_lower_leg_link,0.012524311854350288,0.1548720661531112,0.0982317563606164,0.054628267980031224,-0.5316521606081787,-0.03370929766047556,0.8445267406715993
lateral,32,102553.83002319,288.699,lf_foot_link,0.20458042524033374,0.1668909797383553,0.006913658333441486,0.054628267980031224,-0.5316521606081787,-0.03370929766047556,0.8445267406715993
lateral,32,102553.83002319,288.699,rh_hip_link,-0.19338304921909838,-0.04590889275573665,0.1810176359591656,0.06012196496026141,-0.01459418898957518,-0.00042236931952608194,0.9980842552516354
lateral,32,102553.83002319,288.699,rh_upper_leg_link,-0.19329597782919355,-0.1407184604040304,0.16955516236413928,0.05158565527885603,0.5062074461023588,0.030882830763646146,0.8603134268648854
lateral,32,102553.83002319,288.699,rh_lower_leg_link,-0.3794963918350429,-0.12847236067423232,0.06684956920846845,0.04970842351138248,-0.5677711352166517,-0.033821615847531815,0.8209878859936179
lateral,32,102553.83002319,288.699,rh_foot_link,-0.18020743901731456,-0.1192677461661422,-0.007770725327071626,0.04970842351138248,-0.5677711352166517,-0.033821615847531815,0.8209878859936179
lateral,32,102553.83002319,288.699,lh_hip_link,-0.19330473234260068,0.046922250751501624,0.18661876634556032,0.052773342791946384,-0.014590684485084188,-0.0005297870914224668,0.9984997774373604
lateral,32,102553.83002319,288.699,lh_upper_leg_link,-0.19335076466069662,0.14189025723219612,0.19668482943439805,0.0464930446915735,0.4685210860013445,0.02497405011418588,0.8818745293908438
lateral,32,102553.83002319,288.699,lh_lower_leg_link,-0.3698587236310167,0.15437212659606298,0.07811778781947368,0.043804765633702704,-0.5607513318955272,-0.02943550392935197,0.826300573274395
lateral,32,102553.83002319,288.699,lh_foot_link,-0.17192269606540533,0.1627600260927834,-0.00011246293800837304,0.043804765633702704,-0.5607513318955272,-0.02943550392935197,0.826300573274395
lateral,32,102553.83002319,288.699,d435_link,0.34041697804312193,0.016116014620873562,0.226046236880383,0.0073640558264593675,0.005065832193603249,-0.0011762869468123823,0.9999593613617455
lateral,32,102553.83002319,288.699,velodyne_base_link,0.2007714631958327,-0.00163060547313853,0.2657033630782598,0.0073640558264593675,0.005065832193603249,-0.0011762869468123823,0.9999593613617455
lateral,32,102553.83002319,288.699,gps_frame,0.0006811424369039237,-0.0010276375352550784,0.25773467634487063,0.0073640558264593675,0.005065832193603249,-0.0011762869468123823,0.9999593613617455
lateral,33,102553.931919502,288.79400000000004,trunk,-2.7522521915898288e-05,-1.7683637533466664e-06,0.2059884451781599,0.015153341085286428,-0.014563753481855107,-0.00045703229050457234,0.9997790078112053
lateral,33,102553.931919502,288.79400000000004,imu_link,-2.7522521915898288e-05,-1.7683637533466664e-06,0.2059884451781599,0.015153341085286428,-0.014563753481855107,-0.00045703229050457234,0.9997790078112053
lateral,33,102553.931919502,288.79400000000004,rf_hip_link,0.19331346606364924,-0.04673966685263102,0.20382118212153819,-0.035534517349610044,-0.0035682093652151608,-0.0007563820328252087,0.9993617932685223
lateral,33,102553.931919502,288.79400000000004,rf_upper_leg_link,0.19314487152830698,-0.14199838151155464,0.21060342787146724,-0.030092616399134058,0.5106004407150319,-0.018913182579985997,0.8590831833440612
lateral,33,102553.931919502,288.79400000000004,rf_lower_leg_link,0.006038259479920326,-0.14889744355841367,0.1090528558856427,-0.03083027263055283,-0.5186538736442696,0.017685257322841073,0.8542452138096792
lateral,33,102553.931919502,288.79400000000004,rf_foot_link,0.19501306526835033,-0.15620934403177117,0.011052555433588462,-0.03083027263055283,-0.5186538736442696,0.017685257322841073,0.8542452138096792
lateral,33,102553.931919502,288.79400000000004,lf_hip_link,0.19342017793331898,0.0462492449316933,0.205253277699363,0.03345538939968098,-0.003611869650698804,-0.0005085562701912958,0.9994335559146802
lateral,33,102553.931919502,288.79400000000004,lf_upper_leg_link,0.19349417738723107,0.14153541628520475,0.21163998834492057,0.029544222619507465,0.4793198330848444,0.015705432791655895,0.8770022667599855
lateral,33,102553.931919502,288.79400000000004,lf_lower_leg_link,0.014221200210817448,0.1493663292426553,0.09688426318683578,0.02870915999172972,-0.5033364145252829,-0.017184465133762598,0.8634424891696426
lateral,33,102553.931919502,288.79400000000004,lf_foot_link,0.19957183984671428,0.15624160352134261,-0.007838566177905515,0.02870915999172972,-0.5033364145252829,-0.017184465133762598,0.8634424891696426
lateral,33,102553.931919502,288.79400000000004,rh_hip_link,-0.19347624178258885,-0.04625299145119911,0.20104178447538415,0.01952279137867351,-0.003604430964258543,-0.0005588463809350552,0.9998027587404084
lateral,33,102553.931919502,288.79400000000004,rh_upper_leg_link,-0.19356951999411567,-0.141680134177933,0.19731328207001916,0.017350684739174595,0.4810992198318648,0.00896690758146122,0.8764485660805649
lateral,33,102553.931919502,288.79400000000004,rh_lower_leg_link,-0.37326241322149156,-0.13703971169708604,0.08304197944869549,0.01637307348402,-0.523939954428309,-0.01064773014212767,0.8515312516056993
lateral,33,102553.931919502,288.79400000000004,rh_foot_link,-0.18312771561809685,-0.13347689796737944,-0.012901249210720833,0.01637307348402,-0.523939954428309,-0.01064773014212767,0.8515312516056993
lateral,33,102553.931919502,288.79400000000004,lh_hip_link,-0.1933695299129191,0.04673592033312521,0.20247388005320896,-0.03307745588283824,-0.0035700581641870794,-0.0007476072216820574,0.9994461354572668
lateral,33,102553.931919502,288.79400000000004,lh_upper_leg_link,-0.19320426112923386,0.1420268370253156,0.1961600949609542,-0.027572741034973328,0.5304316872115024,-0.01828718010129825,0.8470817836535737
lateral,33,102553.931919502,288.79400000000004,lh_lower_leg_link,-0.3848289645176664,0.13620926734267824,0.10334237610144512,-0.02848847069763889,-0.5305939115338857,0.016825101531604266,0.8469801792479751
lateral,33,102553.931919502,288.79400000000004,lh_foot_link,-0.19317929739285605,0.12973326919573314,0.01061985165916024,-0.02848847069763889,-0.5305939115338857,0.016825101531604266,0.8469801792479751
lateral,33,102553.931919502,288.79400000000004,d435_link,0.3386272746924764,0.01577250843551217,0.2578787189791236,0.015153341085286428,-0.014563753481855107,-0.00045703229050457234,0.9997790078112053
lateral,33,102553.931919502,288.79400000000004,velodyne_base_link,0.19755675906892123,-0.0026957504828713603,0.29173921268827996,0.015153341085286428,-0.014563753481855107,-0.00045703229050457234,0.9997790078112053
lateral,33,102553.931919502,288.79400000000004,gps_frame,-0.002066967002035251,-0.0021218354331057868,0.2759266034455461,0.015153341085286428,-0.014563753481855107,-0.00045703229050457234,0.9997790078112053
lateral,34,102554.034326509,288.894,trunk,-3.0739864340558624e-05,8.216189600757238e-06,0.19709939561524803,-0.037602322301796234,-0.028451612767974265,0.00025396333016759737,0.9988876346171475
lateral,34,102554.034326509,288.894,imu_link,-3.0739864340558624e-05,8.216189600757238e-06,0.19709939561524803,-0.037602322301796234,-0.028451612767974265,0.00025396333016759737,0.9988876346171475
lateral,34,102554.034326509,288.894,rf_hip_link,0.19293062400132,-0.045897972329031304,0.21430156203279183,-0.009384804682362986,-0.02953479627817348,0.0009056559898311909,0.9995192849750868
lateral,34,102554.034326509,288.894,rf_upper_leg_link,0.19305058008692022,-0.14138099342763696,0.2160983069842945,-0.008414550112279064,0.5095369877260335,-0.004253247947858651,0.8603970963266799
lateral,34,102554.034326509,288.894,rf_lower_leg_link,0.006275168254670826,-0.14354194971281406,0.11372997299947653,-0.007422668196522719,-0.5627743087458486,0.005813670831957175,0.8265568236025485
lateral,34,102554.034326509,288.894,rf_foot_link,0.20445381799912568,-0.14476178898224076,0.035674000917761434,-0.007422668196522719,-0.5627743087458486,0.005813670831957175,0.8265568236025485
lateral,34,102554.034326509,288.894,lf_hip_link,0.19313092426122005,0.04683018355177494,0.20719881701760318,-0.028300112995055138,-0.02954664669427118,0.0003465156403991376,0.9991626390135402
lateral,34,102554.034326509,288.894,lf_upper_leg_link,0.1932245043212653,0.14217718940626817,0.20179606611129636,-0.02471322524323821,0.4719957938008596,-0.013793946741194255,0.881146386343197
lateral,34,102554.034326509,288.894,lf_lower_leg_link,0.015906996619685247,0.13567417830460357,0.08396053535290522,-0.023477268292864013,-0.5725296809461954,0.01580614887082909,0.8193953551046197
lateral,34,102554.034326509,288.894,lf_foot_link,0.21591367559654775,0.13133422866100544,0.010833979289206125,-0.023477268292864013,-0.5725296809461954,0.01580614887082909,0.8193953551046197
lateral,34,102554.034326509,288.894,rh_hip_link,-0.1931939269597727,-0.04681267613493076,0.19147100220518148,-0.0706072036004878,-0.0295347971603382,-0.0009056272206630475,0.9970664463293076
lateral,34,102554.034326509,288.894,rh_upper_leg_link,-0.1937646998904146,-0.14136031243899058,0.20491230748319983,-0.06132805485830304,0.457235158502084,-0.03500095781890144,0.8865381054803175
lateral,34,102554.034326509,288.894,rh_lower_leg_link,-0.3673609488536757,-0.15770422378316112,0.08257580880901266,-0.05960019000368157,-0.5701799886588862,0.03786838671594814,0.8184794335669094
lateral,34,102554.034326509,288.894,rh_foot_link,-0.16759354948983446,-0.16928705023135468,0.009583862110225189,-0.05960019000368157,-0.5701799886588862,0.03786838671594814,0.8184794335669094
lateral,34,102554.034326509,288.894,lh_hip_link,-0.19299362669987263,0.04591547974587549,0.18436825718999283,-0.027503714759338518,-0.029546361116184614,0.0003700658821627871,0.9991848784236438
lateral,34,102554.034326509,288.894,lh_upper_leg_link,-0.1929090384429985,0.14127097081248038,0.17911724126224676,-0.023660630698186573,0.49586064028307786,-0.0140273243808015,0.8679663784638987
lateral,34,102554.034326509,288.894,lh_lower_leg_link,-0.376396720994749,0.13548545037518955,0.07109965887374017,-0.0224980455568314,-0.5882000682412252,0.015824955622147436,0.8082475415655144
lateral,34,102554.034326509,288.894,lh_foot_link,-0.17371985559227868,0.13170438086050254,0.00570247434753815,-0.0224980455568314,-0.5882000682412252,0.015824955622147436,0.8082475415655144
lateral,34,102554.034326509,288.894,d435_link,0.33708767633581244,0.021475646285704496,0.2564190627060982,-0.037602322301796234,-0.028451612767974265,0.00025396333016759737,0.9988876346171475
lateral,34,102554.034326509,288.894,velodyne_base_link,0.19509671442269652,0.006546150265196011,0.2881078128165345,-0.037602322301796234,-0.028451612767974265,0.00025396333016759737,0.9988876346171475
lateral,34,102554.034326509,288.894,gps_frame,-0.004010871794917968,0.005265673865536349,0.2667881155676259,-0.037602322301796234,-0.028451612767974265,0.00025396333016759737,0.9988876346171475
lateral,35,102554.124424774,288.98400000000004,trunk,-3.016468627473177e-05,1.3468772085816285e-05,0.19431064486563146,-0.014633931020836896,-0.006717259736795017,0.0004028561827340638,0.999870273681242
lateral,35,102554.124424774,288.98400000000004,imu_link,-3.016468627473177e-05,1.3468772085816285e-05,0.19431064486563146,-0.014633931020836896,-0.006717259736795017,0.0004028561827340638,0.999870273681242
lateral,35,102554.124424774,288.98400000000004,rf_hip_link,0.19332264229423818,-0.04616451617338863,0.19357158655906062,0.010894132620415267,-0.01618010642110771,0.0009987745614622528,0.999809244046096
lateral,35,102554.124424774,288.98400000000004,rf_upper_leg_link,0.19354703907674467,-0.14164165735523904,0.19149429076283814,0.009023686504653253,0.4734690070995017,0.006184881408851652,0.8807425387932822
lateral,35,102554.124424774,288.98400000000004,rf_lower_leg_link,0.01587943401290905,-0.13950348032711238,0.07402663432125708,0.009761744801798724,-0.5446068069977895,-0.004938422278458546,0.8386201441030955
lateral,35,102554.124424774,288.98400000000004,rf_foot_link,0.21046194025684903,-0.1371618020160945,-0.012582630809644307,0.009761744801798724,-0.5446068069977895,-0.004938422278458546,0.8386201441030955
lateral,35,102554.124424774,288.98400000000004,lf_hip_link,0.1932137175969237,0.04682545927294208,0.19221048336637792,-0.03598764402331879,-0.016209139103524627,0.00023917346337741486,0.999220744421986
lateral,35,102554.124424774,288.98400000000004,lf_upper_leg_link,0.193279486850519,0.1420780822372198,0.18534145921221776,-0.03165926502597047,0.46677002800094464,-0.017113113811053186,0.8836461810213988
lateral,35,102554.124424774,288.98400000000004,lf_lower_leg_link,0.0173409154721189,0.13356332202811425,0.06558287722366433,-0.029908030747685936,-0.5637701705511861,0.020016928412975074,0.825147275987985
lateral,35,102554.124424774,288.98400000000004,lf_foot_link,0.21576834471476103,0.1278576556887202,-0.011637590890558935,-0.029908030747685936,-0.5637701705511861,0.020016928412975074,0.825147275987985
lateral,35,102554.124424774,288.98400000000004,rh_hip_link,-0.19327406073583622,-0.04680065968717954,0.1810486265373107,-0.05918995068967457,-0.01621032100398672,-0.00013743133086063382,0.9981151017507605
lateral,35,102554.124424774,288.98400000000004,rh_upper_leg_link,-0.19348352286988227,-0.1416314970795263,0.1923321723045189,-0.05207748342845497,0.4580643506793954,-0.02813191905604392,0.8869462111575014
lateral,35,102554.124424774,288.98400000000004,rh_lower_leg_link,-0.3671822452859237,-0.1558188721624324,0.06987208811668282,-0.05036947160141005,-0.5399571947960391,0.031086741234995274,0.8396086937603585
lateral,35,102554.124424774,288.98400000000004,rh_foot_link,-0.17338693116909845,-0.1666840603813223,-0.017845207277835257,-0.05036947160141005,-0.5399571947960391,0.031086741234995274,0.8396086937603585
lateral,35,102554.124424774,288.98400000000004,lh_hip_link,-0.1933829854331507,0.046189315759151174,0.17968752334462798,0.026521850567882827,-0.016162516536860672,0.001251580448353365,0.9995167822743307
lateral,35,102554.124424774,288.98400000000004,lh_upper_leg_link,-0.19370379581573013,0.14155466553201884,0.1847468853001545,0.022954697711803564,0.44669054427061045,0.013343794967082167,0.8942944608170521
lateral,35,102554.124424774,288.98400000000004,lh_lower_leg_link,-0.364009727441603,0.14776051083418446,0.05697217286796344,0.02281053720558271,-0.5649326787348746,-0.013588760192031273,0.8247097025537381
lateral,35,102554.124424774,288.98400000000004,lh_foot_link,-0.1654019549592789,0.15250416425046553,-0.019848725733104783,0.02281053720558271,-0.5649326787348746,-0.013588760192031273,0.8247097025537381
lateral,35,102554.124424774,288.98400000000004,d435_link,0.3393704350937267,0.01906095248500002,0.2398400445232325,-0.014633931020836896,-0.006717259736795017,0.0004028561827340638,0.999870273681242
lateral,35,102554.124424774,288.98400000000004,velodyne_base_link,0.198876156372974,0.00255460255104983,0.2769533582878835,-0.014633931020836896,-0.006717259736795017,0.0004028561827340638,0.999870273681242
lateral,35,102554.124424774,288.98400000000004,gps_frame,-0.0009712844044156654,0.002061574485616701,0.26427434657346227,-0.014633931020836896,-0.006717259736795017,0.0004028561827340638,0.999870273681242
lateral,36,102554.228102451,289.089,trunk,-2.7807047868871844e-05,7.4685021548445415e-06,0.2045701731382837,0.02983362591757168,-0.024114197537723966,0.00018432637540409936,0.9992639422422434
lateral,36,102554.228102451,289.089,imu_link,-2.7807047868871844e-05,7.4685021548445415e-06,0.2045701731382837,0.02983362591757168,-0.024114197537723966,0.00018432637540409936,0.9992639422422434
lateral,36,102554.228102451,289.089,rf_hip_link,0.19334115697047793,-0.046379956274136325,0.20620119800502032,-0.015131237437906946,-0.0030244130649261223,0.0001614401081616325,0.9998809291692196
lateral,36,102554.228102451,289.089,rf_upper_leg_link,0.19336324760515114,-0.14183622101595797,0.20909101349101947,-0.01321026740837141,0.49432907933022746,-0.007380328197997697,0.8691431302836253
lateral,36,102554.228102451,289.089,rf_lower_leg_link,0.010293914094592528,-0.1451732078059499,0.10026324292135613,-0.012809387773976718,-0.5258352397107509,0.008056053262406828,0.850451833009387
lateral,36,102554.228102451,289.089,rf_foot_link,0.2008440278789951,-0.14800934992740572,0.005123291089235954,-0.012809387773976718,-0.5258352397107509,0.008056053262406828,0.850451833009387
lateral,36,102554.228102451,289.089,lf_hip_link,0.19331044018754623,0.04661104428013778,0.20490780232146538,-0.021939075284873242,-0.003025442200073899,0.00014084313909830347,0.9997547218384861
lateral,36,102554.228102451,289.089,lf_upper_leg_link,0.19329622344841768,0.14201910779365903,0.20071838535914002,-0.018650824353639166,0.5293732418382001,-0.01155377047006159,0.8481053165524723
lateral,36,102554.228102451,289.089,lf_lower_leg_link,0.0019456507206472482,0.1378862234829287,0.10724711927148962,-0.018482295592023357,-0.5358306802373112,0.011821489364468458,0.8440403658921031
lateral,36,102554.228102451,289.089,lf_foot_link,0.19470264688971853,0.13393912608634695,0.016703423466544076,-0.018482295592023357,-0.5358306802373112,0.011821489364468458,0.8440403658921031
lateral,36,102554.228102451,289.089,rh_hip_link,-0.19345174669051002,-0.04654023381464066,0.20386368038761055,-0.020146945731448332,-0.0030251848733156674,0.0001462661207564014,0.9997924421800748
lateral,36,102554.228102451,289.089,rh_upper_leg_link,-0.19343545677292767,-0.14196270293876861,0.20771103284006825,-0.017230479638554036,0.5217792830477703,-0.010441809589787583,0.8528425757231347
lateral,36,102554.228102451,289.089,rh_lower_leg_link,-0.38308022194593555,-0.14590174035910677,0.11081754994944312,-0.016923555968977697,-0.5389405371630768,0.010932249057210722,0.8421028301735426
lateral,36,102554.228102451,289.089,rh_foot_link,-0.18966413880991487,-0.14946290533578824,0.02167419973009821,-0.016923555968977697,-0.5389405371630768,0.010932249057210722,0.8421028301735426
lateral,36,102554.228102451,289.089,lh_hip_link,-0.19348246347344172,0.04645076673963344,0.2025702847040556,0.011642087474953532,-0.003019007157950915,0.0002423490789340954,0.999927641713104
lateral,36,102554.228102451,289.089,lh_upper_leg_link,-0.19353546197932428,0.14192486772526802,0.2047936227672458,0.010027893107036733,0.48763151741694527,0.005919315305368963,0.8729718817280411
lateral,36,102554.228102451,289.089,lh_lower_leg_link,-0.37490409362540567,0.14442447555395024,0.09313265637553474,0.010039976700980377,-0.5269359925622905,-0.005898796631034269,0.8498251954422998
lateral,36,102554.228102451,289.089,lh_foot_link,-0.1841145805943928,0.14673507267524574,-0.0015405861924264186,0.010039976700980377,-0.5269359925622905,-0.005898796631034269,0.8498251954422998
lateral,36,102554.228102451,289.089,d435_link,0.3375455786453927,0.014637626664185284,0.2633806122094424,0.02983362591757168,-0.024114197537723966,0.00018432637540409936,0.9992639422422434
lateral,36,102554.228102451,289.089,velodyne_base_link,0.19588502971706295,-0.004977198641628252,0.29397550566483316,0.02983362591757168,-0.024114197537723966,0.00018432637540409936,0.9992639422422434
lateral,36,102554.228102451,289.089,gps_frame,-0.00340053990386819,-0.004166787111821289,0.2743641575721248,0.02983362591757168,-0.024114197537723966,0.00018432637540409936,0.9992639422422434
lateral,37,102554.328833653,289.189,trunk,-3.184081855947098e-05,1.8359244338139767e-06,0.18536260106971558,0.008903728803362805,0.0005520042960782916,-0.0007794398035774728,0.9999599048853138
lateral,37,102554.328833653,289.189,imu_link,-3.184081855947098e-05,1.8359244338139767e-06,0.18536260106971558,0.008903728803362805,0.0005520042960782916,-0.0007794398035774728,0.9999599048853138
lateral,37,102554.328833653,289.189,rf_hip_link,0.1932738411581563,-0.04684301949212023,0.19083244146313383,-0.016126060183202534,-0.011688343185080224,-0.0012256148539869982,0.9998008955210959
lateral,37,102554.328833653,289.189,rf_upper_leg_link,0.19300379432709938,-0.142293063069899,0.1939091695481589,-0.013521735774889809,0.4733248434076732,-0.008872125474577603,0.880739485128434
lateral,37,102554.328833653,289.189,rf_lower_leg_link,0.015363564179116586,-0.14557740771057787,0.07642656780112145,-0.014085046403231702,-0.565613892484586,0.00794754154574818,0.8245115964494572
lateral,37,102554.328833653,289.189,rf_foot_link,0.21407857219119125,-0.14860969453407785,-0.00020339257588275483,-0.014085046403231702,-0.565613892484586,0.00794754154574818,0.8245115964494572
lateral,37,102554.328833653,289.189,lf_hip_link,0.19336367029527182,0.0460531366581001,0.19522517446663087,0.052274466884432484,-0.01174479086208759,-0.0004235395947828014,0.9985635986825104
lateral,37,102554.328833653,289.189,lf_upper_leg_link,0.1933271851965964,0.1410311719967967,0.2051962061102915,0.04538354151280376,0.49244856787735836,0.025944815158246853,0.8687701702531567
lateral,37,102554.328833653,289.189,lf_lower_leg_link,0.010572293258452095,0.15238465988457045,0.09638100595213604,0.0441085478737995,-0.5390664794397767,-0.02805771334775368,0.8406393587446194
lateral,37,102554.328833653,289.189,lf_foot_link,0.2041458772935375,0.1617372379670351,0.008002293317117548,0.0441085478737995,-0.5390664794397767,-0.02805771334775368,0.8406393587446194
lateral,37,102554.328833653,289.189,rh_hip_link,-0.19341930959804984,-0.046040886104809234,0.18177684980564943,0.05454905155915801,-0.011745725208709224,-0.0003967839513103993,0.99844192694208
lateral,37,102554.328833653,289.189,rh_upper_leg_link,-0.1933726000825669,-0.14097251662027932,0.17137332415828146,0.04657863497113762,0.5158900781770096,0.028393436349501876,0.8549161776308899
lateral,37,102554.328833653,289.189,rh_lower_leg_link,-0.3818202184023252,-0.1302488456837479,0.07267429664911222,0.04509274457006334,-0.5656169106233195,-0.03069854802179933,0.8228619288516293
lateral,37,102554.328833653,289.189,rh_foot_link,-0.182959625361704,-0.12183897312426112,-0.0031725132974218806,0.04509274457006334,-0.5656169106233195,-0.03069854802179933,0.8228619288516293
lateral,37,102554.328833653,289.189,lh_hip_link,-0.19332948046093432,0.046855270045411096,0.18616958280914647,0.05184404933434612,-0.011744607212018265,-0.0004286019341223101,0.9985860378807804
lateral,37,102554.328833653,289.189,lh_upper_leg_link,-0.19336403084983575,0.1418418641175701,0.19605875632575126,0.04568825412971592,0.46896867875091486,0.024506582494883758,0.881691776756266
lateral,37,102554.328833653,289.189,lh_lower_leg_link,-0.3699859698368348,0.15410646305347525,0.07763886660525618,0.04272343189832842,-0.5686301239638605,-0.029371712885511856,0.820957850909439
lateral,37,102554.328833653,289.189,lh_foot_link,-0.17058549802647818,0.16193314639020417,0.003159373657507375,0.04272343189832842,-0.5686301239638605,-0.029371712885511856,0.820957850909439
lateral,37,102554.328833653,289.189,d435_link,0.34004022868838246,0.016233368730774585,0.22678753177602234,0.008903728803362805,0.0005520042960782916,-0.0007794398035774728,0.9999599048853138
lateral,37,102554.328833653,289.189,velodyne_base_link,0.20005500104622412,-0.0017325698675184856,0.2651262992608472,0.008903728803362805,0.0005520042960782916,-0.0007794398035774728,0.9999599048853138
lateral,37,102554.328833653,289.189,gps_frame,4.4465095428767626e-05,-0.0012446963641699433,0.2553514597163671,0.008903728803362805,0.0005520042960782916,-0.0007794398035774728,0.9999599048853138
lateral,38,102554.432922106,289.29400000000004,trunk,-3.0064458514782866e-05,-6.503735733194029e-07,0.20842145726639655,-0.020064884978364006,-0.02118094661684818,-0.0005689519295274058,0.9995741314104327
lateral,38,102554.432922106,289.29400000000004,imu_link,-3.0064458514782866e-05,-6.503735733194029e-07,0.20842145726639655,-0.020064884978364006,-0.02118094661684818,-0.0005689519295274058,0.9995741314104327
lateral,38,102554.432922106,289.29400000000004,rf_hip_link,0.19331310177921593,-0.04668597505681684,0.20508713824170285,-0.04021572685300495,-0.00658275471343551,-0.0007467645458846955,0.9991690572654761
lateral,38,102554.432922106,289.29400000000004,rf_upper_leg_link,0.1931200247892898,-0.14187696334918876,0.2127610205184564,-0.03409796119906175,0.5085256974237519,-0.021335214685345275,0.8601068263396613
lateral,38,102554.432922106,289.29400000000004,rf_lower_leg_link,0.006483498683770167,-0.1497487550456644,0.11041923033110926,-0.03492462454411678,-0.5173337282344463,0.01995326900673092,0.8548379678555729
lateral,38,102554.432922106,289.29400000000004,rf_foot_link,0.19517311574176266,-0.15806955575346238,0.011950998448490069,-0.03492462454411678,-0.5173337282344463,0.01995326900673092,0.8548379678555729
lateral,38,102554.432922106,289.29400000000004,lf_hip_link,0.1933940323336475,0.04631170348756982,0.20573923915435854,0.02492194247730086,-0.006617407429694457,-0.00031660040061948496,0.9996674479376898
lateral,38,102554.432922106,289.29400000000004,lf_upper_leg_link,0.1934229834388811,0.14169305362811266,0.21049814734854386,0.0220165094200142,0.4739367119948536,0.011682327063303428,0.8802061063017296
lateral,38,102554.432922106,289.29400000000004,lf_lower_leg_link,0.015602407662953522,0.14758990851096584,0.09339105988920947,0.021410584502391763,-0.5065216440808963,-0.012758931143379799,0.8618669390485577
lateral,38,102554.432922106,289.29400000000004,lf_foot_link,0.20169089502375426,0.152697818974379,-0.010117317175001389,0.021410584502391763,-0.5065216440808963,-0.012758931143379799,0.8618669390485577
lateral,38,102554.432922106,289.29400000000004,rh_hip_link,-0.193452944671627,-0.046313553370676726,0.1999757181971218,0.009615878535243115,-0.006611785422729141,-0.00041786412628296325,0.9999318199572865
lateral,38,102554.432922106,289.29400000000004,rh_upper_leg_link,-0.19352060785618272,-0.1417958591821641,0.19813868291845682,0.008620026799815054,0.47751853046325105,0.0042819234466596546,0.8785689576429301
lateral,38,102554.432922106,289.29400000000004,rh_lower_leg_link,-0.37225737156417943,-0.13944067977035648,0.08230853818432483,0.008020181783036814,-0.5217970865774159,-0.00532131699860363,0.8530153343925818
lateral,38,102554.432922106,289.29400000000004,rh_foot_link,-0.18262620042579333,-0.13770912168597643,-0.014676103070281027,0.008020181783036814,-0.5217970865774159,-0.00532131699860363,0.8530153343925818
lateral,38,102554.432922106,289.29400000000004,lh_hip_link,-0.19337201411719543,0.046684125173709935,0.20062781910977748,-0.03632309705895658,-0.006585613832593103,-0.0007211153529125467,0.9993181386841437
lateral,38,102554.432922106,289.29400000000004,lh_upper_leg_link,-0.19318868591054295,0.14193202668273433,0.19369574518519872,-0.030336668253749883,0.5275956054766265,-0.019989345826427404,0.8487184395866778
lateral,38,102554.432922106,289.29400000000004,lh_lower_leg_link,-0.3842013473351979,0.13545640122451877,0.09966793307412687,-0.03127599960046947,-0.5310381313015929,0.018485108501115698,0.8465687306512127
lateral,38,102554.432922106,289.29400000000004,lh_foot_link,-0.1924423816976807,0.12835882127104448,0.007217278904275093,-0.03127599960046947,-0.5310381313015929,0.018485108501115698,0.8465687306512127
lateral,38,102554.432922106,289.29400000000004,d435_link,0.3379431025625343,0.019053196622534917,0.2635539276301574,-0.020064884978364006,-0.02118094661684818,-0.0005689519295274058,0.9995741314104327
lateral,38,102554.432922106,289.29400000000004,velodyne_base_link,0.19640467140121767,0.0031528056234852424,0.296758597037796,-0.020064884978364006,-0.02118094661684818,-0.0005689519295274058,0.9995741314104327
lateral,38,102554.432922106,289.29400000000004,gps_frame,-0.0029925359091895437,0.002808924354463024,0.27830228477116725,-0.020064884978364006,-0.02118094661684818,-0.0005689519295274058,0.9995741314104327
lateral,39,102554.527091952,289.384,trunk,-2.8506570143794983e-05,7.0390451211865314e-06,0.19418384546810719,-0.04166229456792223,-0.027133181186341882,0.00042570034565551413,0.9987631663558987
lateral,39,102554.527091952,289.384,imu_link,-2.8506570143794983e-05,7.0390451211865314e-06,0.19418384546810719,-0.04166229456792223,-0.027133181186341882,0.00042570034565551413,0.9987631663558987
lateral,39,102554.527091952,289.384,rf_hip_link,0.19274822410745213,-0.04594546390979006,0.2211315103159989,-0.01750740771308694,-0.03469024991124282,0.00043979296300481976,0.9992446566374088
lateral,39,102554.527091952,289.384,rf_upper_leg_link,0.19271615987156596,-0.14138688368593771,0.22447581338210298,-0.015028707956994737,0.5050719545254267,-0.008991144522580397,0.8628995410875954
lateral,39,102554.527091952,289.384,rf_lower_leg_link,0.0069965680873948066,-0.14497682413746021,0.1202436419805853,-0.014523405804965799,-0.5666474681062209,0.009786389860763293,0.8237742070167813
lateral,39,102554.527091952,289.384,rf_foot_link,0.20590947246145094,-0.1477111366885822,0.04411756229464331,-0.014523405804965799,-0.5666474681062209,0.009786389860763293,0.8237742070167813
lateral,39,102554.527091952,289.384,lf_hip_link,0.1930561217881813,0.04677240508004211,0.2138995002909422,-0.029664636368014995,-0.034693033088841495,1.7659313133944015e-05,0.9989576580077849
lateral,39,102554.527091952,289.384,lf_upper_leg_link,0.1932493212114351,0.14210432680616678,0.20823934358048907,-0.025661998575622257,0.4716406722408599,-0.01488128999121581,0.881291714091022
lateral,39,102554.527091952,289.384,lf_lower_leg_link,0.016018453761700698,0.13545996855508197,0.09028141834252161,-0.024917820307680395,-0.5706989647492474,0.01609637206988112,0.8206233610319896
lateral,39,102554.527091952,289.384,lf_foot_link,0.21569742911695766,0.1306623724985665,0.016292974155924567,-0.024917820307680395,-0.5706989647492474,0.01609637206988112,0.8206233610319896
lateral,39,102554.527091952,289.384,rh_hip_link,-0.1931206656281624,-0.04675526615963609,0.1943213601015684,-0.06015472413791665,-0.03467739410964881,-0.0010417267006683382,0.9975859874252125
lateral,39,102554.527091952,289.384,rh_upper_leg_link,-0.19371758284600044,-0.14156390803778618,0.2057762767339901,-0.05212166514352503,0.45288971663900174,-0.030050092400756175,0.8895342761985155
lateral,39,102554.527091952,289.384,rh_lower_leg_link,-0.3660035645684368,-0.15551738035190646,0.08131005194864759,-0.05109138947335283,-0.5705037260053906,0.03177020541812576,0.819088409503723
lateral,39,102554.527091952,289.384,rh_foot_link,-0.1662452746623916,-0.16562352505611075,0.008074190152461275,-0.05109138947335283,-0.5705037260053906,0.03177020541812576,0.819088409503723
lateral,39,102554.527091952,289.384,lh_hip_link,-0.19281276794743324,0.04596260283019608,0.1870893500765117,-0.036190422891029896,-0.03469240805040374,-0.00020899861021592624,0.998742532604982
lateral,39,102554.527091952,289.384,lh_upper_leg_link,-0.19253309262196472,0.141212432865811,0.1801870562622212,-0.03075294250626961,0.49204556001092187,-0.019080013539217622,0.8698168637616125
lateral,39,102554.527091952,289.384,lh_lower_leg_link,-0.3751065931826254,0.1338165650502428,0.0707283058935041,-0.029883940066297257,-0.596645439358288,0.02041422336422833,0.8016884864481371
lateral,39,102554.527091952,289.384,lh_foot_link,-0.17108077876851285,0.12879932559249727,0.009758687550580375,-0.029883940066297257,-0.596645439358288,0.02041422336422833,0.8016884864481371
lateral,39,102554.527091952,289.384,d435_link,0.33724469103043647,0.02195682737991482,0.2524375747250196,-0.04166229456792223,-0.027133181186341882,0.00042570034565551413,0.9987631663558987
lateral,39,102554.527091952,289.384,velodyne_base_link,0.19533815991571774,0.007285155151751604,0.28462108697922667,-0.04166229456792223,-0.027133181186341882,0.00042570034565551413,0.9987631663558987
lateral,39,102554.527091952,289.384,gps_frame,-0.003824936635288643,0.005830929094119244,0.26383777158471344,-0.04166229456792223,-0.027133181186341882,0.00042570034565551413,0.9987631663558987
lateral,40,102554.628402947,289.48400000000004,trunk,-3.0939063751705754e-05,1.2183545567125691e-05,0.1883183297716701,-0.016818946356618666,-0.014608128463409269,0.0007922621545380462,0.9997515181018373
lateral,40,102554.628402947,289.48400000000004,imu_link,-3.0939063751705754e-05,1.2183545567125691e-05,0.1883183297716701,-0.016818946356618666,-0.014608128463409269,0.0007922621545380462,0.9997515181018373
lateral,40,102554.628402947,289.48400000000004,rf_hip_link,0.19329554323030207,-0.045988924382228735,0.19444349488305956,0.008622063190333458,-0.019184994729000943,0.0014209852528098553,0.9997777637077658
lateral,40,102554.628402947,289.48400000000004,rf_upper_leg_link,0.19359848521608064,-0.14147433978023408,0.19280225376012441,0.006824766572317802,0.4723597053707859,0.00545726433116261,0.8813625528517067
lateral,40,102554.628402947,289.48400000000004,rf_lower_leg_link,0.016230232669085243,-0.14001004916350837,0.0748727882249367,0.008053131995398317,-0.5489941041813523,-0.0033920845820082654,0.8357805420093051
lateral,40,102554.628402947,289.48400000000004,rf_foot_link,0.21170710899037254,-0.13793610369719944,-0.009705516167353545,0.008053131995398317,-0.5489941041813523,-0.0033920845820082654,0.8357805420093051
lateral,40,102554.628402947,289.48400000000004,lf_hip_link,0.19316382195245402,0.046973192683231635,0.19179256293134855,-0.03426949302131383,-0.01922828864892955,0.0005967725479142072,0.999227460904784
lateral,40,102554.628402947,289.48400000000004,lf_upper_leg_link,0.1931757846999564,0.14224881461395397,0.1852499546894673,-0.03054932960314961,0.4515009894567506,-0.015540037007998041,0.8916120805766168
lateral,40,102554.628402947,289.48400000000004,lf_lower_leg_link,0.02148139464622369,0.13363432387670035,0.059488963227828345,-0.027982043718198457,-0.578630688215693,0.019792915873227273,0.8148691750002707
lateral,40,102554.628402947,289.48400000000004,lf_foot_link,0.22257987385770733,0.128799685513326,-0.010546941354920264,-0.027982043718198457,-0.578630688215693,0.019792915873227273,0.8148691750002707
lateral,40,102554.628402947,289.48400000000004,rh_hip_link,-0.19321816038928202,-0.046959989821547324,0.17959580327174196,-0.06857528384849715,-0.019237440328587107,-6.412054699742995e-05,0.9974604489518658
lateral,40,102554.628402947,289.48400000000004,rh_upper_leg_link,-0.19348234598164554,-0.14156179825127513,0.1926601841525134,-0.06064096983950012,0.4478934018437992,-0.03201946975312575,0.8914532668168548
lateral,40,102554.628402947,289.48400000000004,rh_lower_leg_link,-0.36440109809215615,-0.15848136014190461,0.06668594630042333,-0.05787110697660484,-0.5521406662393576,0.03679006175108786,0.83092605628805
lateral,40,102554.628402947,289.48400000000004,rh_foot_link,-0.16805039308087774,-0.17031279509530756,-0.01501728367561439,-0.05787110697660484,-0.5521406662393576,0.03679006175108786,0.83092605628805
lateral,40,102554.628402947,289.48400000000004,lh_hip_link,-0.19334988166713007,0.046002127243913046,0.17694487132003095,0.022796320055337174,-0.019162919196099613,0.001692852540611185,0.9995550232829077
lateral,40,102554.628402947,289.48400000000004,lh_upper_leg_link,-0.1937565098373984,0.1414023224939752,0.18129083493943196,0.019441189479551604,0.4443757275987554,0.012024063764376584,0.8955488120495092
lateral,40,102554.628402947,289.48400000000004,lh_lower_leg_link,-0.3633871185035351,0.14654300595121705,0.052573975215663066,0.019812048690759105,-0.5772439515081949,-0.01140266128869098,0.8162517274036332
lateral,40,102554.628402947,289.48400000000004,lh_foot_link,-0.16256974610208208,0.1506281336785028,-0.01831110553640969,0.019812048690759105,-0.5772439515081949,-0.01140266128869098,0.8162517274036332
lateral,40,102554.628402947,289.48400000000004,d435_link,0.33859112149123993,0.01960260182131116,0.23911021512034558,-0.016818946356618666,-0.014608128463409269,0.0007922621545380462,0.9997515181018373
lateral,40,102554.628402947,289.48400000000004,velodyne_base_link,0.1975445991180227,0.003115797983551043,0.2740753953091671,-0.016818946356618666,-0.014608128463409269,0.0007922621545380462,0.9997515181018373
lateral,40,102554.628402947,289.48400000000004,gps_frame,-0.0020774343709153743,0.002364630661547302,0.25824885135934506,-0.016818946356618666,-0.014608128463409269,0.0007922621545380462,0.9997515181018373
lateral,41,102554.730926221,289.589,trunk,-3.077436616032898e-05,3.644229682265046e-06,0.20114812614637628,0.003933638423489265,-0.00352113408161633,0.001974502897187478,0.9999841145947477
lateral,41,102554.730926221,289.589,imu_link,-3.077436616032898e-05,3.644229682265046e-06,0.20114812614637628,0.003933638423489265,-0.00352113408161633,0.001974502897187478,0.9999841145947477
lateral,41,102554.730926221,289.589,rf_hip_link,0.19324882902298743,-0.046480047911319135,0.21299609784669882,0.018385440634432402,-0.023770735880719217,0.00032218143841277033,0.9995483099317849
lateral,41,102554.730926221,289.589,rf_upper_leg_link,0.1933938116538225,-0.14191546541973268,0.20948752762058742,0.015783107937509814,0.47715021446077455,0.009435132857273962,0.8786293556510819
lateral,41,102554.730926221,289.589,rf_lower_leg_link,0.014734906542308576,-0.1379257512197703,0.09358205835809884,0.01592672160516378,-0.5350534578946475,-0.009190634750282756,0.8446180609996327
lateral,41,102554.730926221,289.589,rf_foot_link,0.20731339983127434,-0.13429004748179266,0.0026463361094607174,0.01592672160516378,-0.5350534578946475,-0.009190634750282756,0.8446180609996327
lateral,41,102554.730926221,289.589,lf_hip_link,0.19305584482591787,0.04641057463931569,0.2175010949893369,0.00453526167073057,-0.02377291806999034,-7.185241569697888e-06,0.9997070969620991
lateral,41,102554.730926221,289.589,lf_upper_leg_link,0.19303662387189538,0.14190664602715625,0.21836710887109392,0.0038442980183645585,0.5116188156758108,0.002406246619881804,0.8592005695973618
lateral,41,102554.730926221,289.589,lf_lower_leg_link,0.0057702494695596445,0.14278929331966447,0.11688052871410336,0.0038319338584042336,-0.5535049236577307,-0.002425888075429185,0.8328335553017782
lateral,41,102554.730926221,289.589,lf_foot_link,0.20215061318691235,0.1435768063363874,0.034399424396273165,0.0038319338584042336,-0.5535049236577307,-0.002425888075429185,0.8328335553017782
lateral,41,102554.730926221,289.589,rh_hip_link,-0.19311396963334942,-0.04639108426631267,0.19461078033753537,0.004969728468343738,-0.023772918947632837,3.146339025553711e-06,0.9997050315536882
lateral,41,102554.730926221,289.589,rh_upper_leg_link,-0.19309080317401173,-0.14188636690802153,0.1936618564758345,0.004234303951514928,0.5025542227960328,0.0026017073230285804,0.8645314077226616
lateral,41,102554.730926221,289.589,rh_lower_leg_link,-0.378181381697051,-0.14088390807270618,0.08826037252854789,0.004199367416026175,-0.555240226537854,-0.0026577291535694702,0.8316751725422877
lateral,41,102554.730926221,289.589,rh_foot_link,-0.18145855542952538,-0.1400247378609533,0.006600153009713783,0.004199367416026175,-0.555240226537854,-0.0026577291535694702,0.8316751725422877
lateral,41,102554.730926221,289.589,lh_hip_link,-0.193306953830419,0.04649953828432215,0.19911577748017345,0.04332910157867404,-0.02375528786739488,0.0009154144019902006,0.9987779719593313
lateral,41,102554.730926221,289.589,lh_upper_leg_link,-0.1936781797154222,0.14164079272013796,0.2073773690775392,0.037288021791807124,0.4700675636856351,0.022087382325575427,0.8815657868494609
lateral,41,102554.730926221,289.589,lh_lower_leg_link,-0.37056150628159534,0.15122122696842658,0.089100135162898,0.03757801217669522,-0.5360912508054534,-0.021590322554111373,0.8430468087732151
lateral,41,102554.730926221,289.589,lh_foot_link,-0.17768517560917696,0.15978622970311665,-0.0008685360204570836,0.03757801217669522,-0.5360912508054534,-0.021590322554111373,0.8430468087732151
lateral,41,102554.730926221,289.589,d435_link,0.33959694753112885,0.01850912439521535,0.24518285928625855,0.003933638423489265,-0.00352113408161633,0.001974502897187478,0.9999841145947477
lateral,41,102554.730926221,289.589,velodyne_base_link,0.19940057702843325,0.0001574079468396046,0.28255520469391676,0.003933638423489265,-0.00352113408161633,0.001974502897187478,0.9999841145947477
lateral,41,102554.730926221,289.589,gps_frame,-0.0005226379294718449,-0.0005480297498869409,0.27114422408087085,0.003933638423489265,-0.00352113408161633,0.001974502897187478,0.9999841145947477
lateral,42,102554.833807663,289.684,trunk,-2.7553092966319462e-05,5.705877002571739e-06,0.1865242739229444,0.01268021838033273,0.0001320849318852094,-0.00042494463222853695,0.9999195037789078
lateral,42,102554.833807663,289.684,imu_link,-2.7553092966319462e-05,5.705877002571739e-06,0.1865242739229444,0.01268021838033273,0.0001320849318852094,-0.00042494463222853695,0.9999195037789078
lateral,42,102554.833807663,289.684,rf_hip_link,0.19331621256942905,-0.046519459388793906,0.19559499887909906,-0.005955615811371439,-0.019679293414133204,-0.0004577666182300168,0.9997885008844376
lateral,42,102554.833807663,289.684,rf_upper_leg_link,0.19320641199603536,-0.1420126447169898,0.19673056028603625,-0.004991358883110087,0.46631333108595685,-0.0032810435031284235,0.884599456444299
lateral,42,102554.833807663,289.684,rf_lower_leg_link,0.01747421426723204,-0.14324180766357203,0.0763740737975402,-0.005184117339403743,-0.5779549001033624,0.00296712611473066,0.8160468457978028
lateral,42,102554.833807663,289.684,rf_foot_link,0.21839867137079058,-0.14431346072957682,0.005683097730248554,-0.005184117339403743,-0.5779549001033624,0.00296712611473066,0.8160468457978028
lateral,42,102554.833807663,289.684,lf_hip_link,0.193130862662583,0.04626595270184032,0.20190633380787767,0.06652961704571446,-0.019660708397877424,0.0009698890915688824,0.9975902595335393
lateral,42,102554.833807663,289.684,lf_upper_leg_link,0.19269622854215615,0.14092037075168234,0.21457922759055817,0.056963500372147736,0.48604653223057676,0.03438444785730449,0.8713963724261947
lateral,42,102554.833807663,289.684,lf_lower_leg_link,0.011434147200773778,0.1549465681226684,0.10360029420633333,0.057394192102042066,-0.5339789202596378,-0.03366062004855614,0.8428756622950102
lateral,42,102554.833807663,289.684,lf_foot_link,0.20399030502840443,0.1678978653345161,0.013470443528597192,0.057394192102042066,-0.5339789202596378,-0.03366062004855614,0.8428756622950102
lateral,42,102554.833807663,289.684,rh_hip_link,-0.1931840297002102,-0.04625607373854437,0.18037220828376413,0.06177126143044032,-0.019665110302380474,0.0008761143484280738,0.9978962005748573
lateral,42,102554.833807663,289.684,rh_upper_leg_link,-0.19278502881902976,-0.14102713058236804,0.16860200934740116,0.05194309661367583,0.5115546985472388,0.033442054799932126,0.8570270322919717
lateral,42,102554.833807663,289.684,rh_lower_leg_link,-0.38029032994767864,-0.12935081237201107,0.06823057097121167,0.05146441188454637,-0.5799774073479472,-0.03417412214581505,0.8122867416441647
lateral,42,102554.833807663,289.684,rh_foot_link,-0.17884911168372403,-0.11998578144241223,-0.000345895692079351,0.05146441188454637,-0.5799774073479472,-0.03417412214581505,0.8122867416441647
lateral,42,102554.833807663,289.684,lh_hip_link,-0.19336937960705625,0.046529338352089854,0.18668354321254274,0.064601335046056,-0.0196625462903394,0.0009318867616681076,0.9977169856079984
lateral,42,102554.833807663,289.684,lh_upper_leg_link,-0.19378957693144047,0.14123206597968008,0.19899072867888934,0.05612417406179418,0.46445878908034066,0.03200434327635524,0.8832348681655148
lateral,42,102554.833807663,289.684,lh_lower_leg_link,-0.3693111255827626,0.1560168769144758,0.07923015367749782,0.05433511154022926,-0.5682336320145807,-0.03495563697860759,0.8203269705092285
lateral,42,102554.833807663,289.684,lh_foot_link,-0.1699274946518144,0.1665431617783526,0.0050387455242890955,0.05433511154022926,-0.5682336320145807,-0.03495563697860759,0.8203269705092285
lateral,42,102554.833807663,289.684,d435_link,0.33999775766609863,0.016159893732776903,0.2283612224005957,0.01268021838033273,0.0001320849318852094,-0.00042494463222853695,0.9999195037789078
lateral,42,102554.833807663,289.684,velodyne_base_link,0.19999263744269558,-0.0021922689549141203,0.2664435599852947,0.01268021838033273,0.0001320849318852094,-0.00042494463222853695,0.9999195037789078
lateral,42,102554.833807663,289.684,gps_frame,-9.817065732762465e-06,-0.0017693896549208893,0.2565017611691001,0.01268021838033273,0.0001320849318852094,-0.00042494463222853695,0.9999195037789078
lateral,43,102554.927932954,289.779,trunk,-3.0059506329021968e-05,-8.358668654187607e-07,0.2019579754055172,0.00855254763527047,-0.003727116307130877,-0.0003425043673115714,0.9999564216623332
lateral,43,102554.927932954,289.779,imu_link,-3.0059506329021968e-05,-8.358668654187607e-07,0.2019579754055172,0.00855254763527047,-0.003727116307130877,-0.0003425043673115714,0.9999564216623332
lateral,43,102554.927932954,289.779,rf_hip_link,0.1933372494314185,-0.04663646719282,0.19609413619361196,-0.03079553012830928,-0.00200003104270403,-0.00045122961434921824,0.9995236023185144
lateral,43,102554.927932954,289.779,rf_upper_leg_link,0.19323934155824296,-0.14195529065056678,0.20197310793017267,-0.026194736257214125,0.5114798611610052,-0.01619889121092743,0.8587431416568463
lateral,43,102554.927932954,289.779,rf_lower_leg_link,0.005946674275713477,-0.14800838577341532,0.10071197608962167,-0.026993854421345276,-0.4957725399064863,0.014829029217305105,0.8679061126588653
lateral,43,102554.927932954,289.779,rf_foot_link,0.18941819056113246,-0.15485689203445918,-0.007270896042590597,-0.026993854421345276,-0.4957725399064863,0.014829029217305105,0.8679061126588653
lateral,43,102554.927932954,289.779,lf_hip_link,0.1934003898645666,0.04633499972972493,0.19839681974891088,0.04027816056242597,-0.002027030084598075,-0.000308028201273574,0.9991864020538764
lateral,43,102554.927932954,289.779,lf_upper_leg_link,0.19344358118103386,0.14152511653568883,0.20608380855969546,0.03557383032345721,0.47360796365362795,0.01889253015832507,0.8798142256545971
lateral,43,102554.927932954,289.779,lf_lower_leg_link,0.015648603103665636,0.15104651867322877,0.08917662883234322,0.034613205418477226,-0.5061756300128631,-0.020599784230026424,0.8614892956278771
lateral,43,102554.927932954,289.779,lf_foot_link,0.20171599341412874,0.15930742427813865,-0.014165926301737797,0.034613205418477226,-0.5061756300128631,-0.020599784230026424,0.8614892956278771
lateral,43,102554.927932954,289.779,rh_hip_link,-0.193459498561246,-0.04633520984364189,0.1945368994393395,0.024436528121418204,-0.0020218933847399724,-0.00034011685843287996,0.9996992809645481
lateral,43,102554.927932954,289.779,rh_upper_leg_link,-0.19351500440738048,-0.1417211332626956,0.18987079479033442,0.02161048376215017,0.47732599996924485,0.011412562274620754,0.8783863786325777
lateral,43,102554.927932954,289.779,rh_lower_leg_link,-0.3722319248959611,-0.13595529062505807,0.07412962929699585,0.020577948775200847,-0.5292402140767407,-0.013183611429022881,0.848120001071723
lateral,43,102554.927932954,289.779,rh_foot_link,-0.1809023307838357,-0.13149282449648828,-0.01936942317382198,0.020577948775200847,-0.5292402140767407,-0.013183611429022881,0.848120001071723
lateral,43,102554.927932954,289.779,lh_hip_link,-0.1933963581280979,0.04663625707890304,0.1968395829946384,-0.034048711209145356,-0.001998551743230098,-0.00045773711481313155,0.9994180714459088
lateral,43,102554.927932954,289.779,lh_upper_leg_link,-0.1932959840266673,0.14191478794557347,0.1903402383408526,-0.02872600798813492,0.5235812271179616,-0.018284986282074905,0.8512949984296745
lateral,43,102554.927932954,289.779,lh_lower_leg_link,-0.383397348557404,0.13557563898206157,0.09447425691902392,-0.029192125418534703,-0.5277107748424604,0.01753123132636719,0.8487413115059853
lateral,43,102554.927932954,289.779,lh_foot_link,-0.1923782205066833,0.1289619280017826,0.0004691956413898357,-0.029192125418534703,-0.5277107748424604,0.01753123132636719,0.8487413115059853
lateral,43,102554.927932954,289.779,d435_link,0.3396617057295389,0.0165323066183451,0.24628245882612532,0.00855254763527047,-0.003727116307130877,-0.0003425043673115714,0.9999564216623332
lateral,43,102554.927932954,289.779,velodyne_base_link,0.19936755570430525,-0.0015187259195210772,0.28343365925106645,0.00855254763527047,-0.003727116307130877,-0.0003425043673115714,0.9999564216623332
lateral,43,102554.927932954,289.779,gps_frame,-0.0005522431502010719,-0.001197961639484284,0.2719457901601343,0.00855254763527047,-0.003727116307130877,-0.0003425043673115714,0.9999564216623332
lateral,44,102555.030035794,289.879,trunk,-2.9684407941775042e-05,7.710559469376413e-06,0.19957740882032915,-0.03733617267770434,-0.029800559368692026,-0.00021610369175428663,0.9988582933380932
lateral,44,102555.030035794,289.879,imu_link,-2.9684407941775042e-05,7.710559469376413e-06,0.19957740882032915,-0.03733617267770434,-0.029800559368692026,-0.00021610369175428663,0.9988582933380932
lateral,44,102555.030035794,289.879,rf_hip_link,0.19292244479312168,-0.04613914961058869,0.21616298994419372,-0.017557797453557736,-0.028649181011888587,0.00011371288635272568,0.9994353081842303
lateral,44,102555.030035794,289.879,rf_upper_leg_link,0.19284807553495575,-0.1415802663768189,0.2195152577778023,-0.014908013213657154,0.5092492477861414,-0.009275792368423574,0.8604399540044665
lateral,44,102555.030035794,289.879,rf_lower_leg_link,0.00612516858670596,-0.14503246810172374,0.11708655904524114,-0.01474795651349963,-0.5610754561943118,0.009528219178661097,0.827578421223212
lateral,44,102555.030035794,289.879,rf_foot_link,0.2039912893929464,-0.14795441941663173,0.038286429365122415,-0.01474795651349963,-0.5610754561943118,0.009528219178661097,0.827578421223212
lateral,44,102555.030035794,289.879,lf_hip_link,0.19318475837013016,0.04662801585878011,0.20959152113075047,-0.024423502652194024,-0.028649286135260223,-8.310964123779335e-05,0.9992911007383813
lateral,44,102555.030035794,289.879,lf_upper_leg_link,0.19333426679851956,0.14201408161047835,0.20493039383764516,-0.02106838733089528,0.47779055384369,-0.012354652738525932,0.8781341994642538
lateral,44,102555.030035794,289.879,lf_lower_leg_link,0.014489022079252723,0.13664736127136903,0.08936838989990063,-0.02069193964321606,-0.5579803766625135,0.012975285076471313,0.8294946563242861
lateral,44,102555.030035794,289.879,lf_foot_link,0.2117739777550284,0.1324197803362375,0.009182519427328784,-0.02069193964321606,-0.5579803766625135,0.012975285076471313,0.8294946563242861
lateral,44,102555.030035794,289.879,rh_hip_link,-0.19324259322074655,-0.046616201802372206,0.19401404331113958,-0.05648440575532726,-0.028631858028494463,-0.0010026011712628005,0.9979923463650385
lateral,44,102555.030035794,289.879,rh_upper_leg_link,-0.1937426010010679,-0.14150662658156776,0.2047754222861338,-0.04887734411525218,0.46001484477925536,-0.028328405088890642,0.8861122103210611
lateral,44,102555.030035794,289.879,rh_lower_leg_link,-0.36798060032809443,-0.15440561884360773,0.08294055211696226,-0.04813666097734136,-0.5615012885012004,0.02956949733413751,0.8255451590972178
lateral,44,102555.030035794,289.879,rh_foot_link,-0.16990421212825663,-0.16426141707158542,0.0052385078774669636,-0.04813666097734136,-0.5615012885012004,0.02956949733413751,0.8255451590972178
lateral,44,102555.030035794,289.879,lh_hip_link,-0.19298027964373807,0.04615096366699659,0.18744257449769633,-0.03836827385192207,-0.028645335607042164,-0.0004829609015256441,0.9988528855934449
lateral,44,102555.030035794,289.879,lh_upper_leg_link,-0.1926782171602257,0.14136974334828128,0.18012528304094794,-0.03234662423681014,0.5023320937238419,-0.020641065623923024,0.8638229621429456
lateral,44,102555.030035794,289.879,lh_lower_leg_link,-0.37781511886497127,0.1338836082641252,0.07506679738334326,-0.0322294299170654,-0.5764431094295193,0.020823581268107093,0.8162358629107268
lateral,44,102555.030035794,289.879,lh_foot_link,-0.17709044902014323,0.12779044225089334,0.004063415466564302,-0.0322294299170654,-0.5764431094295193,0.020823581268107093,0.8162358629107268
lateral,44,102555.030035794,289.879,d435_link,0.33694293852493296,0.021164629766711303,0.2598296798430623,-0.03733617267770434,-0.029800559368692026,-0.00021610369175428663,0.9988582933380932
lateral,44,102555.030035794,289.879,velodyne_base_link,0.19485371279437635,0.006334421022813986,0.2911221204622177,-0.03733617267770434,-0.029800559368692026,-0.00021610369175428663,0.9988582933380932
lateral,44,102555.030035794,289.879,gps_frame,-0.0041958698420910615,0.005229708561882739,0.26925791998228227,-0.03733617267770434,-0.029800559368692026,-0.00021610369175428663,0.9988582933380932
lateral,45,102555.134051849,289.98400000000004,trunk,-2.772132014678691e-05,1.0136987003615095e-05,0.19235761127340398,-0.01672450604166908,-0.007428356596282065,0.00048023582162962536,0.999832425854201
lateral,45,102555.134051849,289.98400000000004,imu_link,-2.772132014678691e-05,1.0136987003615095e-05,0.19235761127340398,-0.01672450604166908,-0.007428356596282065,0.00048023582162962536,0.999832425854201
lateral,45,102555.134051849,289.98400000000004,rf_hip_link,0.1933086713420152,-0.04615905738475176,0.19582964495463356,0.0055825567158918205,-0.01622415478561923,0.0009125941096495,0.9998523786209629
lateral,45,102555.134051849,289.98400000000004,rf_upper_leg_link,0.193500250388217,-0.14165294581116017,0.1947663619849054,0.004405800182703486,0.4791282341172186,0.0035477728570478943,0.8777266872462183
lateral,45,102555.134051849,289.98400000000004,rf_lower_leg_link,0.014342002017382043,-0.1407296972025358,0.07956883747721095,0.005216172029406784,-0.5442545469085813,-0.0021884507887430685,0.8389010611519333
lateral,45,102555.134051849,289.98400000000004,rf_foot_link,0.20884812036617645,-0.13937298179235907,-0.00723282868295283,0.005216172029406784,-0.5442545469085813,-0.0021884507887430685,0.8389010611519333
lateral,45,102555.134051849,289.98400000000004,lf_hip_link,0.19323243441747756,0.04681093564161012,0.193468589129466,-0.03382514587999984,-0.016247515743281517,0.00027250447430780263,0.9992956536879765
lateral,45,102555.134051849,289.98400000000004,lf_upper_leg_link,0.19328539146968038,0.1420923906238842,0.18701169111172541,-0.02998375668804747,0.45536422277961064,-0.015658514851790893,0.8896624134242321
lateral,45,102555.134051849,289.98400000000004,lf_lower_leg_link,0.020504079362213403,0.13376618062536202,0.06272857716022123,-0.027647570434154566,-0.5825048244295312,0.019489140606508276,0.8121230908943725
lateral,45,102555.134051849,289.98400000000004,lf_foot_link,0.2222595733003686,0.1290372773434253,-0.005398936661443254,-0.027647570434154566,-0.5825048244295312,0.019489140606508276,0.8121230908943725
lateral,45,102555.134051849,289.98400000000004,rh_hip_link,-0.19328705491587134,-0.04679486926619154,0.1832765504202741,-0.06485513145893043,-0.016248138754833136,-0.0002324080901945292,0.9977623744644454
lateral,45,102555.134051849,289.98400000000004,rh_upper_leg_link,-0.19353261659143092,-0.14149147702698708,0.19563544106877198,-0.057229676320704075,0.45189126582373856,-0.030512394830674628,0.8897123365347609
lateral,45,102555.134051849,289.98400000000004,rh_lower_leg_link,-0.3655511816335241,-0.15730871402520882,0.07102232661206176,-0.055002377620949366,-0.5454678854977985,0.03436539751142164,0.8356186593180439
lateral,45,102555.134051849,289.98400000000004,rh_foot_link,-0.17057382656728481,-0.16890264155867318,-0.013938910759591139,-0.055002377620949366,-0.5454678854977985,0.03436539751142164,0.8356186593180439
lateral,45,102555.134051849,289.98400000000004,lh_hip_link,-0.19336329184040899,0.04617512376017034,0.18091549459510653,0.02437703034566254,-0.016204132779363046,0.0012174183280493369,0.9995707600590416
lateral,45,102555.134051849,289.98400000000004,lh_upper_leg_link,-0.19367116558080244,0.14156134091244127,0.18556574094769737,0.02104218509147614,0.44850599614709463,0.012367221289961709,0.8934465007510206
lateral,45,102555.134051849,289.98400000000004,lh_lower_leg_link,-0.3644870890547276,0.14720724404308647,0.05844751225649236,0.020898683940695613,-0.5718383456337333,-0.012608200720393608,0.8200031614250132
lateral,45,102555.134051849,289.98400000000004,lh_foot_link,-0.16461949923929056,0.15143620323768656,-0.015064816270759396,0.020898683940695613,-0.5718383456337333,-0.012608200720393608,0.8200031614250132
lateral,45,102555.134051849,289.98400000000004,d435_link,0.3393050250242675,0.019298930231543186,0.23828940542001636,-0.01672450604166908,-0.007428356596282065,0.00048023582162962536,0.999832425854201
lateral,45,102555.134051849,289.98400000000004,velodyne_base_link,0.19876049127615952,0.002926795136949604,0.27527166097550265,-0.01672450604166908,-0.007428356596282065,0.00048023582162962536,0.999832425854201
lateral,45,102555.134051849,289.98400000000004,gps_frame,-0.0010686414105207304,0.002350676038752677,0.2623107267316357,-0.01672450604166908,-0.007428356596282065,0.00048023582162962536,0.999832425854201
lateral,46,102555.224425092,290.074,trunk,-2.739876284354184e-05,6.835855665245586e-06,0.20409020678818207,0.020433831168876787,-0.023901168777713037,0.0003006114037293773,0.999505428853493
lateral,46,102555.224425092,290.074,imu_link,-2.739876284354184e-05,6.835855665245586e-06,0.20409020678818207,0.020433831168876787,-0.023901168777713037,0.0003006114037293773,0.999505428853493
lateral,46,102555.224425092,290.074,rf_hip_link,0.19331526991927422,-0.04641334748362849,0.209020921187311,-0.0013802866945252434,-0.015412909236762543,0.0001688706134489948,0.9998802470897283
lateral,46,102555.224425092,290.074,rf_upper_leg_link,0.19332746342150264,-0.14193671994730034,0.20945889286625816,0.0012440642564177373,0.483072022107164,0.0008814900674402571,0.8755792920899184
lateral,46,102555.224425092,290.074,rf_lower_leg_link,0.013142688261215712,-0.14165408866615745,0.09587030664389257,0.0013788156658094978,-0.5255003958743059,-0.0006508363640811396,0.8507919893930213
lateral,46,102555.224425092,290.074,rf_foot_link,0.2036040611476725,-0.14130005260915401,0.0005113002696834901,0.0013788156658094978,-0.5255003958743059,-0.0006508363640811396,0.8507919893930213
lateral,46,102555.224425092,290.074,lf_hip_link,0.1932145983391719,0.04654793429969646,0.21141112467053308,-0.017277584453867133,-0.01753648630218352,-0.00018543972309689134,0.9996969152376743
lateral,46,102555.224425092,290.074,lf_upper_leg_link,0.19330787732284213,0.14199091138101827,0.2081127273497891,-0.014539134629588725,0.5162484181801856,-0.00933610607663106,0.8562645744242866
lateral,46,102555.224425092,290.074,lf_lower_leg_link,0.004938783679640016,0.1387407035139526,0.10873707284195996,-0.014702504223750038,-0.5490748776103038,0.009076655882098088,0.8355945365216185
lateral,46,102555.224425092,290.074,lf_foot_link,0.20044612351073732,0.13563023533935217,0.024261010789431492,-0.014702504223750038,-0.5490748776103038,0.009076655882098088,0.8355945365216185
lateral,46,102555.224425092,290.074,rh_hip_link,-0.19326723682938354,-0.04652814289056667,0.19618368432036953,-0.013477545559183691,-0.017537064485889455,-0.00011878103942603821,0.9997553665902387
lateral,46,102555.224425092,290.074,rh_upper_leg_link,-0.1933350625657184,-0.1419934461470088,0.198756867917597,-0.011437525423966192,0.5064407380505557,-0.007130312434341576,0.8621694267947416
lateral,46,102555.224425092,290.074,rh_lower_leg_link,-0.3793774732728071,-0.1446559478710104,0.09507402216737344,-0.01150883762280426,-0.5427172130155891,0.007014627560114962,0.8398073400211244
lateral,46,102555.224425092,290.074,rh_foot_link,-0.18518169720980493,-0.1471515611743655,0.007605327918925653,-0.01150883762280426,-0.5427172130155891,0.007014627560114962,0.8398073400211244
lateral,46,102555.224425092,290.074,lh_hip_link,-0.19334747112538267,0.046456955378067155,0.19784653200739824,0.02657288150220745,-0.01752775161816884,0.0005836633698905444,0.9994930311057462
lateral,46,102555.224425092,290.074,lh_upper_leg_link,-0.19354785501983887,0.14182202176746356,0.20291742530551254,0.023010543146179945,0.4657688565215416,0.013303142424912318,0.8845071585919222
lateral,46,102555.224425092,290.074,lh_lower_leg_link,-0.369179987179685,0.14785281886587226,0.0825596933588521,0.022855893581891485,-0.5438036160864615,-0.013567122864961558,0.8387914928258563
lateral,46,102555.224425092,290.074,lh_foot_link,-0.17473316658951507,0.1528768407595123,-0.004240036861848928,0.022855893581891485,-0.5438036160864615,-0.013567122864961558,0.8387914928258563
lateral,46,102555.224425092,290.074,d435_link,0.33757416302490834,0.015668660991511655,0.26247164829046926,0.020433831168876787,-0.023901168777713037,0.0003006114037293773,0.999505428853493
lateral,46,102555.224425092,290.074,velodyne_base_link,0.19592274589363828,-0.003337281655265106,0.29349019385292907,0.020433831168876787,-0.023901168777713037,0.0003006114037293773,0.999505428853493
lateral,46,102555.224425092,290.074,gps_frame,-0.0033710475057670583,-0.0028534915652598703,0.273951773762657,0.020433831168876787,-0.023901168777713037,0.0003006114037293773,0.999505428853493
lateral,47,102555.327444925,290.17400000000004,trunk,-2.4013872771647178e-05,3.75977205152991e-06,0.18982483190707924,0.02681963724520668,-0.015900077265966612,-0.0006601698936783604,0.9995136111012612
lateral,47,102555.327444925,290.17400000000004,imu_link,-2.4013872771647178e-05,3.75977205152991e-06,0.18982483190707924,0.02681963724520668,-0.015900077265966612,-0.0006601698936783604,0.9995136111012612
lateral,47,102555.327444925,290.17400000000004,rf_hip_link,0.19318957848927154,-0.04685303766311246,0.19950616823682774,-0.0055117741462082665,-0.022409293930031042,-0.0012260266477705966,0.999732934713055
lateral,47,102555.327444925,290.17400000000004,rf_upper_leg_link,0.19293187857983524,-0.14234694804915668,0.20055338833729708,-0.004199256024664435,0.47144018699508267,-0.00377479064574089,0.8818799619508665
lateral,47,102555.327444925,290.17400000000004,rf_lower_leg_link,0.015814069244633713,-0.1431664236884191,0.08224189237863787,-0.0052595468351153175,-0.5758397260469477,0.0020542547721940124,0.8175431041300492
lateral,47,102555.327444925,290.17400000000004,rf_foot_link,0.21636830951047345,-0.14449425918793452,0.01051160892542674,-0.0052595468351153175,-0.5758397260469477,0.0020542547721940124,0.8175431041300492
lateral,47,102555.327444925,290.17400000000004,lf_hip_link,0.19316598365811005,0.046007398612542966,0.20459918482612638,0.0576460333744544,-0.022441986985570015,0.00019187475882917877,0.9980847936124504
lateral,47,102555.327444925,290.17400000000004,lf_upper_leg_link,0.19288231068543354,0.14087268613441414,0.2155876675711315,0.049309995868233834,0.4949160807825165,0.02986011197578718,0.8670265111305085
lateral,47,102555.327444925,290.17400000000004,lf_lower_leg_link,0.009456182871516726,0.15278996119705696,0.10796873712544314,0.04915167714479592,-0.543421081974984,-0.03012000354557634,0.8374786120763957
lateral,47,102555.327444925,290.17400000000004,lf_foot_link,0.2039609592867294,0.1633529010427625,0.021798462358072784,0.04915167714479592,-0.543421081974984,-0.03012000354557634,0.8374786120763957
lateral,47,102555.327444925,290.17400000000004,rh_hip_link,-0.1932207749754301,-0.046000387926002154,0.18216974058549196,0.05472936906955972,-0.02244245183945327,0.00012629812900464781,0.9982489752388751
lateral,47,102555.327444925,290.17400000000004,rh_upper_leg_link,-0.19296209637781658,-0.14092828184611794,0.1717352764749412,0.04640153913556478,0.5083239649246142,0.029020974411968336,0.859425056007416
lateral,47,102555.327444925,290.17400000000004,rh_lower_leg_link,-0.379640821557422,-0.13022435510620478,0.06972802419519464,0.04567154669416205,-0.5706700137544439,-0.03015675069586322,0.8193536572271667
lateral,47,102555.327444925,290.17400000000004,rh_foot_link,-0.17986476966710432,-0.12161421543143278,-0.003650409870257443,0.04567154669416205,-0.5706700137544439,-0.03015675069586322,0.8193536572271667
lateral,47,102555.327444925,290.17400000000004,lh_hip_link,-0.1932443698065916,0.04686004834965327,0.1872627571747906,0.04373949660325883,-0.022442482606171738,-0.00012070731232497694,0.9987908574076506
lateral,47,102555.327444925,290.17400000000004,lh_upper_leg_link,-0.19340883255915564,0.14199463514618113,0.1956074169675513,0.03836358602793271,0.4625082438076721,0.02100936458913368,0.8855354122092358
lateral,47,102555.327444925,290.17400000000004,lh_lower_leg_link,-0.3682279107129385,0.15232739705598827,0.0743616997451407,0.036293424246473076,-0.5738126205584382,-0.02441199479410189,0.8178177782088722
lateral,47,102555.327444925,290.17400000000004,lh_foot_link,-0.16793968368734355,0.1590043067247298,0.0021879857474589037,0.036293424246473076,-0.5738126205584382,-0.02441199479410189,0.8178177782088722
lateral,47,102555.327444925,290.17400000000004,d435_link,0.33849141272261335,0.014515820813356294,0.2429774992087116,0.02681963724520668,-0.015900077265966612,-0.0006601698936783604,0.9995136111012612
lateral,47,102555.327444925,290.17400000000004,velodyne_base_link,0.19732907894877327,-0.0047181287825246625,0.2760191502943654,0.02681963724520668,-0.015900077265966612,-0.0006601698936783604,0.9995136111012612
lateral,47,102555.327444925,290.17400000000004,gps_frame,-0.0022514207554466103,-0.0037476936286174665,0.2596887371512153,0.02681963724520668,-0.015900077265966612,-0.0006601698936783604,0.9995136111012612
lateral,48,102555.426997488,290.274,trunk,-2.7250949831432234e-05,-1.3329593471653275e-06,0.20103032799133194,0.007102033083919773,-0.004911487995749488,-0.00043083600710117016,0.9999626256976195
lateral,48,102555.426997488,290.274,imu_link,-2.7250949831432234e-05,-1.3329593471653275e-06,0.20103032799133194,0.007102033083919773,-0.004911487995749488,-0.00043083600710117016,0.9999626256976195
lateral,48,102555.426997488,290.274,rf_hip_link,0.1933252124056367,-0.04669497529049441,0.19554017391924766,-0.02773900903129379,-0.0014457698959750831,-0.0005563120322288554,0.9996139993238853
lateral,48,102555.426997488,290.274,rf_upper_leg_link,0.19321133791539125,-0.1420479507284174,0.2008361259333177,-0.023564302249144166,0.5092863688386763,-0.01464533252017105,0.8601497732430093
lateral,48,102555.426997488,290.274,rf_lower_leg_link,0.00644967402506216,-0.1475050793214882,0.09856540359092673,-0.02438082323218286,-0.49585422770927906,0.01324150911476686,0.8679624546935881
lateral,48,102555.426997488,290.274,rf_foot_link,0.18993029862357022,-0.15372288198669776,-0.009440148705970736,-0.02438082323218286,-0.49585422770927906,0.01324150911476686,0.8679624546935881
lateral,48,102555.426997488,290.274,lf_hip_link,0.19341698715137093,0.04629392401033625,0.19697411402120868,0.03584478088025353,-0.0014782021702701926,-0.0004633055289103438,0.9993561687156273
lateral,48,102555.426997488,290.274,lf_upper_leg_link,0.19349530123980738,0.1415484769833782,0.203816190081111,0.03173298182117268,0.47497796513678703,0.016675755848045773,0.8792672345004963
lateral,48,102555.426997488,290.274,lf_lower_leg_link,0.015358402849033436,0.15006044883809386,0.08735249716842865,0.03073710711910663,-0.5044220364160159,-0.01844703809057359,0.8627127831494982
lateral,48,102555.426997488,290.274,lf_foot_link,0.20098293888583058,0.15739284719221208,-0.01685291322613916,0.03073710711910663,-0.5044220364160159,-0.01844703809057359,0.8627127831494982
lateral,48,102555.426997488,290.274,rh_hip_link,-0.19347293116039657,-0.04629580305060894,0.19441022020643334,0.015475046412581963,-0.001468455254379038,-0.0004933283239354864,0.999879054288497
lateral,48,102555.426997488,290.274,rh_upper_leg_link,-0.19356280511114837,-0.14175001644765634,0.19145470545872673,0.013802712297826314,0.47988838814621726,0.007014668027084182,0.8771929174862955
lateral,48,102555.426997488,290.274,rh_lower_leg_link,-0.3729307512297867,-0.1380261869757557,0.07664062531502028,0.01289001630612098,-0.5283529683057587,-0.00857717400632038,0.848883631864926
lateral,48,102555.426997488,290.274,rh_foot_link,-0.1818183131974383,-0.13529537851014478,-0.017367771727243603,0.01289001630612098,-0.5283529683057587,-0.00857717400632038,0.848883631864926
lateral,48,102555.426997488,290.274,lh_hip_link,-0.19338115641466233,0.04669309625022173,0.19584416030839435,-0.037719330298528954,-0.001440142727877785,-0.0005707211163529289,0.9992871721322961
lateral,48,102555.426997488,290.274,lh_upper_leg_link,-0.19326185103231608,0.14192128919247612,0.18864506069951908,-0.03187340386327261,0.5204507904118918,-0.020178199298522524,0.8530579705734394
lateral,48,102555.426997488,290.274,lh_lower_leg_link,-0.3826690521279877,0.1348121579786671,0.09146804476216584,-0.032352004728235774,-0.5280719791438172,0.01940158217327613,0.8483613093737654
lateral,48,102555.426997488,290.274,lh_foot_link,-0.19155543441923345,0.12748463541344843,-0.0022917149395756953,-0.032352004728235774,-0.5280719791438172,0.01940158217327613,0.8483613093737654
lateral,48,102555.426997488,290.274,d435_link,0.33956218499322105,0.016590947110705516,0.2461103816509762,0.007102033083919773,-0.004911487995749488,-0.00043083600710117016,0.9999626256976195
lateral,48,102555.426997488,290.274,velodyne_base_link,0.19917672743754752,-0.0013235577981261083,0.28298169598550504,0.007102033083919773,-0.004911487995749488,-0.00043083600710117016,0.9999626256976195
lateral,48,102555.426997488,290.274,gps_frame,-0.0007152619439757765,-0.0009952841839786725,0.2710198893689759,0.007102033083919773,-0.004911487995749488,-0.00043083600710117016,0.9999626256976195
lateral,49,102555.530268595,290.369,trunk,-2.8025167214745885e-05,8.2742520994035e-06,0.19815737941949246,-0.03739894906367371,-0.02709559519053909,0.00038471144317151645,0.9989329303448299
lateral,49,102555.530268595,290.369,imu_link,-2.8025167214745885e-05,8.2742520994035e-06,0.19815737941949246,-0.03739894906367371,-0.02709559519053909,0.00038471144317151645,0.9989329303448299
lateral,49,102555.530268595,290.369,rf_hip_link,0.1928866588394776,-0.04602296988002949,0.2199233360606185,-0.028156153776943034,-0.030047703797006605,1.7802349469561166e-05,0.9991518233902658
lateral,49,102555.530268595,290.369,rf_upper_leg_link,0.19272846490038306,-0.14137155094135453,0.22529670225599063,-0.023858640862308322,0.5056388309113695,-0.01495107249122622,0.8622856854674957
lateral,49,102555.530268595,290.369,rf_lower_leg_link,0.0068383218355036815,-0.1469151407748805,0.12145488349747546,-0.02377031810254345,-0.560367982376616,0.015091099686186051,0.8277650361151563
lateral,49,102555.530268595,290.369,rf_foot_link,0.2045925245280848,-0.15169471982836213,0.04246481487177356,-0.02377031810254345,-0.560367982376616,0.015091099686186051,0.8277650361151563
lateral,49,102555.530268595,290.369,lf_hip_link,0.19315166913400997,0.046707236210369665,0.21284953595205616,-0.029034953108671862,-0.03004770783243193,-8.626302843951981e-06,0.9991266719878821
lateral,49,102555.530268595,290.369,lf_upper_leg_link,0.1933199501724332,0.14204621775227042,0.20730875260985482,-0.02508450555057115,0.47693173734961786,-0.014621769992693752,0.8784606361882353
lateral,49,102555.530268595,290.369,lf_lower_leg_link,0.014684289290707392,0.1356297356587927,0.09147641939113242,-0.02468265285903401,-0.551950480626172,0.015290363771875893,0.8333712488201773
lateral,49,102555.530268595,290.369,lf_foot_link,0.21079640028741972,0.130462232287279,0.00851656868418732,-0.02468265285903401,-0.551950480626172,0.015290363771875893,0.8333712488201773
lateral,49,102555.530268595,290.369,rh_hip_link,-0.19321488493546393,-0.04669121717848475,0.1966985359504971,-0.05125581617433998,-0.030040078937443468,-0.0006771099086981199,0.9982334278553819
lateral,49,102555.530268595,290.369,rh_upper_leg_link,-0.19363807265469724,-0.1416893422991053,0.20646721732114395,-0.04445477623412324,0.45929162776794247,-0.025522343926454336,0.8868052680790454
lateral,49,102555.530268595,290.369,rh_lower_leg_link,-0.3676321601802833,-0.15348976844941054,0.08417327859640637,-0.04361834589062411,-0.5608945736224361,0.026926883802104968,0.8262987716990625
lateral,49,102555.530268595,290.369,rh_foot_link,-0.16969509274537672,-0.16240963020715146,0.0060045290765883,-0.04361834589062411,-0.5608945736224361,0.026926883802104968,0.8262987716990625
lateral,49,102555.530268595,290.369,lh_hip_link,-0.19294987464093155,0.04603898891191441,0.18962473584193476,-0.04550417674616667,-0.030043481244459116,-0.0005040387982337517,0.9985121456838957
lateral,49,102555.530268595,290.369,lh_upper_leg_link,-0.1925926296271044,0.1411434500380312,0.18094926179661408,-0.03836082960462831,0.5023074195415026,-0.024481235845054336,0.8634908060408637
lateral,49,102555.530268595,290.369,lh_lower_leg_link,-0.37776501420241004,0.13227109808050833,0.07606137230770782,-0.038319578940611304,-0.5729791504639759,0.024545753731974897,0.8183055718844422
lateral,49,102555.530268595,290.369,lh_foot_link,-0.1776248404909821,0.12490431422929751,0.0035448820282616145,-0.038319578940611304,-0.5729791504639759,0.024545753731974897,0.8183055718844422
lateral,49,102555.530268595,290.369,d435_link,0.3372469255073465,0.02150965094553007,0.2565679816057356,-0.03739894906367371,-0.02709559519053909,0.00038471144317151645,0.9989329303448299
lateral,49,102555.530268595,290.369,velodyne_base_link,0.19534527590304926,0.0065431121846716905,0.28863704079210706,-0.03739894906367371,-0.02709559519053909,0.00038471144317151645,0.9989329303448299
lateral,49,102555.530268595,290.369,gps_frame,-0.00381937498216533,0.005237080743324262,0.26785878004572095,-0.03739894906367371,-0.02709559519053909,0.00038471144317151645,0.9989329303448299
lateral,50,102555.633555791,290.47400000000005,trunk,-2.8584802686068413e-05,1.236299129470264e-05,0.1882332276273917,-0.01414293906505339,-0.00840336673091309,0.0005060103413402848,0.9998645431535825
lateral,50,102555.633555791,290.47400000000005,imu_link,-2.8584802686068413e-05,1.236299129470264e-05,0.1882332276273917,-0.01414293906505339,-0.00840336673091309,0.0005060103413402848,0.9998645431535825
lateral,50,102555.633555791,290.47400000000005,rf_hip_link,0.19336229841958538,-0.046149597165793164,0.19294717804973077,0.0189897404729185,-0.013987950871225556,0.0011402548981258099,0.9997211745311604
lateral,50,102555.633555791,290.47400000000005,rf_upper_leg_link,0.19363076124344247,-0.14158047227472106,0.1893241953480855,0.015927441994137457,0.4833970033895164,0.010403221423428687,0.8751945079178538
lateral,50,102555.633555791,290.47400000000005,rf_lower_leg_link,0.01333388697732975,-0.13778450397989864,0.0759768188695173,0.016604040775575164,-0.5511465216067181,-0.009285270829896995,0.834191585486424
lateral,50,102555.633555791,290.47400000000005,rf_foot_link,0.20925808751775052,-0.13406407286202535,-0.007502915407097355,0.016604040775575164,-0.5511465216067181,-0.009285270829896995,0.834191585486424
lateral,50,102555.633555791,290.47400000000005,lf_hip_link,0.19322917885274538,0.046844326692639424,0.1918924721224837,-0.014910200539559805,-0.014018564642552746,0.0006654293133682078,0.9997903395057695
lateral,50,102555.633555791,290.47400000000005,lf_upper_leg_link,0.19314203124664023,0.142301780129266,0.1890434391832162,-0.01347365214180109,0.45750460221677386,-0.006420091452831353,0.8890819883869938
lateral,50,102555.633555791,290.47400000000005,lf_lower_leg_link,0.019825804149657386,0.13844990514764893,0.06528703133298354,-0.011889583453057751,-0.5797775401764012,0.00902190011104948,0.8146381080152711
lateral,50,102555.633555791,290.47400000000005,lf_foot_link,0.22107508193385472,0.1365520697309792,-0.004456258036462324,-0.011889583453057751,-0.5797775401764012,0.00902190011104948,0.8146381080152711
lateral,50,102555.633555791,290.47400000000005,rh_hip_link,-0.19328533104166923,-0.04682596292477097,0.1821123655754652,-0.06281483702954563,-0.014034347079314285,-7.270891446401904e-06,0.9979265169831609
lateral,50,102555.633555791,290.47400000000005,rh_upper_leg_link,-0.19345509586030535,-0.14157233349822337,0.19408510306796833,-0.05589119258625245,0.44285840736641074,-0.02866842156800188,0.8943884655008538
lateral,50,102555.633555791,290.47400000000005,rh_lower_leg_link,-0.36287093518355384,-0.15745889012801798,0.06596449307547879,-0.0524697420935831,-0.5604607594374135,0.0345344750727025,0.8257953943483358
lateral,50,102555.633555791,290.47400000000005,rh_foot_link,-0.16493517749056177,-0.16767183680719583,-0.01204916948839177,-0.0524697420935831,-0.5604607594374135,0.0345344750727025,0.8257953943483358
lateral,50,102555.633555791,290.47400000000005,lh_hip_link,-0.19341845060850923,0.04616796093366162,0.18105765964821813,0.040431129053107154,-0.013960271582026468,0.0014400583892967452,0.9990837606790947
lateral,50,102555.633555791,290.47400000000005,lh_upper_leg_link,-0.19380105579069623,0.14135534169040903,0.1887690899918424,0.035085422835034775,0.4539445658077394,0.020143561481535732,0.8901109937580534
lateral,50,102555.633555791,290.47400000000005,lh_lower_leg_link,-0.36623213601517624,0.15076391818483637,0.0640774653293676,0.03436267013784252,-0.5687770071680016,-0.021353146505173788,0.8214961753729213
lateral,50,102555.633555791,290.47400000000005,lh_foot_link,-0.16687185208572658,0.157615541723845,-0.01060541387630426,0.03436267013784252,-0.5687770071680016,-0.021353146505173788,0.8214961753729213
lateral,50,102555.633555791,290.47400000000005,d435_link,0.3392116945965503,0.01910356250658874,0.23492432885873155,-0.01414293906505339,-0.00840336673091309,0.0005060103413402848,0.9998645431535825
lateral,50,102555.633555791,290.47400000000005,velodyne_base_link,0.19859756456403715,0.0025241624109171223,0.2715479541253148,-0.01414293906505339,-0.00840336673091309,0.0005060103413402848,0.9998645431535825
lateral,50,102555.633555791,290.47400000000005,gps_frame,-0.001205898690195309,0.001991510947627193,0.258195338125698,-0.01414293906505339,-0.00840336673091309,0.0005060103413402848,0.9998645431535825
lateral,51,102555.734553592,290.574,trunk,-2.9286196725422638e-05,3.840387733624288e-06,0.207122309051502,0.03258530292997261,-0.032755631343854924,0.00034198577217600163,0.998932004539828
lateral,51,102555.734553592,290.574,imu_link,-2.9286196725422638e-05,3.840387733624288e-06,0.207122309051502,0.03258530292997261,-0.032755631343854924,0.00034198577217600163,0.998932004539828
lateral,51,102555.734553592,290.574,rf_hip_link,0.19325814716811124,-0.04645180018034832,0.21328498489738973,0.012725192927211443,-0.021264349533050137,0.00031767857639945226,0.9996928508218029
lateral,51,102555.734553592,290.574,rf_upper_leg_link,0.19337048839293663,-0.1419208521724982,0.21085650982661233,0.010906180049224357,0.4754880171573955,0.006564045356832619,0.879630100715645
lateral,51,102555.734553592,290.574,rf_lower_leg_link,0.015163969772109022,-0.13916366117200932,0.09422103229583943,0.011202857870833005,-0.5149198218012023,-0.006043792703143471,0.8571438302067543
lateral,51,102555.734553592,290.574,rf_foot_link,0.20321232165312209,-0.13639875424690767,-0.005774830841243417,0.011202857870833005,-0.5149198218012023,-0.006043792703143471,0.8571438302067543
lateral,51,102555.734553592,290.574,lf_hip_link,0.19313492484215877,0.046509215814945756,0.21597465427875648,-0.013287556900810585,-0.02126541673981249,-0.00023565148786998144,0.9996855342310731
lateral,51,102555.734553592,290.574,lf_upper_leg_link,0.19323389012049105,0.14197548240724267,0.2134384861451002,-0.011126932127658449,0.5136923705074897,-0.007266779303274362,0.8578715135627129
lateral,51,102555.734553592,290.574,lf_lower_leg_link,0.005468891162124857,0.139499319484974,0.11290404536311188,-0.011362714871423806,-0.5515148231802985,0.0068922718146296694,0.8340592215858463
lateral,51,102555.734553592,290.574,lf_foot_link,0.20146055959072023,0.13708134900184196,0.029534870452248035,-0.011362714871423806,-0.5515148231802985,0.0068922718146296694,0.8340592215858463
lateral,51,102555.734553592,290.574,rh_hip_link,-0.19319197406718697,-0.046488150136916054,0.19683680943918389,-0.013362559089532534,-0.021265399000016408,-0.00023724694251766923,0.9996845345076801
lateral,51,102555.734553592,290.574,rh_upper_leg_link,-0.19329154852693592,-0.14195403481105326,0.199387289455044,-0.01129084995829401,0.5016268660240885,-0.007150592895157335,0.8649808512396782
lateral,51,102555.734553592,290.574,rh_lower_leg_link,-0.37816633408290823,-0.14458647603972852,0.09363576975527398,-0.011470181999818486,-0.5462792904128057,0.006859241679954308,0.8374964612430005
lateral,51,102555.734553592,290.574,rh_foot_link,-0.18323484747194413,-0.14708248465659599,0.00781918937231968,-0.011470181999818486,-0.5462792904128057,0.006859241679954308,0.8374964612430005
lateral,51,102555.734553592,290.574,lh_hip_link,-0.19331519639313943,0.046472865858378024,0.19952647882055063,0.025321140855206054,-0.02125865826668299,0.000585601777681345,0.9994531336411173
lateral,51,102555.734553592,290.574,lh_upper_leg_link,-0.19352979922045677,0.14185033876558065,0.2043577941137537,0.021832722704748057,0.46800284402805187,0.012838820932966831,0.883363931162012
lateral,51,102555.734553592,290.574,lh_lower_leg_link,-0.36976478022695525,0.14750661129510895,0.08486621260814796,0.022033572481763984,-0.5311182041544311,-0.012490988245213497,0.8469190930142743
lateral,51,102555.734553592,290.574,lh_foot_link,-0.17802670910081256,0.15262988409739944,-0.007758104699023327,0.022033572481763984,-0.5311182041544311,-0.012490988245213497,0.8469190930142743
lateral,51,102555.734553592,290.574,d435_link,0.3364768379923812,0.014270554285731738,0.27184162037183496,0.03258530292997261,-0.032755631343854924,0.00034198577217600163,0.998932004539828
lateral,51,102555.734553592,290.574,velodyne_base_link,0.19430797370474534,-0.005496324896578161,0.2998734685905259,0.03258530292997261,-0.032755631343854924,0.00034198577217600163,0.998932004539828
lateral,51,102555.734553592,290.574,gps_frame,-0.004608616864287495,-0.004554798163061839,0.2768234463822538,0.03258530292997261,-0.032755631343854924,0.00034198577217600163,0.998932004539828
lateral,52,102555.830935053,290.66400000000004,trunk,-2.8896461031019448e-05,2.762267970974627e-06,0.18788900988860335,0.036221842019446095,-0.018907985165784996,-0.0012848397025759528,0.9991640583230701
lateral,52,102555.830935053,290.66400000000004,imu_link,-2.8896461031019448e-05,2.762267970974627e-06,0.18788900988860335,0.036221842019446095,-0.018907985165784996,-0.0012848397025759528,0.9991640583230701
lateral,52,102555.830935053,290.66400000000004,rf_hip_link,0.19307244863025283,-0.047135097323440255,0.20297169553598524,0.008443900036494138,-0.029123561063011623,-0.0018040080864539973,0.9995385256697247
lateral,52,102555.830935053,290.66400000000004,rf_upper_leg_link,0.19277501213361373,-0.14262085752987683,0.20134961991217384,0.008275354021227142,0.45355663985702777,0.0024642258065479383,0.8911856263139571
lateral,52,102555.830935053,290.66400000000004,rf_lower_leg_link,0.02057577962028279,-0.13995528582292033,0.07601279751231044,0.005923018885144654,-0.5919480330590294,-0.0062826539207978755,0.8059298804887085
lateral,52,102555.830935053,290.66400000000004,rf_foot_link,0.22382285886215927,-0.1395060546492911,0.012299196366251791,0.005923018885144654,-0.5919480330590294,-0.0062826539207978755,0.8059298804887085
lateral,52,102555.830935053,290.66400000000004,lf_hip_link,0.19300819235272249,0.045551350793111935,0.2106017811625349,0.07209441883378477,-0.029179329286941842,5.474058070616241e-05,0.9969708915103047
lateral,52,102555.830935053,290.66400000000004,lf_upper_leg_link,0.19259596821620453,0.14005860762242106,0.22432979914985823,0.06167150389330747,0.4907352126645072,0.03733944069010833,0.8683209906639413
lateral,52,102555.830935053,290.66400000000004,lf_lower_leg_link,0.01008970192325011,0.1550652597755382,0.11553980349326962,0.06174668876975397,-0.5402619631162526,-0.03721497883223223,0.8384028882263351
lateral,52,102555.830935053,290.66400000000004,lf_foot_link,0.20402837111142577,0.16855359752996063,0.02850614714044261,0.06174668876975397,-0.5402619631162526,-0.03721497883223223,0.8384028882263351
lateral,52,102555.830935053,290.66400000000004,rh_hip_link,-0.1930688802835236,-0.04554991973572136,0.18046388985177622,0.06908718154937495,-0.029179361671399732,-3.326584744426136e-05,0.9971837970461598
lateral,52,102555.830935053,290.66400000000004,rh_upper_leg_link,-0.19269017547411854,-0.14013826914136027,0.16730521440992016,0.05833246200186398,0.5100886589299249,0.037018422952011264,0.857342708763548
lateral,52,102555.830935053,290.66400000000004,rh_lower_leg_link,-0.37990872717280016,-0.12687764177164923,0.06659588186516668,0.05686911555568298,-0.5898566361128811,-0.03922936982628294,0.8045471453386329
lateral,52,102555.830935053,290.66400000000004,rh_foot_link,-0.17679260352895543,-0.11724400089752171,0.0031921494875951084,0.05686911555568298,-0.5898566361128811,-0.03922936982628294,0.8045471453386329
lateral,52,102555.830935053,290.66400000000004,lh_hip_link,-0.19313313656105394,0.04713652838083083,0.18809397547832588,0.06979383628751615,-0.02917937791874987,-1.2587363919422448e-05,0.9971345867846048
lateral,52,102555.830935053,290.66400000000004,lh_upper_leg_link,-0.1935197185420908,0.14170613305007637,0.20138647061936557,0.06115277226459177,0.4551753417199987,0.03363804671090925,0.8876622266086983
lateral,52,102555.830935053,290.66400000000004,lh_lower_leg_link,-0.36651789984308636,0.15830811839539316,0.07824020251049522,0.058086845752555495,-0.5769302674832197,-0.0386923518629866,0.8138060498175043
lateral,52,102555.830935053,290.66400000000004,lh_foot_link,-0.16554947804747494,0.16893623800378227,0.00847103658047274,0.058086845752555495,-0.5769302674832197,-0.0386923518629866,0.8138060498175043
lateral,52,102555.830935053,290.66400000000004,d435_link,0.3381759201863692,0.013116219964839797,0.243333028715983,0.036221842019446095,-0.018907985165784996,-0.0012848397025759528,0.9991640583230701
lateral,52,102555.830935053,290.66400000000004,velodyne_base_link,0.19679724349994301,-0.006571459843997644,0.275160140462726,0.036221842019446095,-0.018907985165784996,-0.0012848397025759528,0.9991640583230701
lateral,52,102555.830935053,290.66400000000004,gps_frame,-0.002680317044546942,-0.005060655383916046,0.2576552751646798,0.036221842019446095,-0.018907985165784996,-0.0012848397025759528,0.9991640583230701
lateral,53,102555.933286271,290.764,trunk,-3.24730155012574e-05,-5.135684638903476e-06,0.1946932085301631,0.012299411824885604,-0.0013868479172103793,-0.0009151530232235793,0.9999229788421509
lateral,53,102555.933286271,290.764,imu_link,-3.24730155012574e-05,-5.135684638903476e-06,0.1946932085301631,0.012299411824885604,-0.0013868479172103793,-0.0009151530232235793,0.9999229788421509
lateral,53,102555.933286271,290.764,rf_hip_link,0.19326977756620026,-0.04690301064094944,0.19070684352878103,-0.017737002342734762,-0.005507567139591317,-0.0011861801648329975,0.999826814217699
lateral,53,102555.933286271,290.764,rf_upper_leg_link,0.19302459803508906,-0.1423426530603309,0.19409277646641032,-0.014682719141238506,0.5025296965157615,-0.010021279065525027,0.8643771722137779
lateral,53,102555.933286271,290.764,rf_lower_leg_link,0.007918082194614207,-0.14560386067004644,0.08876499134621359,-0.016007645836227533,-0.4987002599870672,0.0077306888613841475,0.8665922007572777
lateral,53,102555.933286271,290.764,rf_foot_link,0.19207511572922142,-0.14987101938240643,-0.01817881799428564,-0.016007645836227533,-0.4987002599870672,0.0077306888613841475,0.8665922007572777
lateral,53,102555.933286271,290.764,lf_hip_link,0.1934406614883528,0.04605330340506947,0.19355192308180785,0.042599674105395585,-0.005569084336489806,-0.0008518326323951456,0.9990763371469337
lateral,53,102555.933286271,290.764,lf_upper_leg_link,0.19355789817620397,0.1412065509552,0.2016818515084665,0.03795915553617401,0.46659592435220515,0.019353562041651975,0.8834437081813372
lateral,53,102555.933286271,290.764,lf_lower_leg_link,0.017642953933615545,0.15164546112044638,0.08204088215979863,0.036194136109824096,-0.514874917730547,-0.0224820453692063,0.8562057937430948
lateral,53,102555.933286271,290.764,lf_foot_link,0.2057869640146455,0.15991590511339424,-0.017470078175175596,0.036194136109824096,-0.514874917730547,-0.0224820453692063,0.8562057937430948
lateral,53,102555.933286271,290.764,rh_hip_link,-0.19350566812288147,-0.046061111814627576,0.18643065148699028,0.028835600094341083,-0.0055568240330132945,-0.0009284534703878116,0.9995682907375657
lateral,53,102555.933286271,290.764,rh_upper_leg_link,-0.193652321416809,-0.1414021322276259,0.18092444413350148,0.02573649815025113,0.4753041445966548,0.01303788792748115,0.8793484043714384
lateral,53,102555.933286271,290.764,rh_lower_leg_link,-0.37184534846383943,-0.1344010836153414,0.06444598934402249,0.024006395091237767,-0.5320605241121641,-0.016001464100851348,0.8462146564689375
lateral,53,102555.933286271,290.764,rh_foot_link,-0.17988056769459998,-0.1293739359997127,-0.027712844910044138,0.024006395091237767,-0.5320605241121641,-0.016001464100851348,0.8462146564689375
lateral,53,102555.933286271,290.764,lh_hip_link,-0.19333478420072894,0.046895202231391334,0.1892757310400171,-0.033480679386380365,-0.005488203425989065,-0.0012727695531836141,0.9994234857099596
lateral,53,102555.933286271,290.764,lh_upper_leg_link,-0.19305672934926071,0.14218079024700006,0.18288594215310924,-0.027948681583905777,0.5144352199408124,-0.018478285424534183,0.8568744532601837
lateral,53,102555.933286271,290.764,lh_lower_leg_link,-0.3810602598453487,0.13602822968592757,0.08295687471250517,-0.029194877750025452,-0.5277615203543039,0.016438824400490916,0.8487315251590485
lateral,53,102555.933286271,290.764,lh_foot_link,-0.19003855001308992,0.12916842233326886,-0.011025301341493016,-0.029194877750025452,-0.5277615203543039,0.016438824400490916,0.8487315251590485
lateral,53,102555.933286271,290.764,d435_link,0.33988104673792807,0.015835017980034356,0.23754631367686818,0.012299411824885604,-0.0013868479172103793,-0.0009151530232235793,0.9999229788421509
lateral,53,102555.933286271,290.764,velodyne_base_link,0.19974274313249923,-0.0023455429180401425,0.2752188908122868,0.012299411824885604,-0.0013868479172103793,-0.0009151530232235793,0.9999229788421509
lateral,53,102555.933286271,290.764,gps_frame,-0.00022819258773034055,-0.0017267430311023557,0.2646717606871894,0.012299411824885604,-0.0013868479172103793,-0.0009151530232235793,0.9999229788421509
lateral,54,102556.03346753,290.86400000000003,trunk,-2.6820871323079488e-05,-2.1583413598511037e-06,0.21637455551694132,0.0014465504843407917,-0.001989606773360017,-0.0003104684887186374,0.9999969262782267
lateral,54,102556.03346753,290.86400000000003,imu_link,-2.6820871323079488e-05,-2.1583413598511037e-06,0.21637455551694132,0.0014465504843407917,-0.001989606773360017,-0.0003104684887186374,0.9999969262782267
lateral,54,102556.03346753,290.86400000000003,rf_hip_link,0.19333808121596346,-0.046634574153420594,0.21680881793991227,0.006721590251968393,-0.001200372226971335,-0.00033624876504962633,0.9999766328608731
lateral,54,102556.03346753,290.86400000000003,rf_upper_leg_link,0.1932754002689183,-0.14212592322121984,0.21552494710895154,0.005873688036649206,0.530111435408642,0.003285213477915537,0.8479012756272052
lateral,54,102556.03346753,290.86400000000003,rf_lower_leg_link,0.001787778893961438,-0.1407462036456068,0.12225336926203285,0.005498955775410477,-0.5359799854912375,-0.0038799902225951114,0.8442038630058889
lateral,54,102556.03346753,290.86400000000003,rf_foot_link,0.1945518034136806,-0.13965451789592476,0.03164520697416262,0.005498955775410477,-0.5359799854912375,-0.0038799902225951114,0.8442038630058889
lateral,54,102556.03346753,290.86400000000003,lf_hip_link,0.1934018813914281,0.04636534934900762,0.21690960524125807,0.008261258880349287,-0.001200888530552106,-0.0003344001382624173,0.9999650982134309
lateral,54,102556.03346753,290.86400000000003,lf_upper_leg_link,0.19346385470609614,0.14185229254665516,0.2184875273171227,0.007305303169857819,0.502613584948511,0.0038720495008567756,0.8644716444184073
lateral,54,102556.03346753,290.86400000000003,lf_lower_leg_link,0.008356852744554097,0.14371352180390545,0.11312655897276092,0.006914558575727592,-0.5150096237871359,-0.004533111673393004,0.8571445194276704
lateral,54,102556.03346753,290.86400000000003,lf_foot_link,0.19642265566833642,0.14524379041998295,0.01313699927478193,0.006914558575727592,-0.5150096237871359,-0.004533111673393004,0.8571445194276704
lateral,54,102556.03346753,290.86400000000003,rh_hip_link,-0.19346071664312153,-0.04636821646490943,0.2158819801178381,-0.010110369650745564,-0.001194542646752932,-0.00035640507904632993,0.999948111888217
lateral,54,102556.03346753,290.86400000000003,rh_upper_leg_link,-0.19353109323915574,-0.1418486682644899,0.21781287920446063,-0.008634442026027277,0.48965422721434443,-0.005271907620042397,0.8718580109008967
lateral,54,102556.03346753,290.86400000000003,rh_lower_leg_link,-0.37541370195304075,-0.14395591798941423,0.10698293674291906,-0.008827072302105794,-0.5199916217939994,0.0049426100016574034,0.8541114486207237
lateral,54,102556.03346753,290.86400000000003,rh_foot_link,-0.1861953964186966,-0.1460727919582937,0.009202817621947051,-0.008827072302105794,-0.5199916217939994,0.0049426100016574034,0.8541114486207237
lateral,54,102556.03346753,290.86400000000003,lh_hip_link,-0.1933969164676569,0.04663170703751879,0.2159827674191839,-0.006581420351130663,-0.0011957929863937351,-0.0003521872356759596,0.9999775652230636
lateral,54,102556.03346753,290.86400000000003,lh_upper_leg_link,-0.19332814704166737,0.14212341016374855,0.2147258247721012,-0.005397737572813906,0.528218661391278,-0.0037820045983952707,0.8490828031636957
lateral,54,102556.03346753,290.86400000000003,lh_lower_leg_link,-0.38439843212309927,0.14102202944734687,0.12059860703239587,-0.005704773204819864,-0.5473288356265027,0.003300710888402555,0.8368916934478735
lateral,54,102556.03346753,290.86400000000003,lh_foot_link,-0.18925899931804832,0.1397577879434339,0.035228802898013556,-0.005704773204819864,-0.5473288356265027,0.003300710888402555,0.8368916934478735
lateral,54,102556.03346753,290.86400000000003,d435_link,0.3398160132799137,0.01716467798723975,0.25927732706520007,0.0014465504843407917,-0.001989606773360017,-0.0003104684887186374,0.9999969262782267
lateral,54,102556.03346753,290.86400000000003,velodyne_base_link,0.19965314919576607,-0.00035884511424070565,0.2971692479698026,0.0014465504843407917,-0.001989606773360017,-0.0003104684887186374,0.9999969262782267
lateral,54,102556.03346753,290.86400000000003,gps_frame,-0.0003054278385917916,-0.0002045883072573114,0.28637370837086307,0.0014465504843407917,-0.001989606773360017,-0.0003104684887186374,0.9999969262782267
lateral,55,102556.125284799,290.954,trunk,-2.90419132913278e-05,1.28626226903531e-06,0.18791686696694143,-0.01538801433604668,-0.02063728286618624,0.0006865654316743335,0.9996683651084507
lateral,55,102556.125284799,290.954,imu_link,-2.90419132913278e-05,1.28626226903531e-06,0.18791686696694143,-0.01538801433604668,-0.02063728286618624,0.0006865654316743335,0.9996683651084507
lateral,55,102556.125284799,290.954,rf_hip_link,0.19315514304724468,-0.04590500600725861,0.20158877880484138,-0.005475007055718632,-0.02200094328530772,0.0011132898765868965,0.9997423384942479
lateral,55,102556.125284799,290.954,rf_upper_leg_link,0.19334471965888464,-0.14139904391998617,0.20263891395369837,-0.005288853799304756,0.4853673654649885,-0.0018008725937887174,0.8742924598925503
lateral,55,102556.125284799,290.954,rf_lower_leg_link,0.012566272312709102,-0.14299650993022192,0.09000854026412829,-0.004015303836728388,-0.5565941409340096,0.003884900475975414,0.8307657595022333
lateral,55,102556.125284799,290.954,rf_foot_link,0.2095550424114043,-0.1434964056361881,0.008988946588977226,-0.004015303836728388,-0.5565941409340096,0.003884900475975414,0.8307657595022333
lateral,55,102556.125284799,290.954,lf_hip_link,0.1932158278912727,0.04686175055862055,0.19500659120521852,-0.04894790785562722,-0.022028544230484285,0.00015543126530688885,0.9985583715520913
lateral,55,102556.125284799,290.954,lf_upper_leg_link,0.1933921292880174,0.14190412948673722,0.1856703646922319,-0.04306782037556698,0.4579753468809406,-0.023261227190737487,0.8876162795977556
lateral,55,102556.125284799,290.954,lf_lower_leg_link,0.019793642946481897,0.13015733714908553,0.06281036953634794,-0.03991542269889713,-0.5933896254433224,0.02833162319899052,0.803425684537103
lateral,55,102556.125284799,290.954,lf_foot_link,0.22336853554348546,0.12365769134049882,0.0004884816599250164,-0.03991542269889713,-0.5933896254433224,0.02833162319899052,0.803425684537103
lateral,55,102556.125284799,290.954,rh_hip_link,-0.1932694436332039,-0.04685920938245588,0.18457794976086556,-0.10073785485107604,-0.02200689241260124,-0.0009887396688874036,0.9946690925530012
lateral,55,102556.125284799,290.954,rh_upper_leg_link,-0.19388071925446004,-0.14042073261828522,0.20371215243320684,-0.08894933332352477,0.43881807318413324,-0.04729808777772932,0.8929107489782142
lateral,55,102556.125284799,290.954,rh_lower_leg_link,-0.36259056756334174,-0.16541353921879956,0.07611377195044579,-0.0847536071032042,-0.564289106090931,0.05446025237845478,0.8194075370296326
lateral,55,102556.125284799,290.954,rh_foot_link,-0.16364922810724894,-0.18190673299656115,0.0018216592168258106,-0.0847536071032042,-0.564289106090931,0.05446025237845478,0.8194075370296326
lateral,55,102556.125284799,290.954,lh_hip_link,-0.19320875878917587,0.04590754718342328,0.1779957621612427,0.0012304076127564938,-0.021992981576191964,0.0012608255953613042,0.9997565729602951
lateral,55,102556.125284799,290.954,lh_upper_leg_link,-0.19345468637975688,0.14140695439886483,0.17822541650902185,0.00048484292525464046,0.45500843724941853,0.0016936680351467498,0.8904853836238787
lateral,55,102556.125284799,290.954,lh_lower_leg_link,-0.36606101874633973,0.14126258823542787,0.05342143746441119,0.001732246185533643,-0.5943743778036226,0.00032079156496308105,0.8041865426792973
lateral,55,102556.125284799,290.954,lh_foot_link,-0.16243842031852382,0.1419372526818691,-0.009079620425748947,0.001732246185533643,-0.5943743778036226,0.00032079156496308105,0.8041865426792973
lateral,55,102556.125284799,290.954,d435_link,0.33795491700161656,0.01945124278182638,0.24284448031026082,-0.01538801433604668,-0.02063728286618624,0.0006865654316743335,0.9996683651084507
lateral,55,102556.125284799,290.954,velodyne_base_link,0.19649784996794012,0.002861846847328401,0.2760587863960189,-0.01538801433604668,-0.02063728286618624,0.0006865654316743335,0.9996683651084507
lateral,55,102556.125284799,290.954,gps_frame,-0.002918782431547007,0.002152910182667656,0.2578240905868387,-0.01538801433604668,-0.02063728286618624,0.0006865654316743335,0.9996683651084507
lateral,56,102556.229439885,291.059,trunk,-2.7700100142575766e-05,6.756991853697325e-06,0.20358812329581494,4.573002723231128e-05,-0.01666526424289626,0.00031146891700891576,0.9998610752817577
lateral,56,102556.229439885,291.059,imu_link,-2.7700100142575766e-05,6.756991853697325e-06,0.20358812329581494,4.573002723231128e-05,-0.01666526424289626,0.00031146891700891576,0.9998610752817577
lateral,56,102556.229439885,291.059,rf_hip_link,0.19337079701886192,-0.04629593667931416,0.20505033375985632,-0.017317094364386377,-0.008211684833292807,0.0003310418224017782,0.9998162715650738
lateral,56,102556.229439885,291.059,rf_upper_leg_link,0.1934068537084382,-0.14173863833224473,0.20835781030623135,-0.015210362543327496,0.4877955531502579,-0.008284697774438207,0.8727860602581372
lateral,56,102556.229439885,291.059,rf_lower_leg_link,0.011987438307716617,-0.14567238779384317,0.0968207253038261,-0.014768905023296853,-0.5130051989854095,0.009048247914711363,0.8582107401262391
lateral,56,102556.229439885,291.059,rf_foot_link,0.19959792530712206,-0.1490944605713324,-0.0039740889762323595,-0.014768905023296853,-0.5130051989854095,0.009048247914711363,0.8582107401262391
lateral,56,102556.229439885,291.059,lf_hip_link,0.19332026722778892,0.04667602167159235,0.20276726408559803,-0.04570687417075718,-0.008217774338667048,9.768013234838056e-05,0.9989210881231054
lateral,56,102556.229439885,291.059,lf_upper_leg_link,0.19337337172820035,0.14177699824500922,0.1940465167154211,-0.038747768331828344,0.5246863552323167,-0.02424331530902171,0.8500677036243393
lateral,56,102556.229439885,291.059,lf_lower_leg_link,0.00296913614948642,0.13316409203359014,0.09896210726634841,-0.038631361192866906,-0.5390291098044274,0.024428381449779712,0.8410460694251991
lateral,56,102556.229439885,291.059,lf_foot_link,0.1964975348521369,0.1249324319308978,0.010373176425403613,-0.038631361192866906,-0.5390291098044274,0.024428381449779712,0.8410460694251991
lateral,56,102556.229439885,291.059,rh_hip_link,-0.19337695298775778,-0.04666199145174352,0.19870337632177926,-0.04842252948841797,-0.008218009535782141,7.53376353759361e-05,0.9987931303735793
lateral,56,102556.229439885,291.059,rh_upper_leg_link,-0.19343858679617218,-0.14171414476752067,0.20794103572812547,-0.04145308663171995,0.5105385305659548,-0.025027757520783494,0.85849033877484
lateral,56,102556.229439885,291.059,rh_lower_leg_link,-0.380593113062186,-0.15143096613838355,0.10670978225079922,-0.04134301839587606,-0.5256749506557972,0.02520916237668887,0.8493062458355108
lateral,56,102556.229439885,291.059,rh_foot_link,-0.18995758408302213,-0.1607437770836102,0.012156270189465357,-0.04134301839587606,-0.5256749506557972,0.02520916237668887,0.8493062458355108
lateral,56,102556.229439885,291.059,lh_hip_link,-0.1934274827788308,0.046309966899162995,0.19642030664752097,0.007756892981145859,-0.008200802975711576,0.0005368305534061915,0.9999361425885103
lateral,56,102556.229439885,291.059,lh_upper_leg_link,-0.1935421609023839,0.14179841950219205,0.19790093773156883,0.006588487523961715,0.4640100168133294,0.004129092867764189,0.8857958267688609
lateral,56,102556.229439885,291.059,lh_lower_leg_link,-0.36864747614667526,0.14346838819503532,0.07663948558059763,0.0068875218799568485,-0.5310604629470647,-0.003608270793210494,0.8472982515730133
lateral,56,102556.229439885,291.059,lh_foot_link,-0.17695111683697465,0.14513812726801195,-0.016197564129280306,0.0068875218799568485,-0.5310604629470647,-0.003608270793210494,0.8472982515730133
lateral,56,102556.229439885,291.059,d435_link,0.3383894266709874,0.0177137788386079,0.25639730512332903,4.573002723231128e-05,-0.01666526424289626,0.00031146891700891576,0.9998610752817577
lateral,56,102556.229439885,291.059,velodyne_base_link,0.1971950991166247,0.000122876107408534,0.2902088713037472,4.573002723231128e-05,-0.01666526424289626,0.00031146891700891576,0.9998610752817577
lateral,56,102556.229439885,291.059,gps_frame,-0.0023605109696610517,-3.710221872217935e-07,0.273549240658522,4.573002723231128e-05,-0.01666526424289626,0.00031146891700891576,0.9998610752817577
lateral,57,102556.329543126,291.159,trunk,-2.647547919810623e-05,2.898637242426797e-09,0.19347940506500436,0.03351231124304986,-0.026974304025249245,-0.0005801913209846813,0.999074058964366
lateral,57,102556.329543126,291.159,imu_link,-2.647547919810623e-05,2.898637242426797e-09,0.19347940506500436,0.03351231124304986,-0.026974304025249245,-0.0005801913209846813,0.999074058964366
lateral,57,102556.329543126,291.159,rf_hip_link,0.19312702363484796,-0.046899965414159944,0.20473929483762307,0.00274657994859577,-0.027999358228828732,-0.0012468898057064364,0.9996033901018804
lateral,57,102556.329543126,291.159,rf_upper_leg_link,0.19290365050986025,-0.14239822761296006,0.20420823791387355,0.003006642140079606,0.4604042170659967,0.00024194760403958924,0.8877042629571207
lateral,57,102556.329543126,291.159,rf_lower_leg_link,0.018795953706554715,-0.1413086834748286,0.08151217926723522,0.0015918663825652364,-0.5783428995343805,-0.002562107925451551,0.8157882029807516
lateral,57,102556.329543126,291.159,rf_foot_link,0.21978675523161048,-0.1413867058480751,0.011001955789891799,0.0015918663825652364,-0.5783428995343805,-0.002562107925451551,0.8157882029807516
lateral,57,102556.329543126,291.159,lf_hip_link,0.19301012856131577,0.045874474629376646,0.21121151317062284,0.06058794591708334,-0.02802459278731105,0.0003754923690937198,0.9977693030025201
lateral,57,102556.329543126,291.159,lf_upper_leg_link,0.19261426057245176,0.14067330595404726,0.2227559866541579,0.051477681416434946,0.49705476086261474,0.03195447544489958,0.8656012502987956
lateral,57,102556.329543126,291.159,lf_lower_leg_link,0.008626494377692567,0.15288929100475562,0.11613388950772445,0.05185034245971999,-0.5453764485563258,-0.03134616677969446,0.8359984983091289
lateral,57,102556.329543126,291.159,lf_foot_link,0.203546714211828,0.16407236496263933,0.03098668311394548,0.05185034245971999,-0.5453764485563258,-0.03134616677969446,0.8359984983091289
lateral,57,102556.329543126,291.159,rh_hip_link,-0.19306529902501995,-0.04587626227263063,0.1830902313369875,0.05613873583609469,-0.02802598839253035,0.00025053948911938365,0.9980295203766827
lateral,57,102556.329543126,291.159,rh_upper_leg_link,-0.1927170316562906,-0.14077430277025038,0.17239020238599825,0.047418372868583115,0.5067487447430745,0.03005192748903887,0.8602639648793897
lateral,57,102556.329543126,291.159,rh_lower_leg_link,-0.37903354094185004,-0.1298842343383831,0.06974243194166133,0.04668859131304867,-0.5811337292975381,-0.031173640668256026,0.8118694280741363
lateral,57,102556.329543126,291.159,rh_foot_link,-0.17742471201152177,-0.12145412635793904,0.001538228429123406,0.04668859131304867,-0.5811337292975381,-0.031173640668256026,0.8118694280741363
lateral,57,102556.329543126,291.159,lh_hip_link,-0.19318219409855214,0.04689817777090596,0.18956244966998728,0.05553395366838703,-0.028026135065421075,0.0002335566497221892,0.9980633553009266
lateral,57,102556.329543126,291.159,lh_upper_leg_link,-0.19352398982471514,0.14180911953018452,0.20014764263225382,0.04816116504884204,0.46893442450860573,0.027650980812430188,0.8814853549277104
lateral,57,102556.329543126,291.159,lh_lower_leg_link,-0.3701821560632869,0.15437052397436188,0.08181293335549547,0.04677584648843696,-0.5650610355085287,-0.02993484164049257,0.8231779586403405
lateral,57,102556.329543126,291.159,lh_foot_link,-0.17143355270441857,0.16356779292219026,0.005764245616649288,0.04677584648843696,-0.5650610355085287,-0.02993484164049257,0.8231779586403405
lateral,57,102556.329543126,291.159,d435_link,0.3372287596340954,0.013674170903408524,0.2543105115653339,0.03351231124304986,-0.026974304025249245,-0.0005801913209846813,0.999074058964366
lateral,57,102556.329543126,291.159,velodyne_base_link,0.19536734128697583,-0.005947948139284853,0.28395524851505083,0.03351231124304986,-0.026974304025249245,-0.0005801913209846813,0.999074058964366
lateral,57,102556.329543126,291.159,gps_frame,-0.0038021034139304596,-0.0046851853800127866,0.2632203087334547,0.03351231124304986,-0.026974304025249245,-0.0005801913209846813,0.999074058964366
lateral,58,102556.432137714,291.259,trunk,-2.6584719951279232e-05,-3.790801732129122e-06,0.19432720471491155,0.014636752804423036,-0.0020373975253112422,-0.0008290057574301649,0.999890457614293
lateral,58,102556.432137714,291.259,imu_link,-2.6584719951279232e-05,-3.790801732129122e-06,0.19432720471491155,0.014636752804423036,-0.0020373975253112422,-0.0008290057574301649,0.999890457614293
lateral,58,102556.432137714,291.259,rf_hip_link,0.19328785592717954,-0.04685274075840958,0.1917542636489865,-0.01627541400808052,-0.004587056412287445,-0.001038655018000587,0.9998564852057967
lateral,58,102556.432137714,291.259,rf_upper_leg_link,0.19307524194739442,-0.14230194088848186,0.19486151159934606,-0.013611687285489626,0.4924738957875623,-0.00898275428935254,0.870174404393993
lateral,58,102556.432137714,291.259,rf_lower_leg_link,0.010465890507731309,-0.1454631888559426,0.08525844924215707,-0.014517223775021832,-0.5152804727495836,0.007430889532672533,0.8568664227857133
lateral,58,102556.432137714,291.259,rf_foot_link,0.19860214972257942,-0.14913118915202947,-0.014542822004613182,-0.014517223775021832,-0.5152804727495836,0.007430889532672533,0.8568664227857133
lateral,58,102556.432137714,291.259,lf_hip_link,0.19344005128659933,0.046100890122547214,0.19468672722410763,0.04652945045645694,-0.004643216027892388,-0.0007486225312187613,0.9989058465888786
lateral,58,102556.432137714,291.259,lf_upper_leg_link,0.1935416168990394,0.14118727003521173,0.20356479230219834,0.04131383342328503,0.46986038511341266,0.021417688095291376,0.8815132831135339
lateral,58,102556.432137714,291.259,lf_lower_leg_link,0.016720511450602035,0.15241465755394004,0.08533940400722624,0.03953829613104238,-0.517052143151339,-0.02454125780248701,0.8546879729276253
lateral,58,102556.432137714,291.259,lf_foot_link,0.20539104126793672,0.16140487474828105,-0.013106556667881547,0.03953829613104238,-0.517052143151339,-0.02454125780248701,0.8546879729276253
lateral,58,102556.432137714,291.259,rh_hip_link,-0.19349503212531635,-0.04610710662008387,0.1881931487249342,0.028753830404242287,-0.004629165117328978,-0.0008310963195862098,0.999575458555435
lateral,58,102556.432137714,291.259,rh_upper_leg_link,-0.19362828084122327,-0.14144905918463826,0.18270276386064943,0.025675262390783347,0.4722542586343747,0.01297129080596004,0.8809928726826844
lateral,58,102556.432137714,291.259,rh_lower_leg_link,-0.37100857934798503,-0.13442262547362957,0.06499185132083041,0.02366959084105061,-0.5479196928499653,-0.016346986065498767,0.8360362053782069
lateral,58,102556.432137714,291.259,rh_foot_link,-0.17570137010372974,-0.12980827896093414,-0.01987747071888843,0.02366959084105061,-0.5479196928499653,-0.016346986065498767,0.8360362053782069
lateral,58,102556.432137714,291.259,lh_hip_link,-0.19334283676589656,0.04684652426087293,0.19112561230005531,-0.03051061406274902,-0.004571802086638962,-0.0011038643288596623,0.9995233776849534
lateral,58,102556.432137714,291.259,lh_upper_leg_link,-0.1931054568678154,0.14216849008826699,0.18530182645362153,-0.025624282121600703,0.5087999583384119,-0.01659856176586277,0.860343237497621
lateral,58,102556.432137714,291.259,lh_lower_leg_link,-0.37976499488807625,0.13637474937871957,0.0828633110668131,-0.026433955729660744,-0.5349544117557724,0.015276192962413209,0.8443291190383599
lateral,58,102556.432137714,291.259,lh_foot_link,-0.18717831959059755,0.13034817350010028,-0.007927948870709578,-0.026433955729660744,-0.5349544117557724,0.015276192962413209,0.8443291190383599
lateral,58,102556.432137714,291.259,d435_link,0.339850197456112,0.016241033327216964,0.2439438787599765,0.009023658838883548,-0.0017176957192443067,-0.0007229480773029217,0.9999575493232965
lateral,58,102556.432137714,291.259,velodyne_base_link,0.19969365104537065,-0.0017440382306151182,0.28164241585723465,0.009023658838883548,-0.0017176957192443067,-0.0007229480773029217,0.9999575493232965
lateral,58,102556.432137714,291.259,gps_frame,-0.0002704767728526424,-0.0012682306360113648,0.2709596637291468,0.009023658838883548,-0.0017176957192443067,-0.0007229480773029217,0.9999575493232965
lateral,59,102556.527242312,291.35400000000004,trunk,-2.8720047385994782e-05,3.0171383041548905e-06,0.2010119391978689,-0.003994592507163106,-0.0033424734824641818,7.458192853932775e-05,0.9999864326775921
lateral,59,102556.527242312,291.35400000000004,imu_link,-2.8720047385994782e-05,3.0171383041548905e-06,0.2010119391978689,-0.003994592507163106,-0.0033424734824641818,7.458192853932775e-05,0.9999864326775921
lateral,59,102556.527242312,291.35400000000004,rf_hip_link,0.1930573157674758,-0.0464136396616744,0.21600206902517935,-0.02896547550542558,-0.022928060533419628,-0.0006213912394633185,0.9993172264810849
lateral,59,102556.527242312,291.35400000000004,rf_upper_leg_link,0.192811863740638,-0.1417533171460938,0.2215279762329977,-0.024283066465223126,0.5074931075362303,-0.01580245491603908,0.8611686019037691
lateral,59,102556.527242312,291.35400000000004,rf_lower_leg_link,0.006470576547461038,-0.14724538473798354,0.11849515679784844,-0.024858576967909638,-0.5509588397980709,0.014880727450578614,0.8340293591655127
lateral,59,102556.527242312,291.35400000000004,rf_foot_link,0.20238191107086503,-0.1525849175945562,0.03507310699006386,-0.024858576967909638,-0.5509588397980709,0.014880727450578614,0.8340293591655127
lateral,59,102556.527242312,291.35400000000004,lf_hip_link,0.1932813868057008,0.046448578200773846,0.21094654869221358,-0.014447256831535265,-0.02293466750579748,-0.0002882937653751527,0.9996325298244085
lateral,59,102556.527242312,291.35400000000004,lf_upper_leg_link,0.1933997171995438,0.1419086961892128,0.20818939952120294,-0.012371257243988186,0.4795182459461561,-0.0074671505579147444,0.8774129275668727
lateral,59,102556.527242312,291.35400000000004,lf_lower_leg_link,0.01412703774744949,0.1388099440313015,0.09320807870286092,-0.012504454810082164,-0.5377518304440495,0.0072418887836054125,0.8429793369417917
lateral,59,102556.527242312,291.35400000000004,lf_foot_link,0.20727724285343482,0.13597846769119576,0.003464103923206757,-0.012504454810082164,-0.5377518304440495,0.0072418887836054125,0.8429793369417917
lateral,59,102556.527242312,291.35400000000004,rh_hip_link,-0.19333570713010098,-0.04644702452887166,0.19826310790781504,-0.03485257586010104,-0.02292400159449637,-0.0007564640058618033,0.9991292288132798
lateral,59,102556.527242312,291.35400000000004,rh_upper_leg_link,-0.19363266739854865,-0.14171490714103332,0.2049108411451189,-0.030016752061635676,0.46930898071968946,-0.017727630342111503,0.882345627480507
lateral,59,102556.527242312,291.35400000000004,rh_lower_leg_link,-0.37026285475949633,-0.1494533734225252,0.08612156110501289,-0.02993557875183736,-0.5499251367705139,0.01786436135630956,0.8344861111283131
lateral,59,102556.527242312,291.35400000000004,rh_foot_link,-0.17454155585428965,-0.15591015460315413,0.0023332377440323238,-0.02993557875183736,-0.5499251367705139,0.01786436135630956,0.8344861111283131
lateral,59,102556.527242312,291.35400000000004,lh_hip_link,-0.19311163609187598,0.04641519333357659,0.19320758757484927,-0.04508927519671644,-0.0229150461059735,-0.0009913369042588937,0.9987196178985062
lateral,59,102556.527242312,291.35400000000004,lh_upper_leg_link,-0.19272518761893465,0.14152669446563165,0.18461090158635002,-0.03773527835365855,0.509017347031824,-0.0246996812569491,0.8595739147589698
lateral,59,102556.527242312,291.35400000000004,lh_lower_leg_link,-0.3795134429836857,0.13306476051788094,0.08259353379215306,-0.0382967849372664,-0.5651776378895954,0.02381977644923938,0.8237355231765318
lateral,59,102556.527242312,291.35400000000004,lh_foot_link,-0.1807975986770933,0.12536096919594672,0.006293698793732427,-0.0382967849372664,-0.5651776378895954,0.02381977644923938,0.8237355231765318
lateral,59,102556.527242312,291.35400000000004,d435_link,0.33968408984117937,0.01789377870622113,0.2446425184758866,-0.003994592507163106,-0.0033424734824641818,7.458192853932775e-05,0.9999864326775921
lateral,59,102556.527242312,291.35400000000004,velodyne_base_link,0.19943197270668206,0.0006772764764796767,0.2823444506579985,-0.003994592507163106,-0.0033424734824641818,7.458192853932775e-05,0.9999864326775921
lateral,59,102556.527242312,291.35400000000004,gps_frame,-0.0004967016955706353,0.0005622176015409912,0.2710081411521098,-0.003994592507163106,-0.0033424734824641818,7.458192853932775e-05,0.9999864326775921
lateral,60,102556.629106018,291.454,trunk,-2.5590566740701214e-05,5.138242082903847e-07,0.1879593048637488,-0.009797362464802862,-0.010711145011973506,0.0004722564962021465,0.9998945244549885
lateral,60,102556.629106018,291.454,imu_link,-2.5590566740701214e-05,5.138242082903847e-07,0.1879593048637488,-0.009797362464802862,-0.010711145011973506,0.0004722564962021465,0.9998945244549885
lateral,60,102556.629106018,291.454,rf_hip_link,0.19329634412716032,-0.04615857474399653,0.1964857115965066,0.006508323415330569,-0.014257839211354659,0.0008212015542175999,0.9998768331026338
lateral,60,102556.629106018,291.454,rf_upper_leg_link,0.19347089807944912,-0.14165035550867336,0.19524501126659544,0.005172278995071617,0.4992219591792363,0.004034869969197334,0.866449307707943
lateral,60,102556.629106018,291.454,rf_lower_leg_link,0.009195485770479702,-0.14059931899482406,0.0884252203072143,0.005944006424943228,-0.5451448634463495,-0.002775145634272763,0.838316196439261
lateral,60,102556.629106018,291.454,rf_foot_link,0.20388611819879127,-0.13912105619463405,0.0020401962361540904,0.005944006424943228,-0.5451448634463495,-0.002775145634272763,0.838316196439261
lateral,60,102556.629106018,291.454,lf_hip_link,0.1932953810450719,0.04672210468266936,0.19177621180211246,-0.03452831138910976,-0.01427952826128686,0.0002354221837504109,0.9993016738511185
lateral,60,102556.629106018,291.454,lf_upper_leg_link,0.19334461897633015,0.14199438307787068,0.18518526763504628,-0.030374846953639775,0.4686868149520704,-0.01642036490248889,0.8826893053499038
lateral,60,102556.629106018,291.454,lf_lower_leg_link,0.016893883166438944,0.1338511613206137,0.06615659137776729,-0.02825095320432047,-0.5807148725391247,0.019853043948856404,0.8133744384358783
lateral,60,102556.629106018,291.454,lf_foot_link,0.21834907048953245,0.12897361241788546,-0.002843531936026822,-0.02825095320432047,-0.5807148725391247,0.019853043948856404,0.8133744384358783
lateral,60,102556.629106018,291.454,rh_hip_link,-0.19334587214532975,-0.04672199209585227,0.1854530710791737,-0.06831400320853687,-0.014279319244974118,-0.00024777584548071223,0.9975616455210448
lateral,60,102556.629106018,291.454,rh_upper_leg_link,-0.193579398131233,-0.14133062099024837,0.19846855433321955,-0.06010716134153792,0.45829908168573724,-0.03246526732845299,0.8861687690833865
lateral,60,102556.629106018,291.454,rh_lower_leg_link,-0.3674222143234754,-0.15768317924194566,0.07648384587771238,-0.05741720283330084,-0.5555260458660808,0.03701525693609569,0.8286880884489359
lateral,60,102556.629106018,291.454,rh_foot_link,-0.170404401136119,-0.1691928526681576,-0.003644231002329412,-0.05741720283330084,-0.5555260458660808,0.03701525693609569,0.8286880884489359
lateral,60,102556.629106018,291.454,lh_hip_link,-0.19334683522741816,0.04615868733081362,0.18074357128477955,0.0040010931158916746,-0.014259853565371898,0.0007854471743168266,0.9998900094024885
lateral,60,102556.629106018,291.454,lh_upper_leg_link,-0.1935077366422475,0.141655511827197,0.18150555674505134,0.0031436555501622486,0.4638212425590906,0.0025967485761259484,0.8859194259511164
lateral,60,102556.629106018,291.454,lh_lower_leg_link,-0.36855812825433903,0.1423288467324742,0.0601552085108632,0.003745899981978853,-0.5762691172833718,-0.0016105609925392145,0.8172498264252235
lateral,60,102556.629106018,291.454,lh_foot_link,-0.16792837202862534,0.143237598260168,-0.011370137258812196,0.003745899981978853,-0.5762691172833718,-0.0016105609925392145,0.8172498264252235
lateral,60,102556.629106018,291.454,d435_link,0.3389940727131125,0.018702282298663647,0.23637843089409866,-0.009797362464802862,-0.010711145011973506,0.0004722564962021465,0.9998945244549885
lateral,60,102556.629106018,291.454,velodyne_base_link,0.19821408603320334,0.0017979761940977348,0.2722077455055697,-0.009797362464802862,-0.010711145011973506,0.0004722564962021465,0.9998945244549885
lateral,60,102556.629106018,291.454,gps_frame,-0.0015256404630066462,0.0013712917186863866,0.257929804492326,-0.009797362464802862,-0.010711145011973506,0.0004722564962021465,0.9998945244549885
